symbol,effective_from,effective_to,screening_snapshot_date,membership_source,membership_confidence,source_id,source_note,is_exact_index_membership,is_shariah_screened_eligible
ABOT,2022-01-03,2022-07-15,2022-01-03,official_full_screening_table,high,review_2021_h1,"Directly parsed compliant rows from official PSX screening table; includes compliant defaulter rows because this artifact is a screening universe, not exact index membership.",False,True
ACPL,2022-01-03,2022-07-15,2022-01-03,official_full_screening_table,high,review_2021_h1,"Directly parsed compliant rows from official PSX screening table; includes compliant defaulter rows because this artifact is a screening universe, not exact index membership.",False,True
ADAMS,2022-01-03,2022-07-15,2022-01-03,official_full_screening_table,high,review_2021_h1,"Directly parsed compliant rows from official PSX screening table; includes compliant defaulter rows because this artifact is a screening universe, not exact index membership.",False,True
ADOS,2022-01-03,2022-07-15,2022-01-03,official_full_screening_table,high,review_2021_h1,"Directly parsed compliant rows from official PSX screening table; includes compliant defaulter rows because this artifact is a screening universe, not exact index membership.",False,True
AGHA,2022-01-03,2022-07-15,2022-01-03,official_full_screening_table,high,review_2021_h1,"Directly parsed compliant rows from official PSX screening table; includes compliant defaulter rows because this artifact is a screening universe, not exact index membership.",False,True
AGIL,2022-01-03,2022-07-15,2022-01-03,official_full_screening_table,high,review_2021_h1,"Directly parsed compliant rows from official PSX screening table; includes compliant defaulter rows because this artifact is a screening universe, not exact index membership.",False,True
AGP,2022-01-03,2022-07-15,2022-01-03,official_full_screening_table,high,review_2021_h1,"Directly parsed compliant rows from official PSX screening table; includes compliant defaulter rows because this artifact is a screening universe, not exact index membership.",False,True
AGSML,2022-01-03,2022-07-15,2022-01-03,official_full_screening_table,high,review_2021_h1,"Directly parsed compliant rows from official PSX screening table; includes compliant defaulter rows because this artifact is a screening universe, not exact index membership.",False,True
AGTL,2022-01-03,2022-07-15,2022-01-03,official_full_screening_table,high,review_2021_h1,"Directly parsed compliant rows from official PSX screening table; includes compliant defaulter rows because this artifact is a screening universe, not exact index membership.",False,True
AHTM,2022-01-03,2022-07-15,2022-01-03,official_full_screening_table,high,review_2021_h1,"Directly parsed compliant rows from official PSX screening table; includes compliant defaulter rows because this artifact is a screening universe, not exact index membership.",False,True
AKGL,2022-01-03,2022-07-15,2022-01-03,official_full_screening_table,high,review_2021_h1,"Directly parsed compliant rows from official PSX screening table; includes compliant defaulter rows because this artifact is a screening universe, not exact index membership.",False,True
ANL,2022-01-03,2022-07-15,2022-01-03,official_full_screening_table,high,review_2021_h1,"Directly parsed compliant rows from official PSX screening table; includes compliant defaulter rows because this artifact is a screening universe, not exact index membership.",False,True
ANTM,2022-01-03,2022-07-15,2022-01-03,official_full_screening_table,high,review_2021_h1,"Directly parsed compliant rows from official PSX screening table; includes compliant defaulter rows because this artifact is a screening universe, not exact index membership.",False,True
APL,2022-01-03,2022-07-15,2022-01-03,official_full_screening_table,high,review_2021_h1,"Directly parsed compliant rows from official PSX screening table; includes compliant defaulter rows because this artifact is a screening universe, not exact index membership.",False,True
ARM,2022-01-03,2022-07-15,2022-01-03,official_full_screening_table,high,review_2021_h1,"Directly parsed compliant rows from official PSX screening table; includes compliant defaulter rows because this artifact is a screening universe, not exact index membership.",False,True
ARPL,2022-01-03,2022-07-15,2022-01-03,official_full_screening_table,high,review_2021_h1,"Directly parsed compliant rows from official PSX screening table; includes compliant defaulter rows because this artifact is a screening universe, not exact index membership.",False,True
ASC,2022-01-03,2022-07-15,2022-01-03,official_full_screening_table,high,review_2021_h1,"Directly parsed compliant rows from official PSX screening table; includes compliant defaulter rows because this artifact is a screening universe, not exact index membership.",False,True
ASHT,2022-01-03,2022-07-15,2022-01-03,official_full_screening_table,high,review_2021_h1,"Directly parsed compliant rows from official PSX screening table; includes compliant defaulter rows because this artifact is a screening universe, not exact index membership.",False,True
ASL,2022-01-03,2022-07-15,2022-01-03,official_full_screening_table,high,review_2021_h1,"Directly parsed compliant rows from official PSX screening table; includes compliant defaulter rows because this artifact is a screening universe, not exact index membership.",False,True
ASTM,2022-01-03,2022-07-15,2022-01-03,official_full_screening_table,high,review_2021_h1,"Directly parsed compliant rows from official PSX screening table; includes compliant defaulter rows because this artifact is a screening universe, not exact index membership.",False,True
ATBA,2022-01-03,2022-07-15,2022-01-03,official_full_screening_table,high,review_2021_h1,"Directly parsed compliant rows from official PSX screening table; includes compliant defaulter rows because this artifact is a screening universe, not exact index membership.",False,True
ATLH,2022-01-03,2022-07-15,2022-01-03,official_full_screening_table,high,review_2021_h1,"Directly parsed compliant rows from official PSX screening table; includes compliant defaulter rows because this artifact is a screening universe, not exact index membership.",False,True
ATRL,2022-01-03,2022-07-15,2022-01-03,official_full_screening_table,high,review_2021_h1,"Directly parsed compliant rows from official PSX screening table; includes compliant defaulter rows because this artifact is a screening universe, not exact index membership.",False,True
AVN,2022-01-03,2022-07-15,2022-01-03,official_full_screening_table,high,review_2021_h1,"Directly parsed compliant rows from official PSX screening table; includes compliant defaulter rows because this artifact is a screening universe, not exact index membership.",False,True
AWTX,2022-01-03,2022-07-15,2022-01-03,official_full_screening_table,high,review_2021_h1,"Directly parsed compliant rows from official PSX screening table; includes compliant defaulter rows because this artifact is a screening universe, not exact index membership.",False,True
AWWAL,2022-01-03,2022-07-15,2022-01-03,official_full_screening_table,high,review_2021_h1,"Directly parsed compliant rows from official PSX screening table; includes compliant defaulter rows because this artifact is a screening universe, not exact index membership.",False,True
BATA,2022-01-03,2022-07-15,2022-01-03,official_full_screening_table,high,review_2021_h1,"Directly parsed compliant rows from official PSX screening table; includes compliant defaulter rows because this artifact is a screening universe, not exact index membership.",False,True
BCML,2022-01-03,2022-07-15,2022-01-03,official_full_screening_table,high,review_2021_h1,"Directly parsed compliant rows from official PSX screening table; includes compliant defaulter rows because this artifact is a screening universe, not exact index membership.",False,True
BERG,2022-01-03,2022-07-15,2022-01-03,official_full_screening_table,high,review_2021_h1,"Directly parsed compliant rows from official PSX screening table; includes compliant defaulter rows because this artifact is a screening universe, not exact index membership.",False,True
BFMOD,2022-01-03,2022-07-15,2022-01-03,official_full_screening_table,high,review_2021_h1,"Directly parsed compliant rows from official PSX screening table; includes compliant defaulter rows because this artifact is a screening universe, not exact index membership.",False,True
BGL,2022-01-03,2022-07-15,2022-01-03,official_full_screening_table,high,review_2021_h1,"Directly parsed compliant rows from official PSX screening table; includes compliant defaulter rows because this artifact is a screening universe, not exact index membership.",False,True
BHAT,2022-01-03,2022-07-15,2022-01-03,official_full_screening_table,high,review_2021_h1,"Directly parsed compliant rows from official PSX screening table; includes compliant defaulter rows because this artifact is a screening universe, not exact index membership.",False,True
BIFO,2022-01-03,2022-07-15,2022-01-03,official_full_screening_table,high,review_2021_h1,"Directly parsed compliant rows from official PSX screening table; includes compliant defaulter rows because this artifact is a screening universe, not exact index membership.",False,True
BIPL,2022-01-03,2022-07-15,2022-01-03,official_full_screening_table,high,review_2021_h1,"Directly parsed compliant rows from official PSX screening table; includes compliant defaulter rows because this artifact is a screening universe, not exact index membership.",False,True
BNL,2022-01-03,2022-07-15,2022-01-03,official_full_screening_table,high,review_2021_h1,"Directly parsed compliant rows from official PSX screening table; includes compliant defaulter rows because this artifact is a screening universe, not exact index membership.",False,True
BNWM,2022-01-03,2022-07-15,2022-01-03,official_full_screening_table,high,review_2021_h1,"Directly parsed compliant rows from official PSX screening table; includes compliant defaulter rows because this artifact is a screening universe, not exact index membership.",False,True
BPL,2022-01-03,2022-07-15,2022-01-03,official_full_screening_table,high,review_2021_h1,"Directly parsed compliant rows from official PSX screening table; includes compliant defaulter rows because this artifact is a screening universe, not exact index membership.",False,True
BRR,2022-01-03,2022-07-15,2022-01-03,official_full_screening_table,high,review_2021_h1,"Directly parsed compliant rows from official PSX screening table; includes compliant defaulter rows because this artifact is a screening universe, not exact index membership.",False,True
BTL,2022-01-03,2022-07-15,2022-01-03,official_full_screening_table,high,review_2021_h1,"Directly parsed compliant rows from official PSX screening table; includes compliant defaulter rows because this artifact is a screening universe, not exact index membership.",False,True
BUXL,2022-01-03,2022-07-15,2022-01-03,official_full_screening_table,high,review_2021_h1,"Directly parsed compliant rows from official PSX screening table; includes compliant defaulter rows because this artifact is a screening universe, not exact index membership.",False,True
BWCL,2022-01-03,2022-07-15,2022-01-03,official_full_screening_table,high,review_2021_h1,"Directly parsed compliant rows from official PSX screening table; includes compliant defaulter rows because this artifact is a screening universe, not exact index membership.",False,True
BWHL,2022-01-03,2022-07-15,2022-01-03,official_full_screening_table,high,review_2021_h1,"Directly parsed compliant rows from official PSX screening table; includes compliant defaulter rows because this artifact is a screening universe, not exact index membership.",False,True
BYCO,2022-01-03,2022-07-15,2022-01-03,official_full_screening_table,high,review_2021_h1,"Directly parsed compliant rows from official PSX screening table; includes compliant defaulter rows because this artifact is a screening universe, not exact index membership.",False,True
CCM,2022-01-03,2022-07-15,2022-01-03,official_full_screening_table,high,review_2021_h1,"Directly parsed compliant rows from official PSX screening table; includes compliant defaulter rows because this artifact is a screening universe, not exact index membership.",False,True
CEPB,2022-01-03,2022-07-15,2022-01-03,official_full_screening_table,high,review_2021_h1,"Directly parsed compliant rows from official PSX screening table; includes compliant defaulter rows because this artifact is a screening universe, not exact index membership.",False,True
CFL,2022-01-03,2022-07-15,2022-01-03,official_full_screening_table,high,review_2021_h1,"Directly parsed compliant rows from official PSX screening table; includes compliant defaulter rows because this artifact is a screening universe, not exact index membership.",False,True
CHCC,2022-01-03,2022-07-15,2022-01-03,official_full_screening_table,high,review_2021_h1,"Directly parsed compliant rows from official PSX screening table; includes compliant defaulter rows because this artifact is a screening universe, not exact index membership.",False,True
CLOV,2022-01-03,2022-07-15,2022-01-03,official_full_screening_table,high,review_2021_h1,"Directly parsed compliant rows from official PSX screening table; includes compliant defaulter rows because this artifact is a screening universe, not exact index membership.",False,True
CPPL,2022-01-03,2022-07-15,2022-01-03,official_full_screening_table,high,review_2021_h1,"Directly parsed compliant rows from official PSX screening table; includes compliant defaulter rows because this artifact is a screening universe, not exact index membership.",False,True
DAAG,2022-01-03,2022-07-15,2022-01-03,official_full_screening_table,high,review_2021_h1,"Directly parsed compliant rows from official PSX screening table; includes compliant defaulter rows because this artifact is a screening universe, not exact index membership.",False,True
DADX,2022-01-03,2022-07-15,2022-01-03,official_full_screening_table,high,review_2021_h1,"Directly parsed compliant rows from official PSX screening table; includes compliant defaulter rows because this artifact is a screening universe, not exact index membership.",False,True
DAWH,2022-01-03,2022-07-15,2022-01-03,official_full_screening_table,high,review_2021_h1,"Directly parsed compliant rows from official PSX screening table; includes compliant defaulter rows because this artifact is a screening universe, not exact index membership.",False,True
DCL,2022-01-03,2022-07-15,2022-01-03,official_full_screening_table,high,review_2021_h1,"Directly parsed compliant rows from official PSX screening table; includes compliant defaulter rows because this artifact is a screening universe, not exact index membership.",False,True
DCR,2022-01-03,2022-07-15,2022-01-03,official_full_screening_table,high,review_2021_h1,"Directly parsed compliant rows from official PSX screening table; includes compliant defaulter rows because this artifact is a screening universe, not exact index membership.",False,True
DFSM,2022-01-03,2022-07-15,2022-01-03,official_full_screening_table,high,review_2021_h1,"Directly parsed compliant rows from official PSX screening table; includes compliant defaulter rows because this artifact is a screening universe, not exact index membership.",False,True
DGKC,2022-01-03,2022-07-15,2022-01-03,official_full_screening_table,high,review_2021_h1,"Directly parsed compliant rows from official PSX screening table; includes compliant defaulter rows because this artifact is a screening universe, not exact index membership.",False,True
DINT,2022-01-03,2022-07-15,2022-01-03,official_full_screening_table,high,review_2021_h1,"Directly parsed compliant rows from official PSX screening table; includes compliant defaulter rows because this artifact is a screening universe, not exact index membership.",False,True
DMTX,2022-01-03,2022-07-15,2022-01-03,official_full_screening_table,high,review_2021_h1,"Directly parsed compliant rows from official PSX screening table; includes compliant defaulter rows because this artifact is a screening universe, not exact index membership.",False,True
DOL,2022-01-03,2022-07-15,2022-01-03,official_full_screening_table,high,review_2021_h1,"Directly parsed compliant rows from official PSX screening table; includes compliant defaulter rows because this artifact is a screening universe, not exact index membership.",False,True
DSIL,2022-01-03,2022-07-15,2022-01-03,official_full_screening_table,high,review_2021_h1,"Directly parsed compliant rows from official PSX screening table; includes compliant defaulter rows because this artifact is a screening universe, not exact index membership.",False,True
DYNO,2022-01-03,2022-07-15,2022-01-03,official_full_screening_table,high,review_2021_h1,"Directly parsed compliant rows from official PSX screening table; includes compliant defaulter rows because this artifact is a screening universe, not exact index membership.",False,True
EFERT,2022-01-03,2022-07-15,2022-01-03,official_full_screening_table,high,review_2021_h1,"Directly parsed compliant rows from official PSX screening table; includes compliant defaulter rows because this artifact is a screening universe, not exact index membership.",False,True
ELCM,2022-01-03,2022-07-15,2022-01-03,official_full_screening_table,high,review_2021_h1,"Directly parsed compliant rows from official PSX screening table; includes compliant defaulter rows because this artifact is a screening universe, not exact index membership.",False,True
EMCO,2022-01-03,2022-07-15,2022-01-03,official_full_screening_table,high,review_2021_h1,"Directly parsed compliant rows from official PSX screening table; includes compliant defaulter rows because this artifact is a screening universe, not exact index membership.",False,True
ENGRO,2022-01-03,2022-07-15,2022-01-03,official_full_screening_table,high,review_2021_h1,"Directly parsed compliant rows from official PSX screening table; includes compliant defaulter rows because this artifact is a screening universe, not exact index membership.",False,True
EPCL,2022-01-03,2022-07-15,2022-01-03,official_full_screening_table,high,review_2021_h1,"Directly parsed compliant rows from official PSX screening table; includes compliant defaulter rows because this artifact is a screening universe, not exact index membership.",False,True
EXIDE,2022-01-03,2022-07-15,2022-01-03,official_full_screening_table,high,review_2021_h1,"Directly parsed compliant rows from official PSX screening table; includes compliant defaulter rows because this artifact is a screening universe, not exact index membership.",False,True
FANM,2022-01-03,2022-07-15,2022-01-03,official_full_screening_table,high,review_2021_h1,"Directly parsed compliant rows from official PSX screening table; includes compliant defaulter rows because this artifact is a screening universe, not exact index membership.",False,True
FATIMA,2022-01-03,2022-07-15,2022-01-03,official_full_screening_table,high,review_2021_h1,"Directly parsed compliant rows from official PSX screening table; includes compliant defaulter rows because this artifact is a screening universe, not exact index membership.",False,True
FCCL,2022-01-03,2022-07-15,2022-01-03,official_full_screening_table,high,review_2021_h1,"Directly parsed compliant rows from official PSX screening table; includes compliant defaulter rows because this artifact is a screening universe, not exact index membership.",False,True
FCEPL,2022-01-03,2022-07-15,2022-01-03,official_full_screening_table,high,review_2021_h1,"Directly parsed compliant rows from official PSX screening table; includes compliant defaulter rows because this artifact is a screening universe, not exact index membership.",False,True
FECM,2022-01-03,2022-07-15,2022-01-03,official_full_screening_table,high,review_2021_h1,"Directly parsed compliant rows from official PSX screening table; includes compliant defaulter rows because this artifact is a screening universe, not exact index membership.",False,True
FECTC,2022-01-03,2022-07-15,2022-01-03,official_full_screening_table,high,review_2021_h1,"Directly parsed compliant rows from official PSX screening table; includes compliant defaulter rows because this artifact is a screening universe, not exact index membership.",False,True
FEM,2022-01-03,2022-07-15,2022-01-03,official_full_screening_table,high,review_2021_h1,"Directly parsed compliant rows from official PSX screening table; includes compliant defaulter rows because this artifact is a screening universe, not exact index membership.",False,True
FEROZ,2022-01-03,2022-07-15,2022-01-03,official_full_screening_table,high,review_2021_h1,"Directly parsed compliant rows from official PSX screening table; includes compliant defaulter rows because this artifact is a screening universe, not exact index membership.",False,True
FFLM,2022-01-03,2022-07-15,2022-01-03,official_full_screening_table,high,review_2021_h1,"Directly parsed compliant rows from official PSX screening table; includes compliant defaulter rows because this artifact is a screening universe, not exact index membership.",False,True
FHAM,2022-01-03,2022-07-15,2022-01-03,official_full_screening_table,high,review_2021_h1,"Directly parsed compliant rows from official PSX screening table; includes compliant defaulter rows because this artifact is a screening universe, not exact index membership.",False,True
FIMM,2022-01-03,2022-07-15,2022-01-03,official_full_screening_table,high,review_2021_h1,"Directly parsed compliant rows from official PSX screening table; includes compliant defaulter rows because this artifact is a screening universe, not exact index membership.",False,True
FLYNG,2022-01-03,2022-07-15,2022-01-03,official_full_screening_table,high,review_2021_h1,"Directly parsed compliant rows from official PSX screening table; includes compliant defaulter rows because this artifact is a screening universe, not exact index membership.",False,True
FML,2022-01-03,2022-07-15,2022-01-03,official_full_screening_table,high,review_2021_h1,"Directly parsed compliant rows from official PSX screening table; includes compliant defaulter rows because this artifact is a screening universe, not exact index membership.",False,True
FPJM,2022-01-03,2022-07-15,2022-01-03,official_full_screening_table,high,review_2021_h1,"Directly parsed compliant rows from official PSX screening table; includes compliant defaulter rows because this artifact is a screening universe, not exact index membership.",False,True
FPRM,2022-01-03,2022-07-15,2022-01-03,official_full_screening_table,high,review_2021_h1,"Directly parsed compliant rows from official PSX screening table; includes compliant defaulter rows because this artifact is a screening universe, not exact index membership.",False,True
FRCL,2022-01-03,2022-07-15,2022-01-03,official_full_screening_table,high,review_2021_h1,"Directly parsed compliant rows from official PSX screening table; includes compliant defaulter rows because this artifact is a screening universe, not exact index membership.",False,True
FRSM,2022-01-03,2022-07-15,2022-01-03,official_full_screening_table,high,review_2021_h1,"Directly parsed compliant rows from official PSX screening table; includes compliant defaulter rows because this artifact is a screening universe, not exact index membership.",False,True
FTMM,2022-01-03,2022-07-15,2022-01-03,official_full_screening_table,high,review_2021_h1,"Directly parsed compliant rows from official PSX screening table; includes compliant defaulter rows because this artifact is a screening universe, not exact index membership.",False,True
FTSM,2022-01-03,2022-07-15,2022-01-03,official_full_screening_table,high,review_2021_h1,"Directly parsed compliant rows from official PSX screening table; includes compliant defaulter rows because this artifact is a screening universe, not exact index membership.",False,True
FUDLM,2022-01-03,2022-07-15,2022-01-03,official_full_screening_table,high,review_2021_h1,"Directly parsed compliant rows from official PSX screening table; includes compliant defaulter rows because this artifact is a screening universe, not exact index membership.",False,True
FZCM,2022-01-03,2022-07-15,2022-01-03,official_full_screening_table,high,review_2021_h1,"Directly parsed compliant rows from official PSX screening table; includes compliant defaulter rows because this artifact is a screening universe, not exact index membership.",False,True
GADT,2022-01-03,2022-07-15,2022-01-03,official_full_screening_table,high,review_2021_h1,"Directly parsed compliant rows from official PSX screening table; includes compliant defaulter rows because this artifact is a screening universe, not exact index membership.",False,True
GAIL,2022-01-03,2022-07-15,2022-01-03,official_full_screening_table,high,review_2021_h1,"Directly parsed compliant rows from official PSX screening table; includes compliant defaulter rows because this artifact is a screening universe, not exact index membership.",False,True
GAMON,2022-01-03,2022-07-15,2022-01-03,official_full_screening_table,high,review_2021_h1,"Directly parsed compliant rows from official PSX screening table; includes compliant defaulter rows because this artifact is a screening universe, not exact index membership.",False,True
GATI,2022-01-03,2022-07-15,2022-01-03,official_full_screening_table,high,review_2021_h1,"Directly parsed compliant rows from official PSX screening table; includes compliant defaulter rows because this artifact is a screening universe, not exact index membership.",False,True
GFIL,2022-01-03,2022-07-15,2022-01-03,official_full_screening_table,high,review_2021_h1,"Directly parsed compliant rows from official PSX screening table; includes compliant defaulter rows because this artifact is a screening universe, not exact index membership.",False,True
GGGL,2022-01-03,2022-07-15,2022-01-03,official_full_screening_table,high,review_2021_h1,"Directly parsed compliant rows from official PSX screening table; includes compliant defaulter rows because this artifact is a screening universe, not exact index membership.",False,True
GGL,2022-01-03,2022-07-15,2022-01-03,official_full_screening_table,high,review_2021_h1,"Directly parsed compliant rows from official PSX screening table; includes compliant defaulter rows because this artifact is a screening universe, not exact index membership.",False,True
GHGL,2022-01-03,2022-07-15,2022-01-03,official_full_screening_table,high,review_2021_h1,"Directly parsed compliant rows from official PSX screening table; includes compliant defaulter rows because this artifact is a screening universe, not exact index membership.",False,True
GHNI,2022-01-03,2022-07-15,2022-01-03,official_full_screening_table,high,review_2021_h1,"Directly parsed compliant rows from official PSX screening table; includes compliant defaulter rows because this artifact is a screening universe, not exact index membership.",False,True
GHNL,2022-01-03,2022-07-15,2022-01-03,official_full_screening_table,high,review_2021_h1,"Directly parsed compliant rows from official PSX screening table; includes compliant defaulter rows because this artifact is a screening universe, not exact index membership.",False,True
GIL,2022-01-03,2022-07-15,2022-01-03,official_full_screening_table,high,review_2021_h1,"Directly parsed compliant rows from official PSX screening table; includes compliant defaulter rows because this artifact is a screening universe, not exact index membership.",False,True
GLAXO,2022-01-03,2022-07-15,2022-01-03,official_full_screening_table,high,review_2021_h1,"Directly parsed compliant rows from official PSX screening table; includes compliant defaulter rows because this artifact is a screening universe, not exact index membership.",False,True
GLPL,2022-01-03,2022-07-15,2022-01-03,official_full_screening_table,high,review_2021_h1,"Directly parsed compliant rows from official PSX screening table; includes compliant defaulter rows because this artifact is a screening universe, not exact index membership.",False,True
GOC,2022-01-03,2022-07-15,2022-01-03,official_full_screening_table,high,review_2021_h1,"Directly parsed compliant rows from official PSX screening table; includes compliant defaulter rows because this artifact is a screening universe, not exact index membership.",False,True
GSKCH,2022-01-03,2022-07-15,2022-01-03,official_full_screening_table,high,review_2021_h1,"Directly parsed compliant rows from official PSX screening table; includes compliant defaulter rows because this artifact is a screening universe, not exact index membership.",False,True
GVGL,2022-01-03,2022-07-15,2022-01-03,official_full_screening_table,high,review_2021_h1,"Directly parsed compliant rows from official PSX screening table; includes compliant defaulter rows because this artifact is a screening universe, not exact index membership.",False,True
GWLC,2022-01-03,2022-07-15,2022-01-03,official_full_screening_table,high,review_2021_h1,"Directly parsed compliant rows from official PSX screening table; includes compliant defaulter rows because this artifact is a screening universe, not exact index membership.",False,True
HABSM,2022-01-03,2022-07-15,2022-01-03,official_full_screening_table,high,review_2021_h1,"Directly parsed compliant rows from official PSX screening table; includes compliant defaulter rows because this artifact is a screening universe, not exact index membership.",False,True
HAFL,2022-01-03,2022-07-15,2022-01-03,official_full_screening_table,high,review_2021_h1,"Directly parsed compliant rows from official PSX screening table; includes compliant defaulter rows because this artifact is a screening universe, not exact index membership.",False,True
HCAR,2022-01-03,2022-07-15,2022-01-03,official_full_screening_table,high,review_2021_h1,"Directly parsed compliant rows from official PSX screening table; includes compliant defaulter rows because this artifact is a screening universe, not exact index membership.",False,True
HINO,2022-01-03,2022-07-15,2022-01-03,official_full_screening_table,high,review_2021_h1,"Directly parsed compliant rows from official PSX screening table; includes compliant defaulter rows because this artifact is a screening universe, not exact index membership.",False,True
HINOON,2022-01-03,2022-07-15,2022-01-03,official_full_screening_table,high,review_2021_h1,"Directly parsed compliant rows from official PSX screening table; includes compliant defaulter rows because this artifact is a screening universe, not exact index membership.",False,True
HMM,2022-01-03,2022-07-15,2022-01-03,official_full_screening_table,high,review_2021_h1,"Directly parsed compliant rows from official PSX screening table; includes compliant defaulter rows because this artifact is a screening universe, not exact index membership.",False,True
HRPL,2022-01-03,2022-07-15,2022-01-03,official_full_screening_table,high,review_2021_h1,"Directly parsed compliant rows from official PSX screening table; includes compliant defaulter rows because this artifact is a screening universe, not exact index membership.",False,True
HSM,2022-01-03,2022-07-15,2022-01-03,official_full_screening_table,high,review_2021_h1,"Directly parsed compliant rows from official PSX screening table; includes compliant defaulter rows because this artifact is a screening universe, not exact index membership.",False,True
HTL,2022-01-03,2022-07-15,2022-01-03,official_full_screening_table,high,review_2021_h1,"Directly parsed compliant rows from official PSX screening table; includes compliant defaulter rows because this artifact is a screening universe, not exact index membership.",False,True
HUBC,2022-01-03,2022-07-15,2022-01-03,official_full_screening_table,high,review_2021_h1,"Directly parsed compliant rows from official PSX screening table; includes compliant defaulter rows because this artifact is a screening universe, not exact index membership.",False,True
IBFL,2022-01-03,2022-07-15,2022-01-03,official_full_screening_table,high,review_2021_h1,"Directly parsed compliant rows from official PSX screening table; includes compliant defaulter rows because this artifact is a screening universe, not exact index membership.",False,True
IBLHL,2022-01-03,2022-07-15,2022-01-03,official_full_screening_table,high,review_2021_h1,"Directly parsed compliant rows from official PSX screening table; includes compliant defaulter rows because this artifact is a screening universe, not exact index membership.",False,True
ICI,2022-01-03,2022-07-15,2022-01-03,official_full_screening_table,high,review_2021_h1,"Directly parsed compliant rows from official PSX screening table; includes compliant defaulter rows because this artifact is a screening universe, not exact index membership.",False,True
ICL,2022-01-03,2022-07-15,2022-01-03,official_full_screening_table,high,review_2021_h1,"Directly parsed compliant rows from official PSX screening table; includes compliant defaulter rows because this artifact is a screening universe, not exact index membership.",False,True
IDRT,2022-01-03,2022-07-15,2022-01-03,official_full_screening_table,high,review_2021_h1,"Directly parsed compliant rows from official PSX screening table; includes compliant defaulter rows because this artifact is a screening universe, not exact index membership.",False,True
IDSM,2022-01-03,2022-07-15,2022-01-03,official_full_screening_table,high,review_2021_h1,"Directly parsed compliant rows from official PSX screening table; includes compliant defaulter rows because this artifact is a screening universe, not exact index membership.",False,True
ILP,2022-01-03,2022-07-15,2022-01-03,official_full_screening_table,high,review_2021_h1,"Directly parsed compliant rows from official PSX screening table; includes compliant defaulter rows because this artifact is a screening universe, not exact index membership.",False,True
IMAGE,2022-01-03,2022-07-15,2022-01-03,official_full_screening_table,high,review_2021_h1,"Directly parsed compliant rows from official PSX screening table; includes compliant defaulter rows because this artifact is a screening universe, not exact index membership.",False,True
INIL,2022-01-03,2022-07-15,2022-01-03,official_full_screening_table,high,review_2021_h1,"Directly parsed compliant rows from official PSX screening table; includes compliant defaulter rows because this artifact is a screening universe, not exact index membership.",False,True
INKL,2022-01-03,2022-07-15,2022-01-03,official_full_screening_table,high,review_2021_h1,"Directly parsed compliant rows from official PSX screening table; includes compliant defaulter rows because this artifact is a screening universe, not exact index membership.",False,True
ISL,2022-01-03,2022-07-15,2022-01-03,official_full_screening_table,high,review_2021_h1,"Directly parsed compliant rows from official PSX screening table; includes compliant defaulter rows because this artifact is a screening universe, not exact index membership.",False,True
ITTEFAQ,2022-01-03,2022-07-15,2022-01-03,official_full_screening_table,high,review_2021_h1,"Directly parsed compliant rows from official PSX screening table; includes compliant defaulter rows because this artifact is a screening universe, not exact index membership.",False,True
JATM,2022-01-03,2022-07-15,2022-01-03,official_full_screening_table,high,review_2021_h1,"Directly parsed compliant rows from official PSX screening table; includes compliant defaulter rows because this artifact is a screening universe, not exact index membership.",False,True
JDMT,2022-01-03,2022-07-15,2022-01-03,official_full_screening_table,high,review_2021_h1,"Directly parsed compliant rows from official PSX screening table; includes compliant defaulter rows because this artifact is a screening universe, not exact index membership.",False,True
JKSM,2022-01-03,2022-07-15,2022-01-03,official_full_screening_table,high,review_2021_h1,"Directly parsed compliant rows from official PSX screening table; includes compliant defaulter rows because this artifact is a screening universe, not exact index membership.",False,True
JSML,2022-01-03,2022-07-15,2022-01-03,official_full_screening_table,high,review_2021_h1,"Directly parsed compliant rows from official PSX screening table; includes compliant defaulter rows because this artifact is a screening universe, not exact index membership.",False,True
JUBS,2022-01-03,2022-07-15,2022-01-03,official_full_screening_table,high,review_2021_h1,"Directly parsed compliant rows from official PSX screening table; includes compliant defaulter rows because this artifact is a screening universe, not exact index membership.",False,True
JVDC,2022-01-03,2022-07-15,2022-01-03,official_full_screening_table,high,review_2021_h1,"Directly parsed compliant rows from official PSX screening table; includes compliant defaulter rows because this artifact is a screening universe, not exact index membership.",False,True
KASBM,2022-01-03,2022-07-15,2022-01-03,official_full_screening_table,high,review_2021_h1,"Directly parsed compliant rows from official PSX screening table; includes compliant defaulter rows because this artifact is a screening universe, not exact index membership.",False,True
KEL,2022-01-03,2022-07-15,2022-01-03,official_full_screening_table,high,review_2021_h1,"Directly parsed compliant rows from official PSX screening table; includes compliant defaulter rows because this artifact is a screening universe, not exact index membership.",False,True
KHSM,2022-01-03,2022-07-15,2022-01-03,official_full_screening_table,high,review_2021_h1,"Directly parsed compliant rows from official PSX screening table; includes compliant defaulter rows because this artifact is a screening universe, not exact index membership.",False,True
KHYT,2022-01-03,2022-07-15,2022-01-03,official_full_screening_table,high,review_2021_h1,"Directly parsed compliant rows from official PSX screening table; includes compliant defaulter rows because this artifact is a screening universe, not exact index membership.",False,True
KOHC,2022-01-03,2022-07-15,2022-01-03,official_full_screening_table,high,review_2021_h1,"Directly parsed compliant rows from official PSX screening table; includes compliant defaulter rows because this artifact is a screening universe, not exact index membership.",False,True
KOHE,2022-01-03,2022-07-15,2022-01-03,official_full_screening_table,high,review_2021_h1,"Directly parsed compliant rows from official PSX screening table; includes compliant defaulter rows because this artifact is a screening universe, not exact index membership.",False,True
KOHTM,2022-01-03,2022-07-15,2022-01-03,official_full_screening_table,high,review_2021_h1,"Directly parsed compliant rows from official PSX screening table; includes compliant defaulter rows because this artifact is a screening universe, not exact index membership.",False,True
KOIL,2022-01-03,2022-07-15,2022-01-03,official_full_screening_table,high,review_2021_h1,"Directly parsed compliant rows from official PSX screening table; includes compliant defaulter rows because this artifact is a screening universe, not exact index membership.",False,True
KSBP,2022-01-03,2022-07-15,2022-01-03,official_full_screening_table,high,review_2021_h1,"Directly parsed compliant rows from official PSX screening table; includes compliant defaulter rows because this artifact is a screening universe, not exact index membership.",False,True
KTML,2022-01-03,2022-07-15,2022-01-03,official_full_screening_table,high,review_2021_h1,"Directly parsed compliant rows from official PSX screening table; includes compliant defaulter rows because this artifact is a screening universe, not exact index membership.",False,True
LEUL,2022-01-03,2022-07-15,2022-01-03,official_full_screening_table,high,review_2021_h1,"Directly parsed compliant rows from official PSX screening table; includes compliant defaulter rows because this artifact is a screening universe, not exact index membership.",False,True
LMSM,2022-01-03,2022-07-15,2022-01-03,official_full_screening_table,high,review_2021_h1,"Directly parsed compliant rows from official PSX screening table; includes compliant defaulter rows because this artifact is a screening universe, not exact index membership.",False,True
LPGL,2022-01-03,2022-07-15,2022-01-03,official_full_screening_table,high,review_2021_h1,"Directly parsed compliant rows from official PSX screening table; includes compliant defaulter rows because this artifact is a screening universe, not exact index membership.",False,True
LUCK,2022-01-03,2022-07-15,2022-01-03,official_full_screening_table,high,review_2021_h1,"Directly parsed compliant rows from official PSX screening table; includes compliant defaulter rows because this artifact is a screening universe, not exact index membership.",False,True
MACFL,2022-01-03,2022-07-15,2022-01-03,official_full_screening_table,high,review_2021_h1,"Directly parsed compliant rows from official PSX screening table; includes compliant defaulter rows because this artifact is a screening universe, not exact index membership.",False,True
MACTER,2022-01-03,2022-07-15,2022-01-03,official_full_screening_table,high,review_2021_h1,"Directly parsed compliant rows from official PSX screening table; includes compliant defaulter rows because this artifact is a screening universe, not exact index membership.",False,True
MARI,2022-01-03,2022-07-15,2022-01-03,official_full_screening_table,high,review_2021_h1,"Directly parsed compliant rows from official PSX screening table; includes compliant defaulter rows because this artifact is a screening universe, not exact index membership.",False,True
MEBL,2022-01-03,2022-07-15,2022-01-03,official_full_screening_table,high,review_2021_h1,"Directly parsed compliant rows from official PSX screening table; includes compliant defaulter rows because this artifact is a screening universe, not exact index membership.",False,True
MFFL,2022-01-03,2022-07-15,2022-01-03,official_full_screening_table,high,review_2021_h1,"Directly parsed compliant rows from official PSX screening table; includes compliant defaulter rows because this artifact is a screening universe, not exact index membership.",False,True
MLCF,2022-01-03,2022-07-15,2022-01-03,official_full_screening_table,high,review_2021_h1,"Directly parsed compliant rows from official PSX screening table; includes compliant defaulter rows because this artifact is a screening universe, not exact index membership.",False,True
MODAM,2022-01-03,2022-07-15,2022-01-03,official_full_screening_table,high,review_2021_h1,"Directly parsed compliant rows from official PSX screening table; includes compliant defaulter rows because this artifact is a screening universe, not exact index membership.",False,True
MQTM,2022-01-03,2022-07-15,2022-01-03,official_full_screening_table,high,review_2021_h1,"Directly parsed compliant rows from official PSX screening table; includes compliant defaulter rows because this artifact is a screening universe, not exact index membership.",False,True
MSCL,2022-01-03,2022-07-15,2022-01-03,official_full_screening_table,high,review_2021_h1,"Directly parsed compliant rows from official PSX screening table; includes compliant defaulter rows because this artifact is a screening universe, not exact index membership.",False,True
MTIL,2022-01-03,2022-07-15,2022-01-03,official_full_screening_table,high,review_2021_h1,"Directly parsed compliant rows from official PSX screening table; includes compliant defaulter rows because this artifact is a screening universe, not exact index membership.",False,True
MTL,2022-01-03,2022-07-15,2022-01-03,official_full_screening_table,high,review_2021_h1,"Directly parsed compliant rows from official PSX screening table; includes compliant defaulter rows because this artifact is a screening universe, not exact index membership.",False,True
MUGHAL,2022-01-03,2022-07-15,2022-01-03,official_full_screening_table,high,review_2021_h1,"Directly parsed compliant rows from official PSX screening table; includes compliant defaulter rows because this artifact is a screening universe, not exact index membership.",False,True
NATF,2022-01-03,2022-07-15,2022-01-03,official_full_screening_table,high,review_2021_h1,"Directly parsed compliant rows from official PSX screening table; includes compliant defaulter rows because this artifact is a screening universe, not exact index membership.",False,True
NATM,2022-01-03,2022-07-15,2022-01-03,official_full_screening_table,high,review_2021_h1,"Directly parsed compliant rows from official PSX screening table; includes compliant defaulter rows because this artifact is a screening universe, not exact index membership.",False,True
NCML,2022-01-03,2022-07-15,2022-01-03,official_full_screening_table,high,review_2021_h1,"Directly parsed compliant rows from official PSX screening table; includes compliant defaulter rows because this artifact is a screening universe, not exact index membership.",False,True
NETSOL,2022-01-03,2022-07-15,2022-01-03,official_full_screening_table,high,review_2021_h1,"Directly parsed compliant rows from official PSX screening table; includes compliant defaulter rows because this artifact is a screening universe, not exact index membership.",False,True
NML,2022-01-03,2022-07-15,2022-01-03,official_full_screening_table,high,review_2021_h1,"Directly parsed compliant rows from official PSX screening table; includes compliant defaulter rows because this artifact is a screening universe, not exact index membership.",False,True
NRL,2022-01-03,2022-07-15,2022-01-03,official_full_screening_table,high,review_2021_h1,"Directly parsed compliant rows from official PSX screening table; includes compliant defaulter rows because this artifact is a screening universe, not exact index membership.",False,True
NRSL,2022-01-03,2022-07-15,2022-01-03,official_full_screening_table,high,review_2021_h1,"Directly parsed compliant rows from official PSX screening table; includes compliant defaulter rows because this artifact is a screening universe, not exact index membership.",False,True
NSRM,2022-01-03,2022-07-15,2022-01-03,official_full_screening_table,high,review_2021_h1,"Directly parsed compliant rows from official PSX screening table; includes compliant defaulter rows because this artifact is a screening universe, not exact index membership.",False,True
OGDC,2022-01-03,2022-07-15,2022-01-03,official_full_screening_table,high,review_2021_h1,"Directly parsed compliant rows from official PSX screening table; includes compliant defaulter rows because this artifact is a screening universe, not exact index membership.",False,True
ORIXM,2022-01-03,2022-07-15,2022-01-03,official_full_screening_table,high,review_2021_h1,"Directly parsed compliant rows from official PSX screening table; includes compliant defaulter rows because this artifact is a screening universe, not exact index membership.",False,True
ORM,2022-01-03,2022-07-15,2022-01-03,official_full_screening_table,high,review_2021_h1,"Directly parsed compliant rows from official PSX screening table; includes compliant defaulter rows because this artifact is a screening universe, not exact index membership.",False,True
OTSU,2022-01-03,2022-07-15,2022-01-03,official_full_screening_table,high,review_2021_h1,"Directly parsed compliant rows from official PSX screening table; includes compliant defaulter rows because this artifact is a screening universe, not exact index membership.",False,True
PAEL,2022-01-03,2022-07-15,2022-01-03,official_full_screening_table,high,review_2021_h1,"Directly parsed compliant rows from official PSX screening table; includes compliant defaulter rows because this artifact is a screening universe, not exact index membership.",False,True
PAKMI,2022-01-03,2022-07-15,2022-01-03,official_full_screening_table,high,review_2021_h1,"Directly parsed compliant rows from official PSX screening table; includes compliant defaulter rows because this artifact is a screening universe, not exact index membership.",False,True
PAKOXY,2022-01-03,2022-07-15,2022-01-03,official_full_screening_table,high,review_2021_h1,"Directly parsed compliant rows from official PSX screening table; includes compliant defaulter rows because this artifact is a screening universe, not exact index membership.",False,True
PCAL,2022-01-03,2022-07-15,2022-01-03,official_full_screening_table,high,review_2021_h1,"Directly parsed compliant rows from official PSX screening table; includes compliant defaulter rows because this artifact is a screening universe, not exact index membership.",False,True
PHDL,2022-01-03,2022-07-15,2022-01-03,official_full_screening_table,high,review_2021_h1,"Directly parsed compliant rows from official PSX screening table; includes compliant defaulter rows because this artifact is a screening universe, not exact index membership.",False,True
PIBTL,2022-01-03,2022-07-15,2022-01-03,official_full_screening_table,high,review_2021_h1,"Directly parsed compliant rows from official PSX screening table; includes compliant defaulter rows because this artifact is a screening universe, not exact index membership.",False,True
PICT,2022-01-03,2022-07-15,2022-01-03,official_full_screening_table,high,review_2021_h1,"Directly parsed compliant rows from official PSX screening table; includes compliant defaulter rows because this artifact is a screening universe, not exact index membership.",False,True
PIM,2022-01-03,2022-07-15,2022-01-03,official_full_screening_table,high,review_2021_h1,"Directly parsed compliant rows from official PSX screening table; includes compliant defaulter rows because this artifact is a screening universe, not exact index membership.",False,True
PIOC,2022-01-03,2022-07-15,2022-01-03,official_full_screening_table,high,review_2021_h1,"Directly parsed compliant rows from official PSX screening table; includes compliant defaulter rows because this artifact is a screening universe, not exact index membership.",False,True
PKGS,2022-01-03,2022-07-15,2022-01-03,official_full_screening_table,high,review_2021_h1,"Directly parsed compliant rows from official PSX screening table; includes compliant defaulter rows because this artifact is a screening universe, not exact index membership.",False,True
PMI,2022-01-03,2022-07-15,2022-01-03,official_full_screening_table,high,review_2021_h1,"Directly parsed compliant rows from official PSX screening table; includes compliant defaulter rows because this artifact is a screening universe, not exact index membership.",False,True
PNSC,2022-01-03,2022-07-15,2022-01-03,official_full_screening_table,high,review_2021_h1,"Directly parsed compliant rows from official PSX screening table; includes compliant defaulter rows because this artifact is a screening universe, not exact index membership.",False,True
POL,2022-01-03,2022-07-15,2022-01-03,official_full_screening_table,high,review_2021_h1,"Directly parsed compliant rows from official PSX screening table; includes compliant defaulter rows because this artifact is a screening universe, not exact index membership.",False,True
POML,2022-01-03,2022-07-15,2022-01-03,official_full_screening_table,high,review_2021_h1,"Directly parsed compliant rows from official PSX screening table; includes compliant defaulter rows because this artifact is a screening universe, not exact index membership.",False,True
POWER,2022-01-03,2022-07-15,2022-01-03,official_full_screening_table,high,review_2021_h1,"Directly parsed compliant rows from official PSX screening table; includes compliant defaulter rows because this artifact is a screening universe, not exact index membership.",False,True
PPL,2022-01-03,2022-07-15,2022-01-03,official_full_screening_table,high,review_2021_h1,"Directly parsed compliant rows from official PSX screening table; includes compliant defaulter rows because this artifact is a screening universe, not exact index membership.",False,True
PPP,2022-01-03,2022-07-15,2022-01-03,official_full_screening_table,high,review_2021_h1,"Directly parsed compliant rows from official PSX screening table; includes compliant defaulter rows because this artifact is a screening universe, not exact index membership.",False,True
PREMA,2022-01-03,2022-07-15,2022-01-03,official_full_screening_table,high,review_2021_h1,"Directly parsed compliant rows from official PSX screening table; includes compliant defaulter rows because this artifact is a screening universe, not exact index membership.",False,True
PSEL,2022-01-03,2022-07-15,2022-01-03,official_full_screening_table,high,review_2021_h1,"Directly parsed compliant rows from official PSX screening table; includes compliant defaulter rows because this artifact is a screening universe, not exact index membership.",False,True
PSMC,2022-01-03,2022-07-15,2022-01-03,official_full_screening_table,high,review_2021_h1,"Directly parsed compliant rows from official PSX screening table; includes compliant defaulter rows because this artifact is a screening universe, not exact index membership.",False,True
PSO,2022-01-03,2022-07-15,2022-01-03,official_full_screening_table,high,review_2021_h1,"Directly parsed compliant rows from official PSX screening table; includes compliant defaulter rows because this artifact is a screening universe, not exact index membership.",False,True
PSYL,2022-01-03,2022-07-15,2022-01-03,official_full_screening_table,high,review_2021_h1,"Directly parsed compliant rows from official PSX screening table; includes compliant defaulter rows because this artifact is a screening universe, not exact index membership.",False,True
PTC,2022-01-03,2022-07-15,2022-01-03,official_full_screening_table,high,review_2021_h1,"Directly parsed compliant rows from official PSX screening table; includes compliant defaulter rows because this artifact is a screening universe, not exact index membership.",False,True
QUICE,2022-01-03,2022-07-15,2022-01-03,official_full_screening_table,high,review_2021_h1,"Directly parsed compliant rows from official PSX screening table; includes compliant defaulter rows because this artifact is a screening universe, not exact index membership.",False,True
RCML,2022-01-03,2022-07-15,2022-01-03,official_full_screening_table,high,review_2021_h1,"Directly parsed compliant rows from official PSX screening table; includes compliant defaulter rows because this artifact is a screening universe, not exact index membership.",False,True
REDCO,2022-01-03,2022-07-15,2022-01-03,official_full_screening_table,high,review_2021_h1,"Directly parsed compliant rows from official PSX screening table; includes compliant defaulter rows because this artifact is a screening universe, not exact index membership.",False,True
RMPL,2022-01-03,2022-07-15,2022-01-03,official_full_screening_table,high,review_2021_h1,"Directly parsed compliant rows from official PSX screening table; includes compliant defaulter rows because this artifact is a screening universe, not exact index membership.",False,True
RPL,2022-01-03,2022-07-15,2022-01-03,official_full_screening_table,high,review_2021_h1,"Directly parsed compliant rows from official PSX screening table; includes compliant defaulter rows because this artifact is a screening universe, not exact index membership.",False,True
RUBY,2022-01-03,2022-07-15,2022-01-03,official_full_screening_table,high,review_2021_h1,"Directly parsed compliant rows from official PSX screening table; includes compliant defaulter rows because this artifact is a screening universe, not exact index membership.",False,True
RUPL,2022-01-03,2022-07-15,2022-01-03,official_full_screening_table,high,review_2021_h1,"Directly parsed compliant rows from official PSX screening table; includes compliant defaulter rows because this artifact is a screening universe, not exact index membership.",False,True
SANSM,2022-01-03,2022-07-15,2022-01-03,official_full_screening_table,high,review_2021_h1,"Directly parsed compliant rows from official PSX screening table; includes compliant defaulter rows because this artifact is a screening universe, not exact index membership.",False,True
SAPL,2022-01-03,2022-07-15,2022-01-03,official_full_screening_table,high,review_2021_h1,"Directly parsed compliant rows from official PSX screening table; includes compliant defaulter rows because this artifact is a screening universe, not exact index membership.",False,True
SARC,2022-01-03,2022-07-15,2022-01-03,official_full_screening_table,high,review_2021_h1,"Directly parsed compliant rows from official PSX screening table; includes compliant defaulter rows because this artifact is a screening universe, not exact index membership.",False,True
SASML,2022-01-03,2022-07-15,2022-01-03,official_full_screening_table,high,review_2021_h1,"Directly parsed compliant rows from official PSX screening table; includes compliant defaulter rows because this artifact is a screening universe, not exact index membership.",False,True
SAZEW,2022-01-03,2022-07-15,2022-01-03,official_full_screening_table,high,review_2021_h1,"Directly parsed compliant rows from official PSX screening table; includes compliant defaulter rows because this artifact is a screening universe, not exact index membership.",False,True
SCL,2022-01-03,2022-07-15,2022-01-03,official_full_screening_table,high,review_2021_h1,"Directly parsed compliant rows from official PSX screening table; includes compliant defaulter rows because this artifact is a screening universe, not exact index membership.",False,True
SEARL,2022-01-03,2022-07-15,2022-01-03,official_full_screening_table,high,review_2021_h1,"Directly parsed compliant rows from official PSX screening table; includes compliant defaulter rows because this artifact is a screening universe, not exact index membership.",False,True
SERT,2022-01-03,2022-07-15,2022-01-03,official_full_screening_table,high,review_2021_h1,"Directly parsed compliant rows from official PSX screening table; includes compliant defaulter rows because this artifact is a screening universe, not exact index membership.",False,True
SFL,2022-01-03,2022-07-15,2022-01-03,official_full_screening_table,high,review_2021_h1,"Directly parsed compliant rows from official PSX screening table; includes compliant defaulter rows because this artifact is a screening universe, not exact index membership.",False,True
SGABL,2022-01-03,2022-07-15,2022-01-03,official_full_screening_table,high,review_2021_h1,"Directly parsed compliant rows from official PSX screening table; includes compliant defaulter rows because this artifact is a screening universe, not exact index membership.",False,True
SGF,2022-01-03,2022-07-15,2022-01-03,official_full_screening_table,high,review_2021_h1,"Directly parsed compliant rows from official PSX screening table; includes compliant defaulter rows because this artifact is a screening universe, not exact index membership.",False,True
SHDT,2022-01-03,2022-07-15,2022-01-03,official_full_screening_table,high,review_2021_h1,"Directly parsed compliant rows from official PSX screening table; includes compliant defaulter rows because this artifact is a screening universe, not exact index membership.",False,True
SHEL,2022-01-03,2022-07-15,2022-01-03,official_full_screening_table,high,review_2021_h1,"Directly parsed compliant rows from official PSX screening table; includes compliant defaulter rows because this artifact is a screening universe, not exact index membership.",False,True
SHEZ,2022-01-03,2022-07-15,2022-01-03,official_full_screening_table,high,review_2021_h1,"Directly parsed compliant rows from official PSX screening table; includes compliant defaulter rows because this artifact is a screening universe, not exact index membership.",False,True
SHFA,2022-01-03,2022-07-15,2022-01-03,official_full_screening_table,high,review_2021_h1,"Directly parsed compliant rows from official PSX screening table; includes compliant defaulter rows because this artifact is a screening universe, not exact index membership.",False,True
SITC,2022-01-03,2022-07-15,2022-01-03,official_full_screening_table,high,review_2021_h1,"Directly parsed compliant rows from official PSX screening table; includes compliant defaulter rows because this artifact is a screening universe, not exact index membership.",False,True
SKRS,2022-01-03,2022-07-15,2022-01-03,official_full_screening_table,high,review_2021_h1,"Directly parsed compliant rows from official PSX screening table; includes compliant defaulter rows because this artifact is a screening universe, not exact index membership.",False,True
SMCPL,2022-01-03,2022-07-15,2022-01-03,official_full_screening_table,high,review_2021_h1,"Directly parsed compliant rows from official PSX screening table; includes compliant defaulter rows because this artifact is a screening universe, not exact index membership.",False,True
SML,2022-01-03,2022-07-15,2022-01-03,official_full_screening_table,high,review_2021_h1,"Directly parsed compliant rows from official PSX screening table; includes compliant defaulter rows because this artifact is a screening universe, not exact index membership.",False,True
SNAI,2022-01-03,2022-07-15,2022-01-03,official_full_screening_table,high,review_2021_h1,"Directly parsed compliant rows from official PSX screening table; includes compliant defaulter rows because this artifact is a screening universe, not exact index membership.",False,True
SNGP,2022-01-03,2022-07-15,2022-01-03,official_full_screening_table,high,review_2021_h1,"Directly parsed compliant rows from official PSX screening table; includes compliant defaulter rows because this artifact is a screening universe, not exact index membership.",False,True
SPEL,2022-01-03,2022-07-15,2022-01-03,official_full_screening_table,high,review_2021_h1,"Directly parsed compliant rows from official PSX screening table; includes compliant defaulter rows because this artifact is a screening universe, not exact index membership.",False,True
SPL,2022-01-03,2022-07-15,2022-01-03,official_full_screening_table,high,review_2021_h1,"Directly parsed compliant rows from official PSX screening table; includes compliant defaulter rows because this artifact is a screening universe, not exact index membership.",False,True
SSGC,2022-01-03,2022-07-15,2022-01-03,official_full_screening_table,high,review_2021_h1,"Directly parsed compliant rows from official PSX screening table; includes compliant defaulter rows because this artifact is a screening universe, not exact index membership.",False,True
SSML,2022-01-03,2022-07-15,2022-01-03,official_full_screening_table,high,review_2021_h1,"Directly parsed compliant rows from official PSX screening table; includes compliant defaulter rows because this artifact is a screening universe, not exact index membership.",False,True
STCL,2022-01-03,2022-07-15,2022-01-03,official_full_screening_table,high,review_2021_h1,"Directly parsed compliant rows from official PSX screening table; includes compliant defaulter rows because this artifact is a screening universe, not exact index membership.",False,True
STJT,2022-01-03,2022-07-15,2022-01-03,official_full_screening_table,high,review_2021_h1,"Directly parsed compliant rows from official PSX screening table; includes compliant defaulter rows because this artifact is a screening universe, not exact index membership.",False,True
STML,2022-01-03,2022-07-15,2022-01-03,official_full_screening_table,high,review_2021_h1,"Directly parsed compliant rows from official PSX screening table; includes compliant defaulter rows because this artifact is a screening universe, not exact index membership.",False,True
STPL,2022-01-03,2022-07-15,2022-01-03,official_full_screening_table,high,review_2021_h1,"Directly parsed compliant rows from official PSX screening table; includes compliant defaulter rows because this artifact is a screening universe, not exact index membership.",False,True
SURC,2022-01-03,2022-07-15,2022-01-03,official_full_screening_table,high,review_2021_h1,"Directly parsed compliant rows from official PSX screening table; includes compliant defaulter rows because this artifact is a screening universe, not exact index membership.",False,True
SUTM,2022-01-03,2022-07-15,2022-01-03,official_full_screening_table,high,review_2021_h1,"Directly parsed compliant rows from official PSX screening table; includes compliant defaulter rows because this artifact is a screening universe, not exact index membership.",False,True
SYS,2022-01-03,2022-07-15,2022-01-03,official_full_screening_table,high,review_2021_h1,"Directly parsed compliant rows from official PSX screening table; includes compliant defaulter rows because this artifact is a screening universe, not exact index membership.",False,True
SZTM,2022-01-03,2022-07-15,2022-01-03,official_full_screening_table,high,review_2021_h1,"Directly parsed compliant rows from official PSX screening table; includes compliant defaulter rows because this artifact is a screening universe, not exact index membership.",False,True
TATM,2022-01-03,2022-07-15,2022-01-03,official_full_screening_table,high,review_2021_h1,"Directly parsed compliant rows from official PSX screening table; includes compliant defaulter rows because this artifact is a screening universe, not exact index membership.",False,True
TELE,2022-01-03,2022-07-15,2022-01-03,official_full_screening_table,high,review_2021_h1,"Directly parsed compliant rows from official PSX screening table; includes compliant defaulter rows because this artifact is a screening universe, not exact index membership.",False,True
TGL,2022-01-03,2022-07-15,2022-01-03,official_full_screening_table,high,review_2021_h1,"Directly parsed compliant rows from official PSX screening table; includes compliant defaulter rows because this artifact is a screening universe, not exact index membership.",False,True
THALL,2022-01-03,2022-07-15,2022-01-03,official_full_screening_table,high,review_2021_h1,"Directly parsed compliant rows from official PSX screening table; includes compliant defaulter rows because this artifact is a screening universe, not exact index membership.",False,True
THCCL,2022-01-03,2022-07-15,2022-01-03,official_full_screening_table,high,review_2021_h1,"Directly parsed compliant rows from official PSX screening table; includes compliant defaulter rows because this artifact is a screening universe, not exact index membership.",False,True
TOMCL,2022-01-03,2022-07-15,2022-01-03,official_full_screening_table,high,review_2021_h1,"Directly parsed compliant rows from official PSX screening table; includes compliant defaulter rows because this artifact is a screening universe, not exact index membership.",False,True
TOWL,2022-01-03,2022-07-15,2022-01-03,official_full_screening_table,high,review_2021_h1,"Directly parsed compliant rows from official PSX screening table; includes compliant defaulter rows because this artifact is a screening universe, not exact index membership.",False,True
TREET,2022-01-03,2022-07-15,2022-01-03,official_full_screening_table,high,review_2021_h1,"Directly parsed compliant rows from official PSX screening table; includes compliant defaulter rows because this artifact is a screening universe, not exact index membership.",False,True
TRIPF,2022-01-03,2022-07-15,2022-01-03,official_full_screening_table,high,review_2021_h1,"Directly parsed compliant rows from official PSX screening table; includes compliant defaulter rows because this artifact is a screening universe, not exact index membership.",False,True
TRSM,2022-01-03,2022-07-15,2022-01-03,official_full_screening_table,high,review_2021_h1,"Directly parsed compliant rows from official PSX screening table; includes compliant defaulter rows because this artifact is a screening universe, not exact index membership.",False,True
UBDL,2022-01-03,2022-07-15,2022-01-03,official_full_screening_table,high,review_2021_h1,"Directly parsed compliant rows from official PSX screening table; includes compliant defaulter rows because this artifact is a screening universe, not exact index membership.",False,True
UCAPM,2022-01-03,2022-07-15,2022-01-03,official_full_screening_table,high,review_2021_h1,"Directly parsed compliant rows from official PSX screening table; includes compliant defaulter rows because this artifact is a screening universe, not exact index membership.",False,True
UDPL,2022-01-03,2022-07-15,2022-01-03,official_full_screening_table,high,review_2021_h1,"Directly parsed compliant rows from official PSX screening table; includes compliant defaulter rows because this artifact is a screening universe, not exact index membership.",False,True
UNITY,2022-01-03,2022-07-15,2022-01-03,official_full_screening_table,high,review_2021_h1,"Directly parsed compliant rows from official PSX screening table; includes compliant defaulter rows because this artifact is a screening universe, not exact index membership.",False,True
UPFL,2022-01-03,2022-07-15,2022-01-03,official_full_screening_table,high,review_2021_h1,"Directly parsed compliant rows from official PSX screening table; includes compliant defaulter rows because this artifact is a screening universe, not exact index membership.",False,True
WAHN,2022-01-03,2022-07-15,2022-01-03,official_full_screening_table,high,review_2021_h1,"Directly parsed compliant rows from official PSX screening table; includes compliant defaulter rows because this artifact is a screening universe, not exact index membership.",False,True
WAVES,2022-01-03,2022-07-15,2022-01-03,official_full_screening_table,high,review_2021_h1,"Directly parsed compliant rows from official PSX screening table; includes compliant defaulter rows because this artifact is a screening universe, not exact index membership.",False,True
WTL,2022-01-03,2022-07-15,2022-01-03,official_full_screening_table,high,review_2021_h1,"Directly parsed compliant rows from official PSX screening table; includes compliant defaulter rows because this artifact is a screening universe, not exact index membership.",False,True
WYETH,2022-01-03,2022-07-15,2022-01-03,official_full_screening_table,high,review_2021_h1,"Directly parsed compliant rows from official PSX screening table; includes compliant defaulter rows because this artifact is a screening universe, not exact index membership.",False,True
ZAHID,2022-01-03,2022-07-15,2022-01-03,official_full_screening_table,high,review_2021_h1,"Directly parsed compliant rows from official PSX screening table; includes compliant defaulter rows because this artifact is a screening universe, not exact index membership.",False,True
ZIL,2022-01-03,2022-07-15,2022-01-03,official_full_screening_table,high,review_2021_h1,"Directly parsed compliant rows from official PSX screening table; includes compliant defaulter rows because this artifact is a screening universe, not exact index membership.",False,True
ZTL,2022-01-03,2022-07-15,2022-01-03,official_full_screening_table,high,review_2021_h1,"Directly parsed compliant rows from official PSX screening table; includes compliant defaulter rows because this artifact is a screening universe, not exact index membership.",False,True
ABOT,2022-07-15,2023-01-12,2022-01-03,carried_forward_screening_snapshot,low,review_2021_h1,Carried forward from 2022-01-03; no trustworthy full screening table was available for this notice date.,False,True
ACPL,2022-07-15,2023-01-12,2022-01-03,carried_forward_screening_snapshot,low,review_2021_h1,Carried forward from 2022-01-03; no trustworthy full screening table was available for this notice date.,False,True
ADAMS,2022-07-15,2023-01-12,2022-01-03,carried_forward_screening_snapshot,low,review_2021_h1,Carried forward from 2022-01-03; no trustworthy full screening table was available for this notice date.,False,True
ADOS,2022-07-15,2023-01-12,2022-01-03,carried_forward_screening_snapshot,low,review_2021_h1,Carried forward from 2022-01-03; no trustworthy full screening table was available for this notice date.,False,True
AGHA,2022-07-15,2023-01-12,2022-01-03,carried_forward_screening_snapshot,low,review_2021_h1,Carried forward from 2022-01-03; no trustworthy full screening table was available for this notice date.,False,True
AGIL,2022-07-15,2023-01-12,2022-01-03,carried_forward_screening_snapshot,low,review_2021_h1,Carried forward from 2022-01-03; no trustworthy full screening table was available for this notice date.,False,True
AGP,2022-07-15,2023-01-12,2022-01-03,carried_forward_screening_snapshot,low,review_2021_h1,Carried forward from 2022-01-03; no trustworthy full screening table was available for this notice date.,False,True
AGSML,2022-07-15,2023-01-12,2022-01-03,carried_forward_screening_snapshot,low,review_2021_h1,Carried forward from 2022-01-03; no trustworthy full screening table was available for this notice date.,False,True
AGTL,2022-07-15,2023-01-12,2022-01-03,carried_forward_screening_snapshot,low,review_2021_h1,Carried forward from 2022-01-03; no trustworthy full screening table was available for this notice date.,False,True
AHTM,2022-07-15,2023-01-12,2022-01-03,carried_forward_screening_snapshot,low,review_2021_h1,Carried forward from 2022-01-03; no trustworthy full screening table was available for this notice date.,False,True
AKGL,2022-07-15,2023-01-12,2022-01-03,carried_forward_screening_snapshot,low,review_2021_h1,Carried forward from 2022-01-03; no trustworthy full screening table was available for this notice date.,False,True
ANL,2022-07-15,2023-01-12,2022-01-03,carried_forward_screening_snapshot,low,review_2021_h1,Carried forward from 2022-01-03; no trustworthy full screening table was available for this notice date.,False,True
ANTM,2022-07-15,2023-01-12,2022-01-03,carried_forward_screening_snapshot,low,review_2021_h1,Carried forward from 2022-01-03; no trustworthy full screening table was available for this notice date.,False,True
APL,2022-07-15,2023-01-12,2022-01-03,carried_forward_screening_snapshot,low,review_2021_h1,Carried forward from 2022-01-03; no trustworthy full screening table was available for this notice date.,False,True
ARM,2022-07-15,2023-01-12,2022-01-03,carried_forward_screening_snapshot,low,review_2021_h1,Carried forward from 2022-01-03; no trustworthy full screening table was available for this notice date.,False,True
ARPL,2022-07-15,2023-01-12,2022-01-03,carried_forward_screening_snapshot,low,review_2021_h1,Carried forward from 2022-01-03; no trustworthy full screening table was available for this notice date.,False,True
ASC,2022-07-15,2023-01-12,2022-01-03,carried_forward_screening_snapshot,low,review_2021_h1,Carried forward from 2022-01-03; no trustworthy full screening table was available for this notice date.,False,True
ASHT,2022-07-15,2023-01-12,2022-01-03,carried_forward_screening_snapshot,low,review_2021_h1,Carried forward from 2022-01-03; no trustworthy full screening table was available for this notice date.,False,True
ASL,2022-07-15,2023-01-12,2022-01-03,carried_forward_screening_snapshot,low,review_2021_h1,Carried forward from 2022-01-03; no trustworthy full screening table was available for this notice date.,False,True
ASTM,2022-07-15,2023-01-12,2022-01-03,carried_forward_screening_snapshot,low,review_2021_h1,Carried forward from 2022-01-03; no trustworthy full screening table was available for this notice date.,False,True
ATBA,2022-07-15,2023-01-12,2022-01-03,carried_forward_screening_snapshot,low,review_2021_h1,Carried forward from 2022-01-03; no trustworthy full screening table was available for this notice date.,False,True
ATLH,2022-07-15,2023-01-12,2022-01-03,carried_forward_screening_snapshot,low,review_2021_h1,Carried forward from 2022-01-03; no trustworthy full screening table was available for this notice date.,False,True
ATRL,2022-07-15,2023-01-12,2022-01-03,carried_forward_screening_snapshot,low,review_2021_h1,Carried forward from 2022-01-03; no trustworthy full screening table was available for this notice date.,False,True
AVN,2022-07-15,2023-01-12,2022-01-03,carried_forward_screening_snapshot,low,review_2021_h1,Carried forward from 2022-01-03; no trustworthy full screening table was available for this notice date.,False,True
AWTX,2022-07-15,2023-01-12,2022-01-03,carried_forward_screening_snapshot,low,review_2021_h1,Carried forward from 2022-01-03; no trustworthy full screening table was available for this notice date.,False,True
AWWAL,2022-07-15,2023-01-12,2022-01-03,carried_forward_screening_snapshot,low,review_2021_h1,Carried forward from 2022-01-03; no trustworthy full screening table was available for this notice date.,False,True
BATA,2022-07-15,2023-01-12,2022-01-03,carried_forward_screening_snapshot,low,review_2021_h1,Carried forward from 2022-01-03; no trustworthy full screening table was available for this notice date.,False,True
BCML,2022-07-15,2023-01-12,2022-01-03,carried_forward_screening_snapshot,low,review_2021_h1,Carried forward from 2022-01-03; no trustworthy full screening table was available for this notice date.,False,True
BERG,2022-07-15,2023-01-12,2022-01-03,carried_forward_screening_snapshot,low,review_2021_h1,Carried forward from 2022-01-03; no trustworthy full screening table was available for this notice date.,False,True
BFMOD,2022-07-15,2023-01-12,2022-01-03,carried_forward_screening_snapshot,low,review_2021_h1,Carried forward from 2022-01-03; no trustworthy full screening table was available for this notice date.,False,True
BGL,2022-07-15,2023-01-12,2022-01-03,carried_forward_screening_snapshot,low,review_2021_h1,Carried forward from 2022-01-03; no trustworthy full screening table was available for this notice date.,False,True
BHAT,2022-07-15,2023-01-12,2022-01-03,carried_forward_screening_snapshot,low,review_2021_h1,Carried forward from 2022-01-03; no trustworthy full screening table was available for this notice date.,False,True
BIFO,2022-07-15,2023-01-12,2022-01-03,carried_forward_screening_snapshot,low,review_2021_h1,Carried forward from 2022-01-03; no trustworthy full screening table was available for this notice date.,False,True
BIPL,2022-07-15,2023-01-12,2022-01-03,carried_forward_screening_snapshot,low,review_2021_h1,Carried forward from 2022-01-03; no trustworthy full screening table was available for this notice date.,False,True
BNL,2022-07-15,2023-01-12,2022-01-03,carried_forward_screening_snapshot,low,review_2021_h1,Carried forward from 2022-01-03; no trustworthy full screening table was available for this notice date.,False,True
BNWM,2022-07-15,2023-01-12,2022-01-03,carried_forward_screening_snapshot,low,review_2021_h1,Carried forward from 2022-01-03; no trustworthy full screening table was available for this notice date.,False,True
BPL,2022-07-15,2023-01-12,2022-01-03,carried_forward_screening_snapshot,low,review_2021_h1,Carried forward from 2022-01-03; no trustworthy full screening table was available for this notice date.,False,True
BRR,2022-07-15,2023-01-12,2022-01-03,carried_forward_screening_snapshot,low,review_2021_h1,Carried forward from 2022-01-03; no trustworthy full screening table was available for this notice date.,False,True
BTL,2022-07-15,2023-01-12,2022-01-03,carried_forward_screening_snapshot,low,review_2021_h1,Carried forward from 2022-01-03; no trustworthy full screening table was available for this notice date.,False,True
BUXL,2022-07-15,2023-01-12,2022-01-03,carried_forward_screening_snapshot,low,review_2021_h1,Carried forward from 2022-01-03; no trustworthy full screening table was available for this notice date.,False,True
BWCL,2022-07-15,2023-01-12,2022-01-03,carried_forward_screening_snapshot,low,review_2021_h1,Carried forward from 2022-01-03; no trustworthy full screening table was available for this notice date.,False,True
BWHL,2022-07-15,2023-01-12,2022-01-03,carried_forward_screening_snapshot,low,review_2021_h1,Carried forward from 2022-01-03; no trustworthy full screening table was available for this notice date.,False,True
BYCO,2022-07-15,2023-01-12,2022-01-03,carried_forward_screening_snapshot,low,review_2021_h1,Carried forward from 2022-01-03; no trustworthy full screening table was available for this notice date.,False,True
CCM,2022-07-15,2023-01-12,2022-01-03,carried_forward_screening_snapshot,low,review_2021_h1,Carried forward from 2022-01-03; no trustworthy full screening table was available for this notice date.,False,True
CEPB,2022-07-15,2023-01-12,2022-01-03,carried_forward_screening_snapshot,low,review_2021_h1,Carried forward from 2022-01-03; no trustworthy full screening table was available for this notice date.,False,True
CFL,2022-07-15,2023-01-12,2022-01-03,carried_forward_screening_snapshot,low,review_2021_h1,Carried forward from 2022-01-03; no trustworthy full screening table was available for this notice date.,False,True
CHCC,2022-07-15,2023-01-12,2022-01-03,carried_forward_screening_snapshot,low,review_2021_h1,Carried forward from 2022-01-03; no trustworthy full screening table was available for this notice date.,False,True
CLOV,2022-07-15,2023-01-12,2022-01-03,carried_forward_screening_snapshot,low,review_2021_h1,Carried forward from 2022-01-03; no trustworthy full screening table was available for this notice date.,False,True
CPPL,2022-07-15,2023-01-12,2022-01-03,carried_forward_screening_snapshot,low,review_2021_h1,Carried forward from 2022-01-03; no trustworthy full screening table was available for this notice date.,False,True
DAAG,2022-07-15,2023-01-12,2022-01-03,carried_forward_screening_snapshot,low,review_2021_h1,Carried forward from 2022-01-03; no trustworthy full screening table was available for this notice date.,False,True
DADX,2022-07-15,2023-01-12,2022-01-03,carried_forward_screening_snapshot,low,review_2021_h1,Carried forward from 2022-01-03; no trustworthy full screening table was available for this notice date.,False,True
DAWH,2022-07-15,2023-01-12,2022-01-03,carried_forward_screening_snapshot,low,review_2021_h1,Carried forward from 2022-01-03; no trustworthy full screening table was available for this notice date.,False,True
DCL,2022-07-15,2023-01-12,2022-01-03,carried_forward_screening_snapshot,low,review_2021_h1,Carried forward from 2022-01-03; no trustworthy full screening table was available for this notice date.,False,True
DCR,2022-07-15,2023-01-12,2022-01-03,carried_forward_screening_snapshot,low,review_2021_h1,Carried forward from 2022-01-03; no trustworthy full screening table was available for this notice date.,False,True
DFSM,2022-07-15,2023-01-12,2022-01-03,carried_forward_screening_snapshot,low,review_2021_h1,Carried forward from 2022-01-03; no trustworthy full screening table was available for this notice date.,False,True
DGKC,2022-07-15,2023-01-12,2022-01-03,carried_forward_screening_snapshot,low,review_2021_h1,Carried forward from 2022-01-03; no trustworthy full screening table was available for this notice date.,False,True
DINT,2022-07-15,2023-01-12,2022-01-03,carried_forward_screening_snapshot,low,review_2021_h1,Carried forward from 2022-01-03; no trustworthy full screening table was available for this notice date.,False,True
DMTX,2022-07-15,2023-01-12,2022-01-03,carried_forward_screening_snapshot,low,review_2021_h1,Carried forward from 2022-01-03; no trustworthy full screening table was available for this notice date.,False,True
DOL,2022-07-15,2023-01-12,2022-01-03,carried_forward_screening_snapshot,low,review_2021_h1,Carried forward from 2022-01-03; no trustworthy full screening table was available for this notice date.,False,True
DSIL,2022-07-15,2023-01-12,2022-01-03,carried_forward_screening_snapshot,low,review_2021_h1,Carried forward from 2022-01-03; no trustworthy full screening table was available for this notice date.,False,True
DYNO,2022-07-15,2023-01-12,2022-01-03,carried_forward_screening_snapshot,low,review_2021_h1,Carried forward from 2022-01-03; no trustworthy full screening table was available for this notice date.,False,True
EFERT,2022-07-15,2023-01-12,2022-01-03,carried_forward_screening_snapshot,low,review_2021_h1,Carried forward from 2022-01-03; no trustworthy full screening table was available for this notice date.,False,True
ELCM,2022-07-15,2023-01-12,2022-01-03,carried_forward_screening_snapshot,low,review_2021_h1,Carried forward from 2022-01-03; no trustworthy full screening table was available for this notice date.,False,True
EMCO,2022-07-15,2023-01-12,2022-01-03,carried_forward_screening_snapshot,low,review_2021_h1,Carried forward from 2022-01-03; no trustworthy full screening table was available for this notice date.,False,True
ENGRO,2022-07-15,2023-01-12,2022-01-03,carried_forward_screening_snapshot,low,review_2021_h1,Carried forward from 2022-01-03; no trustworthy full screening table was available for this notice date.,False,True
EPCL,2022-07-15,2023-01-12,2022-01-03,carried_forward_screening_snapshot,low,review_2021_h1,Carried forward from 2022-01-03; no trustworthy full screening table was available for this notice date.,False,True
EXIDE,2022-07-15,2023-01-12,2022-01-03,carried_forward_screening_snapshot,low,review_2021_h1,Carried forward from 2022-01-03; no trustworthy full screening table was available for this notice date.,False,True
FANM,2022-07-15,2023-01-12,2022-01-03,carried_forward_screening_snapshot,low,review_2021_h1,Carried forward from 2022-01-03; no trustworthy full screening table was available for this notice date.,False,True
FATIMA,2022-07-15,2023-01-12,2022-01-03,carried_forward_screening_snapshot,low,review_2021_h1,Carried forward from 2022-01-03; no trustworthy full screening table was available for this notice date.,False,True
FCCL,2022-07-15,2023-01-12,2022-01-03,carried_forward_screening_snapshot,low,review_2021_h1,Carried forward from 2022-01-03; no trustworthy full screening table was available for this notice date.,False,True
FCEPL,2022-07-15,2023-01-12,2022-01-03,carried_forward_screening_snapshot,low,review_2021_h1,Carried forward from 2022-01-03; no trustworthy full screening table was available for this notice date.,False,True
FECM,2022-07-15,2023-01-12,2022-01-03,carried_forward_screening_snapshot,low,review_2021_h1,Carried forward from 2022-01-03; no trustworthy full screening table was available for this notice date.,False,True
FECTC,2022-07-15,2023-01-12,2022-01-03,carried_forward_screening_snapshot,low,review_2021_h1,Carried forward from 2022-01-03; no trustworthy full screening table was available for this notice date.,False,True
FEM,2022-07-15,2023-01-12,2022-01-03,carried_forward_screening_snapshot,low,review_2021_h1,Carried forward from 2022-01-03; no trustworthy full screening table was available for this notice date.,False,True
FEROZ,2022-07-15,2023-01-12,2022-01-03,carried_forward_screening_snapshot,low,review_2021_h1,Carried forward from 2022-01-03; no trustworthy full screening table was available for this notice date.,False,True
FFLM,2022-07-15,2023-01-12,2022-01-03,carried_forward_screening_snapshot,low,review_2021_h1,Carried forward from 2022-01-03; no trustworthy full screening table was available for this notice date.,False,True
FHAM,2022-07-15,2023-01-12,2022-01-03,carried_forward_screening_snapshot,low,review_2021_h1,Carried forward from 2022-01-03; no trustworthy full screening table was available for this notice date.,False,True
FIMM,2022-07-15,2023-01-12,2022-01-03,carried_forward_screening_snapshot,low,review_2021_h1,Carried forward from 2022-01-03; no trustworthy full screening table was available for this notice date.,False,True
FLYNG,2022-07-15,2023-01-12,2022-01-03,carried_forward_screening_snapshot,low,review_2021_h1,Carried forward from 2022-01-03; no trustworthy full screening table was available for this notice date.,False,True
FML,2022-07-15,2023-01-12,2022-01-03,carried_forward_screening_snapshot,low,review_2021_h1,Carried forward from 2022-01-03; no trustworthy full screening table was available for this notice date.,False,True
FPJM,2022-07-15,2023-01-12,2022-01-03,carried_forward_screening_snapshot,low,review_2021_h1,Carried forward from 2022-01-03; no trustworthy full screening table was available for this notice date.,False,True
FPRM,2022-07-15,2023-01-12,2022-01-03,carried_forward_screening_snapshot,low,review_2021_h1,Carried forward from 2022-01-03; no trustworthy full screening table was available for this notice date.,False,True
FRCL,2022-07-15,2023-01-12,2022-01-03,carried_forward_screening_snapshot,low,review_2021_h1,Carried forward from 2022-01-03; no trustworthy full screening table was available for this notice date.,False,True
FRSM,2022-07-15,2023-01-12,2022-01-03,carried_forward_screening_snapshot,low,review_2021_h1,Carried forward from 2022-01-03; no trustworthy full screening table was available for this notice date.,False,True
FTMM,2022-07-15,2023-01-12,2022-01-03,carried_forward_screening_snapshot,low,review_2021_h1,Carried forward from 2022-01-03; no trustworthy full screening table was available for this notice date.,False,True
FTSM,2022-07-15,2023-01-12,2022-01-03,carried_forward_screening_snapshot,low,review_2021_h1,Carried forward from 2022-01-03; no trustworthy full screening table was available for this notice date.,False,True
FUDLM,2022-07-15,2023-01-12,2022-01-03,carried_forward_screening_snapshot,low,review_2021_h1,Carried forward from 2022-01-03; no trustworthy full screening table was available for this notice date.,False,True
FZCM,2022-07-15,2023-01-12,2022-01-03,carried_forward_screening_snapshot,low,review_2021_h1,Carried forward from 2022-01-03; no trustworthy full screening table was available for this notice date.,False,True
GADT,2022-07-15,2023-01-12,2022-01-03,carried_forward_screening_snapshot,low,review_2021_h1,Carried forward from 2022-01-03; no trustworthy full screening table was available for this notice date.,False,True
GAIL,2022-07-15,2023-01-12,2022-01-03,carried_forward_screening_snapshot,low,review_2021_h1,Carried forward from 2022-01-03; no trustworthy full screening table was available for this notice date.,False,True
GAMON,2022-07-15,2023-01-12,2022-01-03,carried_forward_screening_snapshot,low,review_2021_h1,Carried forward from 2022-01-03; no trustworthy full screening table was available for this notice date.,False,True
GATI,2022-07-15,2023-01-12,2022-01-03,carried_forward_screening_snapshot,low,review_2021_h1,Carried forward from 2022-01-03; no trustworthy full screening table was available for this notice date.,False,True
GFIL,2022-07-15,2023-01-12,2022-01-03,carried_forward_screening_snapshot,low,review_2021_h1,Carried forward from 2022-01-03; no trustworthy full screening table was available for this notice date.,False,True
GGGL,2022-07-15,2023-01-12,2022-01-03,carried_forward_screening_snapshot,low,review_2021_h1,Carried forward from 2022-01-03; no trustworthy full screening table was available for this notice date.,False,True
GGL,2022-07-15,2023-01-12,2022-01-03,carried_forward_screening_snapshot,low,review_2021_h1,Carried forward from 2022-01-03; no trustworthy full screening table was available for this notice date.,False,True
GHGL,2022-07-15,2023-01-12,2022-01-03,carried_forward_screening_snapshot,low,review_2021_h1,Carried forward from 2022-01-03; no trustworthy full screening table was available for this notice date.,False,True
GHNI,2022-07-15,2023-01-12,2022-01-03,carried_forward_screening_snapshot,low,review_2021_h1,Carried forward from 2022-01-03; no trustworthy full screening table was available for this notice date.,False,True
GHNL,2022-07-15,2023-01-12,2022-01-03,carried_forward_screening_snapshot,low,review_2021_h1,Carried forward from 2022-01-03; no trustworthy full screening table was available for this notice date.,False,True
GIL,2022-07-15,2023-01-12,2022-01-03,carried_forward_screening_snapshot,low,review_2021_h1,Carried forward from 2022-01-03; no trustworthy full screening table was available for this notice date.,False,True
GLAXO,2022-07-15,2023-01-12,2022-01-03,carried_forward_screening_snapshot,low,review_2021_h1,Carried forward from 2022-01-03; no trustworthy full screening table was available for this notice date.,False,True
GLPL,2022-07-15,2023-01-12,2022-01-03,carried_forward_screening_snapshot,low,review_2021_h1,Carried forward from 2022-01-03; no trustworthy full screening table was available for this notice date.,False,True
GOC,2022-07-15,2023-01-12,2022-01-03,carried_forward_screening_snapshot,low,review_2021_h1,Carried forward from 2022-01-03; no trustworthy full screening table was available for this notice date.,False,True
GSKCH,2022-07-15,2023-01-12,2022-01-03,carried_forward_screening_snapshot,low,review_2021_h1,Carried forward from 2022-01-03; no trustworthy full screening table was available for this notice date.,False,True
GVGL,2022-07-15,2023-01-12,2022-01-03,carried_forward_screening_snapshot,low,review_2021_h1,Carried forward from 2022-01-03; no trustworthy full screening table was available for this notice date.,False,True
GWLC,2022-07-15,2023-01-12,2022-01-03,carried_forward_screening_snapshot,low,review_2021_h1,Carried forward from 2022-01-03; no trustworthy full screening table was available for this notice date.,False,True
HABSM,2022-07-15,2023-01-12,2022-01-03,carried_forward_screening_snapshot,low,review_2021_h1,Carried forward from 2022-01-03; no trustworthy full screening table was available for this notice date.,False,True
HAFL,2022-07-15,2023-01-12,2022-01-03,carried_forward_screening_snapshot,low,review_2021_h1,Carried forward from 2022-01-03; no trustworthy full screening table was available for this notice date.,False,True
HCAR,2022-07-15,2023-01-12,2022-01-03,carried_forward_screening_snapshot,low,review_2021_h1,Carried forward from 2022-01-03; no trustworthy full screening table was available for this notice date.,False,True
HINO,2022-07-15,2023-01-12,2022-01-03,carried_forward_screening_snapshot,low,review_2021_h1,Carried forward from 2022-01-03; no trustworthy full screening table was available for this notice date.,False,True
HINOON,2022-07-15,2023-01-12,2022-01-03,carried_forward_screening_snapshot,low,review_2021_h1,Carried forward from 2022-01-03; no trustworthy full screening table was available for this notice date.,False,True
HMM,2022-07-15,2023-01-12,2022-01-03,carried_forward_screening_snapshot,low,review_2021_h1,Carried forward from 2022-01-03; no trustworthy full screening table was available for this notice date.,False,True
HRPL,2022-07-15,2023-01-12,2022-01-03,carried_forward_screening_snapshot,low,review_2021_h1,Carried forward from 2022-01-03; no trustworthy full screening table was available for this notice date.,False,True
HSM,2022-07-15,2023-01-12,2022-01-03,carried_forward_screening_snapshot,low,review_2021_h1,Carried forward from 2022-01-03; no trustworthy full screening table was available for this notice date.,False,True
HTL,2022-07-15,2023-01-12,2022-01-03,carried_forward_screening_snapshot,low,review_2021_h1,Carried forward from 2022-01-03; no trustworthy full screening table was available for this notice date.,False,True
HUBC,2022-07-15,2023-01-12,2022-01-03,carried_forward_screening_snapshot,low,review_2021_h1,Carried forward from 2022-01-03; no trustworthy full screening table was available for this notice date.,False,True
IBFL,2022-07-15,2023-01-12,2022-01-03,carried_forward_screening_snapshot,low,review_2021_h1,Carried forward from 2022-01-03; no trustworthy full screening table was available for this notice date.,False,True
IBLHL,2022-07-15,2023-01-12,2022-01-03,carried_forward_screening_snapshot,low,review_2021_h1,Carried forward from 2022-01-03; no trustworthy full screening table was available for this notice date.,False,True
ICI,2022-07-15,2023-01-12,2022-01-03,carried_forward_screening_snapshot,low,review_2021_h1,Carried forward from 2022-01-03; no trustworthy full screening table was available for this notice date.,False,True
ICL,2022-07-15,2023-01-12,2022-01-03,carried_forward_screening_snapshot,low,review_2021_h1,Carried forward from 2022-01-03; no trustworthy full screening table was available for this notice date.,False,True
IDRT,2022-07-15,2023-01-12,2022-01-03,carried_forward_screening_snapshot,low,review_2021_h1,Carried forward from 2022-01-03; no trustworthy full screening table was available for this notice date.,False,True
IDSM,2022-07-15,2023-01-12,2022-01-03,carried_forward_screening_snapshot,low,review_2021_h1,Carried forward from 2022-01-03; no trustworthy full screening table was available for this notice date.,False,True
ILP,2022-07-15,2023-01-12,2022-01-03,carried_forward_screening_snapshot,low,review_2021_h1,Carried forward from 2022-01-03; no trustworthy full screening table was available for this notice date.,False,True
IMAGE,2022-07-15,2023-01-12,2022-01-03,carried_forward_screening_snapshot,low,review_2021_h1,Carried forward from 2022-01-03; no trustworthy full screening table was available for this notice date.,False,True
INIL,2022-07-15,2023-01-12,2022-01-03,carried_forward_screening_snapshot,low,review_2021_h1,Carried forward from 2022-01-03; no trustworthy full screening table was available for this notice date.,False,True
INKL,2022-07-15,2023-01-12,2022-01-03,carried_forward_screening_snapshot,low,review_2021_h1,Carried forward from 2022-01-03; no trustworthy full screening table was available for this notice date.,False,True
ISL,2022-07-15,2023-01-12,2022-01-03,carried_forward_screening_snapshot,low,review_2021_h1,Carried forward from 2022-01-03; no trustworthy full screening table was available for this notice date.,False,True
ITTEFAQ,2022-07-15,2023-01-12,2022-01-03,carried_forward_screening_snapshot,low,review_2021_h1,Carried forward from 2022-01-03; no trustworthy full screening table was available for this notice date.,False,True
JATM,2022-07-15,2023-01-12,2022-01-03,carried_forward_screening_snapshot,low,review_2021_h1,Carried forward from 2022-01-03; no trustworthy full screening table was available for this notice date.,False,True
JDMT,2022-07-15,2023-01-12,2022-01-03,carried_forward_screening_snapshot,low,review_2021_h1,Carried forward from 2022-01-03; no trustworthy full screening table was available for this notice date.,False,True
JKSM,2022-07-15,2023-01-12,2022-01-03,carried_forward_screening_snapshot,low,review_2021_h1,Carried forward from 2022-01-03; no trustworthy full screening table was available for this notice date.,False,True
JSML,2022-07-15,2023-01-12,2022-01-03,carried_forward_screening_snapshot,low,review_2021_h1,Carried forward from 2022-01-03; no trustworthy full screening table was available for this notice date.,False,True
JUBS,2022-07-15,2023-01-12,2022-01-03,carried_forward_screening_snapshot,low,review_2021_h1,Carried forward from 2022-01-03; no trustworthy full screening table was available for this notice date.,False,True
JVDC,2022-07-15,2023-01-12,2022-01-03,carried_forward_screening_snapshot,low,review_2021_h1,Carried forward from 2022-01-03; no trustworthy full screening table was available for this notice date.,False,True
KASBM,2022-07-15,2023-01-12,2022-01-03,carried_forward_screening_snapshot,low,review_2021_h1,Carried forward from 2022-01-03; no trustworthy full screening table was available for this notice date.,False,True
KEL,2022-07-15,2023-01-12,2022-01-03,carried_forward_screening_snapshot,low,review_2021_h1,Carried forward from 2022-01-03; no trustworthy full screening table was available for this notice date.,False,True
KHSM,2022-07-15,2023-01-12,2022-01-03,carried_forward_screening_snapshot,low,review_2021_h1,Carried forward from 2022-01-03; no trustworthy full screening table was available for this notice date.,False,True
KHYT,2022-07-15,2023-01-12,2022-01-03,carried_forward_screening_snapshot,low,review_2021_h1,Carried forward from 2022-01-03; no trustworthy full screening table was available for this notice date.,False,True
KOHC,2022-07-15,2023-01-12,2022-01-03,carried_forward_screening_snapshot,low,review_2021_h1,Carried forward from 2022-01-03; no trustworthy full screening table was available for this notice date.,False,True
KOHE,2022-07-15,2023-01-12,2022-01-03,carried_forward_screening_snapshot,low,review_2021_h1,Carried forward from 2022-01-03; no trustworthy full screening table was available for this notice date.,False,True
KOHTM,2022-07-15,2023-01-12,2022-01-03,carried_forward_screening_snapshot,low,review_2021_h1,Carried forward from 2022-01-03; no trustworthy full screening table was available for this notice date.,False,True
KOIL,2022-07-15,2023-01-12,2022-01-03,carried_forward_screening_snapshot,low,review_2021_h1,Carried forward from 2022-01-03; no trustworthy full screening table was available for this notice date.,False,True
KSBP,2022-07-15,2023-01-12,2022-01-03,carried_forward_screening_snapshot,low,review_2021_h1,Carried forward from 2022-01-03; no trustworthy full screening table was available for this notice date.,False,True
KTML,2022-07-15,2023-01-12,2022-01-03,carried_forward_screening_snapshot,low,review_2021_h1,Carried forward from 2022-01-03; no trustworthy full screening table was available for this notice date.,False,True
LEUL,2022-07-15,2023-01-12,2022-01-03,carried_forward_screening_snapshot,low,review_2021_h1,Carried forward from 2022-01-03; no trustworthy full screening table was available for this notice date.,False,True
LMSM,2022-07-15,2023-01-12,2022-01-03,carried_forward_screening_snapshot,low,review_2021_h1,Carried forward from 2022-01-03; no trustworthy full screening table was available for this notice date.,False,True
LPGL,2022-07-15,2023-01-12,2022-01-03,carried_forward_screening_snapshot,low,review_2021_h1,Carried forward from 2022-01-03; no trustworthy full screening table was available for this notice date.,False,True
LUCK,2022-07-15,2023-01-12,2022-01-03,carried_forward_screening_snapshot,low,review_2021_h1,Carried forward from 2022-01-03; no trustworthy full screening table was available for this notice date.,False,True
MACFL,2022-07-15,2023-01-12,2022-01-03,carried_forward_screening_snapshot,low,review_2021_h1,Carried forward from 2022-01-03; no trustworthy full screening table was available for this notice date.,False,True
MACTER,2022-07-15,2023-01-12,2022-01-03,carried_forward_screening_snapshot,low,review_2021_h1,Carried forward from 2022-01-03; no trustworthy full screening table was available for this notice date.,False,True
MARI,2022-07-15,2023-01-12,2022-01-03,carried_forward_screening_snapshot,low,review_2021_h1,Carried forward from 2022-01-03; no trustworthy full screening table was available for this notice date.,False,True
MEBL,2022-07-15,2023-01-12,2022-01-03,carried_forward_screening_snapshot,low,review_2021_h1,Carried forward from 2022-01-03; no trustworthy full screening table was available for this notice date.,False,True
MFFL,2022-07-15,2023-01-12,2022-01-03,carried_forward_screening_snapshot,low,review_2021_h1,Carried forward from 2022-01-03; no trustworthy full screening table was available for this notice date.,False,True
MLCF,2022-07-15,2023-01-12,2022-01-03,carried_forward_screening_snapshot,low,review_2021_h1,Carried forward from 2022-01-03; no trustworthy full screening table was available for this notice date.,False,True
MODAM,2022-07-15,2023-01-12,2022-01-03,carried_forward_screening_snapshot,low,review_2021_h1,Carried forward from 2022-01-03; no trustworthy full screening table was available for this notice date.,False,True
MQTM,2022-07-15,2023-01-12,2022-01-03,carried_forward_screening_snapshot,low,review_2021_h1,Carried forward from 2022-01-03; no trustworthy full screening table was available for this notice date.,False,True
MSCL,2022-07-15,2023-01-12,2022-01-03,carried_forward_screening_snapshot,low,review_2021_h1,Carried forward from 2022-01-03; no trustworthy full screening table was available for this notice date.,False,True
MTIL,2022-07-15,2023-01-12,2022-01-03,carried_forward_screening_snapshot,low,review_2021_h1,Carried forward from 2022-01-03; no trustworthy full screening table was available for this notice date.,False,True
MTL,2022-07-15,2023-01-12,2022-01-03,carried_forward_screening_snapshot,low,review_2021_h1,Carried forward from 2022-01-03; no trustworthy full screening table was available for this notice date.,False,True
MUGHAL,2022-07-15,2023-01-12,2022-01-03,carried_forward_screening_snapshot,low,review_2021_h1,Carried forward from 2022-01-03; no trustworthy full screening table was available for this notice date.,False,True
NATF,2022-07-15,2023-01-12,2022-01-03,carried_forward_screening_snapshot,low,review_2021_h1,Carried forward from 2022-01-03; no trustworthy full screening table was available for this notice date.,False,True
NATM,2022-07-15,2023-01-12,2022-01-03,carried_forward_screening_snapshot,low,review_2021_h1,Carried forward from 2022-01-03; no trustworthy full screening table was available for this notice date.,False,True
NCML,2022-07-15,2023-01-12,2022-01-03,carried_forward_screening_snapshot,low,review_2021_h1,Carried forward from 2022-01-03; no trustworthy full screening table was available for this notice date.,False,True
NETSOL,2022-07-15,2023-01-12,2022-01-03,carried_forward_screening_snapshot,low,review_2021_h1,Carried forward from 2022-01-03; no trustworthy full screening table was available for this notice date.,False,True
NML,2022-07-15,2023-01-12,2022-01-03,carried_forward_screening_snapshot,low,review_2021_h1,Carried forward from 2022-01-03; no trustworthy full screening table was available for this notice date.,False,True
NRL,2022-07-15,2023-01-12,2022-01-03,carried_forward_screening_snapshot,low,review_2021_h1,Carried forward from 2022-01-03; no trustworthy full screening table was available for this notice date.,False,True
NRSL,2022-07-15,2023-01-12,2022-01-03,carried_forward_screening_snapshot,low,review_2021_h1,Carried forward from 2022-01-03; no trustworthy full screening table was available for this notice date.,False,True
NSRM,2022-07-15,2023-01-12,2022-01-03,carried_forward_screening_snapshot,low,review_2021_h1,Carried forward from 2022-01-03; no trustworthy full screening table was available for this notice date.,False,True
OGDC,2022-07-15,2023-01-12,2022-01-03,carried_forward_screening_snapshot,low,review_2021_h1,Carried forward from 2022-01-03; no trustworthy full screening table was available for this notice date.,False,True
ORIXM,2022-07-15,2023-01-12,2022-01-03,carried_forward_screening_snapshot,low,review_2021_h1,Carried forward from 2022-01-03; no trustworthy full screening table was available for this notice date.,False,True
ORM,2022-07-15,2023-01-12,2022-01-03,carried_forward_screening_snapshot,low,review_2021_h1,Carried forward from 2022-01-03; no trustworthy full screening table was available for this notice date.,False,True
OTSU,2022-07-15,2023-01-12,2022-01-03,carried_forward_screening_snapshot,low,review_2021_h1,Carried forward from 2022-01-03; no trustworthy full screening table was available for this notice date.,False,True
PAEL,2022-07-15,2023-01-12,2022-01-03,carried_forward_screening_snapshot,low,review_2021_h1,Carried forward from 2022-01-03; no trustworthy full screening table was available for this notice date.,False,True
PAKMI,2022-07-15,2023-01-12,2022-01-03,carried_forward_screening_snapshot,low,review_2021_h1,Carried forward from 2022-01-03; no trustworthy full screening table was available for this notice date.,False,True
PAKOXY,2022-07-15,2023-01-12,2022-01-03,carried_forward_screening_snapshot,low,review_2021_h1,Carried forward from 2022-01-03; no trustworthy full screening table was available for this notice date.,False,True
PCAL,2022-07-15,2023-01-12,2022-01-03,carried_forward_screening_snapshot,low,review_2021_h1,Carried forward from 2022-01-03; no trustworthy full screening table was available for this notice date.,False,True
PHDL,2022-07-15,2023-01-12,2022-01-03,carried_forward_screening_snapshot,low,review_2021_h1,Carried forward from 2022-01-03; no trustworthy full screening table was available for this notice date.,False,True
PIBTL,2022-07-15,2023-01-12,2022-01-03,carried_forward_screening_snapshot,low,review_2021_h1,Carried forward from 2022-01-03; no trustworthy full screening table was available for this notice date.,False,True
PICT,2022-07-15,2023-01-12,2022-01-03,carried_forward_screening_snapshot,low,review_2021_h1,Carried forward from 2022-01-03; no trustworthy full screening table was available for this notice date.,False,True
PIM,2022-07-15,2023-01-12,2022-01-03,carried_forward_screening_snapshot,low,review_2021_h1,Carried forward from 2022-01-03; no trustworthy full screening table was available for this notice date.,False,True
PIOC,2022-07-15,2023-01-12,2022-01-03,carried_forward_screening_snapshot,low,review_2021_h1,Carried forward from 2022-01-03; no trustworthy full screening table was available for this notice date.,False,True
PKGS,2022-07-15,2023-01-12,2022-01-03,carried_forward_screening_snapshot,low,review_2021_h1,Carried forward from 2022-01-03; no trustworthy full screening table was available for this notice date.,False,True
PMI,2022-07-15,2023-01-12,2022-01-03,carried_forward_screening_snapshot,low,review_2021_h1,Carried forward from 2022-01-03; no trustworthy full screening table was available for this notice date.,False,True
PNSC,2022-07-15,2023-01-12,2022-01-03,carried_forward_screening_snapshot,low,review_2021_h1,Carried forward from 2022-01-03; no trustworthy full screening table was available for this notice date.,False,True
POL,2022-07-15,2023-01-12,2022-01-03,carried_forward_screening_snapshot,low,review_2021_h1,Carried forward from 2022-01-03; no trustworthy full screening table was available for this notice date.,False,True
POML,2022-07-15,2023-01-12,2022-01-03,carried_forward_screening_snapshot,low,review_2021_h1,Carried forward from 2022-01-03; no trustworthy full screening table was available for this notice date.,False,True
POWER,2022-07-15,2023-01-12,2022-01-03,carried_forward_screening_snapshot,low,review_2021_h1,Carried forward from 2022-01-03; no trustworthy full screening table was available for this notice date.,False,True
PPL,2022-07-15,2023-01-12,2022-01-03,carried_forward_screening_snapshot,low,review_2021_h1,Carried forward from 2022-01-03; no trustworthy full screening table was available for this notice date.,False,True
PPP,2022-07-15,2023-01-12,2022-01-03,carried_forward_screening_snapshot,low,review_2021_h1,Carried forward from 2022-01-03; no trustworthy full screening table was available for this notice date.,False,True
PREMA,2022-07-15,2023-01-12,2022-01-03,carried_forward_screening_snapshot,low,review_2021_h1,Carried forward from 2022-01-03; no trustworthy full screening table was available for this notice date.,False,True
PSEL,2022-07-15,2023-01-12,2022-01-03,carried_forward_screening_snapshot,low,review_2021_h1,Carried forward from 2022-01-03; no trustworthy full screening table was available for this notice date.,False,True
PSMC,2022-07-15,2023-01-12,2022-01-03,carried_forward_screening_snapshot,low,review_2021_h1,Carried forward from 2022-01-03; no trustworthy full screening table was available for this notice date.,False,True
PSO,2022-07-15,2023-01-12,2022-01-03,carried_forward_screening_snapshot,low,review_2021_h1,Carried forward from 2022-01-03; no trustworthy full screening table was available for this notice date.,False,True
PSYL,2022-07-15,2023-01-12,2022-01-03,carried_forward_screening_snapshot,low,review_2021_h1,Carried forward from 2022-01-03; no trustworthy full screening table was available for this notice date.,False,True
PTC,2022-07-15,2023-01-12,2022-01-03,carried_forward_screening_snapshot,low,review_2021_h1,Carried forward from 2022-01-03; no trustworthy full screening table was available for this notice date.,False,True
QUICE,2022-07-15,2023-01-12,2022-01-03,carried_forward_screening_snapshot,low,review_2021_h1,Carried forward from 2022-01-03; no trustworthy full screening table was available for this notice date.,False,True
RCML,2022-07-15,2023-01-12,2022-01-03,carried_forward_screening_snapshot,low,review_2021_h1,Carried forward from 2022-01-03; no trustworthy full screening table was available for this notice date.,False,True
REDCO,2022-07-15,2023-01-12,2022-01-03,carried_forward_screening_snapshot,low,review_2021_h1,Carried forward from 2022-01-03; no trustworthy full screening table was available for this notice date.,False,True
RMPL,2022-07-15,2023-01-12,2022-01-03,carried_forward_screening_snapshot,low,review_2021_h1,Carried forward from 2022-01-03; no trustworthy full screening table was available for this notice date.,False,True
RPL,2022-07-15,2023-01-12,2022-01-03,carried_forward_screening_snapshot,low,review_2021_h1,Carried forward from 2022-01-03; no trustworthy full screening table was available for this notice date.,False,True
RUBY,2022-07-15,2023-01-12,2022-01-03,carried_forward_screening_snapshot,low,review_2021_h1,Carried forward from 2022-01-03; no trustworthy full screening table was available for this notice date.,False,True
RUPL,2022-07-15,2023-01-12,2022-01-03,carried_forward_screening_snapshot,low,review_2021_h1,Carried forward from 2022-01-03; no trustworthy full screening table was available for this notice date.,False,True
SANSM,2022-07-15,2023-01-12,2022-01-03,carried_forward_screening_snapshot,low,review_2021_h1,Carried forward from 2022-01-03; no trustworthy full screening table was available for this notice date.,False,True
SAPL,2022-07-15,2023-01-12,2022-01-03,carried_forward_screening_snapshot,low,review_2021_h1,Carried forward from 2022-01-03; no trustworthy full screening table was available for this notice date.,False,True
SARC,2022-07-15,2023-01-12,2022-01-03,carried_forward_screening_snapshot,low,review_2021_h1,Carried forward from 2022-01-03; no trustworthy full screening table was available for this notice date.,False,True
SASML,2022-07-15,2023-01-12,2022-01-03,carried_forward_screening_snapshot,low,review_2021_h1,Carried forward from 2022-01-03; no trustworthy full screening table was available for this notice date.,False,True
SAZEW,2022-07-15,2023-01-12,2022-01-03,carried_forward_screening_snapshot,low,review_2021_h1,Carried forward from 2022-01-03; no trustworthy full screening table was available for this notice date.,False,True
SCL,2022-07-15,2023-01-12,2022-01-03,carried_forward_screening_snapshot,low,review_2021_h1,Carried forward from 2022-01-03; no trustworthy full screening table was available for this notice date.,False,True
SEARL,2022-07-15,2023-01-12,2022-01-03,carried_forward_screening_snapshot,low,review_2021_h1,Carried forward from 2022-01-03; no trustworthy full screening table was available for this notice date.,False,True
SERT,2022-07-15,2023-01-12,2022-01-03,carried_forward_screening_snapshot,low,review_2021_h1,Carried forward from 2022-01-03; no trustworthy full screening table was available for this notice date.,False,True
SFL,2022-07-15,2023-01-12,2022-01-03,carried_forward_screening_snapshot,low,review_2021_h1,Carried forward from 2022-01-03; no trustworthy full screening table was available for this notice date.,False,True
SGABL,2022-07-15,2023-01-12,2022-01-03,carried_forward_screening_snapshot,low,review_2021_h1,Carried forward from 2022-01-03; no trustworthy full screening table was available for this notice date.,False,True
SGF,2022-07-15,2023-01-12,2022-01-03,carried_forward_screening_snapshot,low,review_2021_h1,Carried forward from 2022-01-03; no trustworthy full screening table was available for this notice date.,False,True
SHDT,2022-07-15,2023-01-12,2022-01-03,carried_forward_screening_snapshot,low,review_2021_h1,Carried forward from 2022-01-03; no trustworthy full screening table was available for this notice date.,False,True
SHEL,2022-07-15,2023-01-12,2022-01-03,carried_forward_screening_snapshot,low,review_2021_h1,Carried forward from 2022-01-03; no trustworthy full screening table was available for this notice date.,False,True
SHEZ,2022-07-15,2023-01-12,2022-01-03,carried_forward_screening_snapshot,low,review_2021_h1,Carried forward from 2022-01-03; no trustworthy full screening table was available for this notice date.,False,True
SHFA,2022-07-15,2023-01-12,2022-01-03,carried_forward_screening_snapshot,low,review_2021_h1,Carried forward from 2022-01-03; no trustworthy full screening table was available for this notice date.,False,True
SITC,2022-07-15,2023-01-12,2022-01-03,carried_forward_screening_snapshot,low,review_2021_h1,Carried forward from 2022-01-03; no trustworthy full screening table was available for this notice date.,False,True
SKRS,2022-07-15,2023-01-12,2022-01-03,carried_forward_screening_snapshot,low,review_2021_h1,Carried forward from 2022-01-03; no trustworthy full screening table was available for this notice date.,False,True
SMCPL,2022-07-15,2023-01-12,2022-01-03,carried_forward_screening_snapshot,low,review_2021_h1,Carried forward from 2022-01-03; no trustworthy full screening table was available for this notice date.,False,True
SML,2022-07-15,2023-01-12,2022-01-03,carried_forward_screening_snapshot,low,review_2021_h1,Carried forward from 2022-01-03; no trustworthy full screening table was available for this notice date.,False,True
SNAI,2022-07-15,2023-01-12,2022-01-03,carried_forward_screening_snapshot,low,review_2021_h1,Carried forward from 2022-01-03; no trustworthy full screening table was available for this notice date.,False,True
SNGP,2022-07-15,2023-01-12,2022-01-03,carried_forward_screening_snapshot,low,review_2021_h1,Carried forward from 2022-01-03; no trustworthy full screening table was available for this notice date.,False,True
SPEL,2022-07-15,2023-01-12,2022-01-03,carried_forward_screening_snapshot,low,review_2021_h1,Carried forward from 2022-01-03; no trustworthy full screening table was available for this notice date.,False,True
SPL,2022-07-15,2023-01-12,2022-01-03,carried_forward_screening_snapshot,low,review_2021_h1,Carried forward from 2022-01-03; no trustworthy full screening table was available for this notice date.,False,True
SSGC,2022-07-15,2023-01-12,2022-01-03,carried_forward_screening_snapshot,low,review_2021_h1,Carried forward from 2022-01-03; no trustworthy full screening table was available for this notice date.,False,True
SSML,2022-07-15,2023-01-12,2022-01-03,carried_forward_screening_snapshot,low,review_2021_h1,Carried forward from 2022-01-03; no trustworthy full screening table was available for this notice date.,False,True
STCL,2022-07-15,2023-01-12,2022-01-03,carried_forward_screening_snapshot,low,review_2021_h1,Carried forward from 2022-01-03; no trustworthy full screening table was available for this notice date.,False,True
STJT,2022-07-15,2023-01-12,2022-01-03,carried_forward_screening_snapshot,low,review_2021_h1,Carried forward from 2022-01-03; no trustworthy full screening table was available for this notice date.,False,True
STML,2022-07-15,2023-01-12,2022-01-03,carried_forward_screening_snapshot,low,review_2021_h1,Carried forward from 2022-01-03; no trustworthy full screening table was available for this notice date.,False,True
STPL,2022-07-15,2023-01-12,2022-01-03,carried_forward_screening_snapshot,low,review_2021_h1,Carried forward from 2022-01-03; no trustworthy full screening table was available for this notice date.,False,True
SURC,2022-07-15,2023-01-12,2022-01-03,carried_forward_screening_snapshot,low,review_2021_h1,Carried forward from 2022-01-03; no trustworthy full screening table was available for this notice date.,False,True
SUTM,2022-07-15,2023-01-12,2022-01-03,carried_forward_screening_snapshot,low,review_2021_h1,Carried forward from 2022-01-03; no trustworthy full screening table was available for this notice date.,False,True
SYS,2022-07-15,2023-01-12,2022-01-03,carried_forward_screening_snapshot,low,review_2021_h1,Carried forward from 2022-01-03; no trustworthy full screening table was available for this notice date.,False,True
SZTM,2022-07-15,2023-01-12,2022-01-03,carried_forward_screening_snapshot,low,review_2021_h1,Carried forward from 2022-01-03; no trustworthy full screening table was available for this notice date.,False,True
TATM,2022-07-15,2023-01-12,2022-01-03,carried_forward_screening_snapshot,low,review_2021_h1,Carried forward from 2022-01-03; no trustworthy full screening table was available for this notice date.,False,True
TELE,2022-07-15,2023-01-12,2022-01-03,carried_forward_screening_snapshot,low,review_2021_h1,Carried forward from 2022-01-03; no trustworthy full screening table was available for this notice date.,False,True
TGL,2022-07-15,2023-01-12,2022-01-03,carried_forward_screening_snapshot,low,review_2021_h1,Carried forward from 2022-01-03; no trustworthy full screening table was available for this notice date.,False,True
THALL,2022-07-15,2023-01-12,2022-01-03,carried_forward_screening_snapshot,low,review_2021_h1,Carried forward from 2022-01-03; no trustworthy full screening table was available for this notice date.,False,True
THCCL,2022-07-15,2023-01-12,2022-01-03,carried_forward_screening_snapshot,low,review_2021_h1,Carried forward from 2022-01-03; no trustworthy full screening table was available for this notice date.,False,True
TOMCL,2022-07-15,2023-01-12,2022-01-03,carried_forward_screening_snapshot,low,review_2021_h1,Carried forward from 2022-01-03; no trustworthy full screening table was available for this notice date.,False,True
TOWL,2022-07-15,2023-01-12,2022-01-03,carried_forward_screening_snapshot,low,review_2021_h1,Carried forward from 2022-01-03; no trustworthy full screening table was available for this notice date.,False,True
TREET,2022-07-15,2023-01-12,2022-01-03,carried_forward_screening_snapshot,low,review_2021_h1,Carried forward from 2022-01-03; no trustworthy full screening table was available for this notice date.,False,True
TRIPF,2022-07-15,2023-01-12,2022-01-03,carried_forward_screening_snapshot,low,review_2021_h1,Carried forward from 2022-01-03; no trustworthy full screening table was available for this notice date.,False,True
TRSM,2022-07-15,2023-01-12,2022-01-03,carried_forward_screening_snapshot,low,review_2021_h1,Carried forward from 2022-01-03; no trustworthy full screening table was available for this notice date.,False,True
UBDL,2022-07-15,2023-01-12,2022-01-03,carried_forward_screening_snapshot,low,review_2021_h1,Carried forward from 2022-01-03; no trustworthy full screening table was available for this notice date.,False,True
UCAPM,2022-07-15,2023-01-12,2022-01-03,carried_forward_screening_snapshot,low,review_2021_h1,Carried forward from 2022-01-03; no trustworthy full screening table was available for this notice date.,False,True
UDPL,2022-07-15,2023-01-12,2022-01-03,carried_forward_screening_snapshot,low,review_2021_h1,Carried forward from 2022-01-03; no trustworthy full screening table was available for this notice date.,False,True
UNITY,2022-07-15,2023-01-12,2022-01-03,carried_forward_screening_snapshot,low,review_2021_h1,Carried forward from 2022-01-03; no trustworthy full screening table was available for this notice date.,False,True
UPFL,2022-07-15,2023-01-12,2022-01-03,carried_forward_screening_snapshot,low,review_2021_h1,Carried forward from 2022-01-03; no trustworthy full screening table was available for this notice date.,False,True
WAHN,2022-07-15,2023-01-12,2022-01-03,carried_forward_screening_snapshot,low,review_2021_h1,Carried forward from 2022-01-03; no trustworthy full screening table was available for this notice date.,False,True
WAVES,2022-07-15,2023-01-12,2022-01-03,carried_forward_screening_snapshot,low,review_2021_h1,Carried forward from 2022-01-03; no trustworthy full screening table was available for this notice date.,False,True
WTL,2022-07-15,2023-01-12,2022-01-03,carried_forward_screening_snapshot,low,review_2021_h1,Carried forward from 2022-01-03; no trustworthy full screening table was available for this notice date.,False,True
WYETH,2022-07-15,2023-01-12,2022-01-03,carried_forward_screening_snapshot,low,review_2021_h1,Carried forward from 2022-01-03; no trustworthy full screening table was available for this notice date.,False,True
ZAHID,2022-07-15,2023-01-12,2022-01-03,carried_forward_screening_snapshot,low,review_2021_h1,Carried forward from 2022-01-03; no trustworthy full screening table was available for this notice date.,False,True
ZIL,2022-07-15,2023-01-12,2022-01-03,carried_forward_screening_snapshot,low,review_2021_h1,Carried forward from 2022-01-03; no trustworthy full screening table was available for this notice date.,False,True
ZTL,2022-07-15,2023-01-12,2022-01-03,carried_forward_screening_snapshot,low,review_2021_h1,Carried forward from 2022-01-03; no trustworthy full screening table was available for this notice date.,False,True
ABOT,2023-01-12,2023-07-10,2023-01-12,official_full_screening_table,medium,review_2022_h1,Directly parsed compliant rows from official PSX screening table. Exact index membership may differ because defaulter formatting and other exclusions are not consistently machine-readable.,False,True
ACPL,2023-01-12,2023-07-10,2023-01-12,official_full_screening_table,medium,review_2022_h1,Directly parsed compliant rows from official PSX screening table. Exact index membership may differ because defaulter formatting and other exclusions are not consistently machine-readable.,False,True
ADAMS,2023-01-12,2023-07-10,2023-01-12,official_full_screening_table,medium,review_2022_h1,Directly parsed compliant rows from official PSX screening table. Exact index membership may differ because defaulter formatting and other exclusions are not consistently machine-readable.,False,True
AGIL,2023-01-12,2023-07-10,2023-01-12,official_full_screening_table,medium,review_2022_h1,Directly parsed compliant rows from official PSX screening table. Exact index membership may differ because defaulter formatting and other exclusions are not consistently machine-readable.,False,True
AGP,2023-01-12,2023-07-10,2023-01-12,official_full_screening_table,medium,review_2022_h1,Directly parsed compliant rows from official PSX screening table. Exact index membership may differ because defaulter formatting and other exclusions are not consistently machine-readable.,False,True
AGTL,2023-01-12,2023-07-10,2023-01-12,official_full_screening_table,medium,review_2022_h1,Directly parsed compliant rows from official PSX screening table. Exact index membership may differ because defaulter formatting and other exclusions are not consistently machine-readable.,False,True
AHTM,2023-01-12,2023-07-10,2023-01-12,official_full_screening_table,medium,review_2022_h1,Directly parsed compliant rows from official PSX screening table. Exact index membership may differ because defaulter formatting and other exclusions are not consistently machine-readable.,False,True
AIRLINK,2023-01-12,2023-07-10,2023-01-12,official_full_screening_table,medium,review_2022_h1,Directly parsed compliant rows from official PSX screening table. Exact index membership may differ because defaulter formatting and other exclusions are not consistently machine-readable.,False,True
AKGL,2023-01-12,2023-07-10,2023-01-12,official_full_screening_table,medium,review_2022_h1,Directly parsed compliant rows from official PSX screening table. Exact index membership may differ because defaulter formatting and other exclusions are not consistently machine-readable.,False,True
ANL,2023-01-12,2023-07-10,2023-01-12,official_full_screening_table,medium,review_2022_h1,Directly parsed compliant rows from official PSX screening table. Exact index membership may differ because defaulter formatting and other exclusions are not consistently machine-readable.,False,True
ANTM,2023-01-12,2023-07-10,2023-01-12,official_full_screening_table,medium,review_2022_h1,Directly parsed compliant rows from official PSX screening table. Exact index membership may differ because defaulter formatting and other exclusions are not consistently machine-readable.,False,True
APL,2023-01-12,2023-07-10,2023-01-12,official_full_screening_table,medium,review_2022_h1,Directly parsed compliant rows from official PSX screening table. Exact index membership may differ because defaulter formatting and other exclusions are not consistently machine-readable.,False,True
ARCTM,2023-01-12,2023-07-10,2023-01-12,official_full_screening_table,medium,review_2022_h1,Directly parsed compliant rows from official PSX screening table. Exact index membership may differ because defaulter formatting and other exclusions are not consistently machine-readable.,False,True
ARM,2023-01-12,2023-07-10,2023-01-12,official_full_screening_table,medium,review_2022_h1,Directly parsed compliant rows from official PSX screening table. Exact index membership may differ because defaulter formatting and other exclusions are not consistently machine-readable.,False,True
ARPL,2023-01-12,2023-07-10,2023-01-12,official_full_screening_table,medium,review_2022_h1,Directly parsed compliant rows from official PSX screening table. Exact index membership may differ because defaulter formatting and other exclusions are not consistently machine-readable.,False,True
ASC,2023-01-12,2023-07-10,2023-01-12,official_full_screening_table,medium,review_2022_h1,Directly parsed compliant rows from official PSX screening table. Exact index membership may differ because defaulter formatting and other exclusions are not consistently machine-readable.,False,True
ASHT,2023-01-12,2023-07-10,2023-01-12,official_full_screening_table,medium,review_2022_h1,Directly parsed compliant rows from official PSX screening table. Exact index membership may differ because defaulter formatting and other exclusions are not consistently machine-readable.,False,True
ASTL,2023-01-12,2023-07-10,2023-01-12,official_full_screening_table,medium,review_2022_h1,Directly parsed compliant rows from official PSX screening table. Exact index membership may differ because defaulter formatting and other exclusions are not consistently machine-readable.,False,True
ASTM,2023-01-12,2023-07-10,2023-01-12,official_full_screening_table,medium,review_2022_h1,Directly parsed compliant rows from official PSX screening table. Exact index membership may differ because defaulter formatting and other exclusions are not consistently machine-readable.,False,True
ATBA,2023-01-12,2023-07-10,2023-01-12,official_full_screening_table,medium,review_2022_h1,Directly parsed compliant rows from official PSX screening table. Exact index membership may differ because defaulter formatting and other exclusions are not consistently machine-readable.,False,True
ATLH,2023-01-12,2023-07-10,2023-01-12,official_full_screening_table,medium,review_2022_h1,Directly parsed compliant rows from official PSX screening table. Exact index membership may differ because defaulter formatting and other exclusions are not consistently machine-readable.,False,True
ATRL,2023-01-12,2023-07-10,2023-01-12,official_full_screening_table,medium,review_2022_h1,Directly parsed compliant rows from official PSX screening table. Exact index membership may differ because defaulter formatting and other exclusions are not consistently machine-readable.,False,True
AVN,2023-01-12,2023-07-10,2023-01-12,official_full_screening_table,medium,review_2022_h1,Directly parsed compliant rows from official PSX screening table. Exact index membership may differ because defaulter formatting and other exclusions are not consistently machine-readable.,False,True
AWTX,2023-01-12,2023-07-10,2023-01-12,official_full_screening_table,medium,review_2022_h1,Directly parsed compliant rows from official PSX screening table. Exact index membership may differ because defaulter formatting and other exclusions are not consistently machine-readable.,False,True
AWWAL,2023-01-12,2023-07-10,2023-01-12,official_full_screening_table,medium,review_2022_h1,Directly parsed compliant rows from official PSX screening table. Exact index membership may differ because defaulter formatting and other exclusions are not consistently machine-readable.,False,True
BAFS,2023-01-12,2023-07-10,2023-01-12,official_full_screening_table,medium,review_2022_h1,Directly parsed compliant rows from official PSX screening table. Exact index membership may differ because defaulter formatting and other exclusions are not consistently machine-readable.,False,True
BATA,2023-01-12,2023-07-10,2023-01-12,official_full_screening_table,medium,review_2022_h1,Directly parsed compliant rows from official PSX screening table. Exact index membership may differ because defaulter formatting and other exclusions are not consistently machine-readable.,False,True
BCL,2023-01-12,2023-07-10,2023-01-12,official_full_screening_table,medium,review_2022_h1,Directly parsed compliant rows from official PSX screening table. Exact index membership may differ because defaulter formatting and other exclusions are not consistently machine-readable.,False,True
BECO,2023-01-12,2023-07-10,2023-01-12,official_full_screening_table,medium,review_2022_h1,Directly parsed compliant rows from official PSX screening table. Exact index membership may differ because defaulter formatting and other exclusions are not consistently machine-readable.,False,True
BERG,2023-01-12,2023-07-10,2023-01-12,official_full_screening_table,medium,review_2022_h1,Directly parsed compliant rows from official PSX screening table. Exact index membership may differ because defaulter formatting and other exclusions are not consistently machine-readable.,False,True
BFMOD,2023-01-12,2023-07-10,2023-01-12,official_full_screening_table,medium,review_2022_h1,Directly parsed compliant rows from official PSX screening table. Exact index membership may differ because defaulter formatting and other exclusions are not consistently machine-readable.,False,True
BHAT,2023-01-12,2023-07-10,2023-01-12,official_full_screening_table,medium,review_2022_h1,Directly parsed compliant rows from official PSX screening table. Exact index membership may differ because defaulter formatting and other exclusions are not consistently machine-readable.,False,True
BIFO,2023-01-12,2023-07-10,2023-01-12,official_full_screening_table,medium,review_2022_h1,Directly parsed compliant rows from official PSX screening table. Exact index membership may differ because defaulter formatting and other exclusions are not consistently machine-readable.,False,True
BIPL,2023-01-12,2023-07-10,2023-01-12,official_full_screening_table,medium,review_2022_h1,Directly parsed compliant rows from official PSX screening table. Exact index membership may differ because defaulter formatting and other exclusions are not consistently machine-readable.,False,True
BNL,2023-01-12,2023-07-10,2023-01-12,official_full_screening_table,medium,review_2022_h1,Directly parsed compliant rows from official PSX screening table. Exact index membership may differ because defaulter formatting and other exclusions are not consistently machine-readable.,False,True
BNWM,2023-01-12,2023-07-10,2023-01-12,official_full_screening_table,medium,review_2022_h1,Directly parsed compliant rows from official PSX screening table. Exact index membership may differ because defaulter formatting and other exclusions are not consistently machine-readable.,False,True
BPL,2023-01-12,2023-07-10,2023-01-12,official_full_screening_table,medium,review_2022_h1,Directly parsed compliant rows from official PSX screening table. Exact index membership may differ because defaulter formatting and other exclusions are not consistently machine-readable.,False,True
BRR,2023-01-12,2023-07-10,2023-01-12,official_full_screening_table,medium,review_2022_h1,Directly parsed compliant rows from official PSX screening table. Exact index membership may differ because defaulter formatting and other exclusions are not consistently machine-readable.,False,True
BTL,2023-01-12,2023-07-10,2023-01-12,official_full_screening_table,medium,review_2022_h1,Directly parsed compliant rows from official PSX screening table. Exact index membership may differ because defaulter formatting and other exclusions are not consistently machine-readable.,False,True
BUXL,2023-01-12,2023-07-10,2023-01-12,official_full_screening_table,medium,review_2022_h1,Directly parsed compliant rows from official PSX screening table. Exact index membership may differ because defaulter formatting and other exclusions are not consistently machine-readable.,False,True
BWCL,2023-01-12,2023-07-10,2023-01-12,official_full_screening_table,medium,review_2022_h1,Directly parsed compliant rows from official PSX screening table. Exact index membership may differ because defaulter formatting and other exclusions are not consistently machine-readable.,False,True
BWHL,2023-01-12,2023-07-10,2023-01-12,official_full_screening_table,medium,review_2022_h1,Directly parsed compliant rows from official PSX screening table. Exact index membership may differ because defaulter formatting and other exclusions are not consistently machine-readable.,False,True
CCM,2023-01-12,2023-07-10,2023-01-12,official_full_screening_table,medium,review_2022_h1,Directly parsed compliant rows from official PSX screening table. Exact index membership may differ because defaulter formatting and other exclusions are not consistently machine-readable.,False,True
CEPB,2023-01-12,2023-07-10,2023-01-12,official_full_screening_table,medium,review_2022_h1,Directly parsed compliant rows from official PSX screening table. Exact index membership may differ because defaulter formatting and other exclusions are not consistently machine-readable.,False,True
CFL,2023-01-12,2023-07-10,2023-01-12,official_full_screening_table,medium,review_2022_h1,Directly parsed compliant rows from official PSX screening table. Exact index membership may differ because defaulter formatting and other exclusions are not consistently machine-readable.,False,True
CHCC,2023-01-12,2023-07-10,2023-01-12,official_full_screening_table,medium,review_2022_h1,Directly parsed compliant rows from official PSX screening table. Exact index membership may differ because defaulter formatting and other exclusions are not consistently machine-readable.,False,True
CLOV,2023-01-12,2023-07-10,2023-01-12,official_full_screening_table,medium,review_2022_h1,Directly parsed compliant rows from official PSX screening table. Exact index membership may differ because defaulter formatting and other exclusions are not consistently machine-readable.,False,True
CLVL,2023-01-12,2023-07-10,2023-01-12,official_full_screening_table,medium,review_2022_h1,Directly parsed compliant rows from official PSX screening table. Exact index membership may differ because defaulter formatting and other exclusions are not consistently machine-readable.,False,True
CNERGY,2023-01-12,2023-07-10,2023-01-12,official_full_screening_table,medium,review_2022_h1,Directly parsed compliant rows from official PSX screening table. Exact index membership may differ because defaulter formatting and other exclusions are not consistently machine-readable.,False,True
COLG,2023-01-12,2023-07-10,2023-01-12,official_full_screening_table,medium,review_2022_h1,Directly parsed compliant rows from official PSX screening table. Exact index membership may differ because defaulter formatting and other exclusions are not consistently machine-readable.,False,True
CPHL,2023-01-12,2023-07-10,2023-01-12,official_full_screening_table,medium,review_2022_h1,Directly parsed compliant rows from official PSX screening table. Exact index membership may differ because defaulter formatting and other exclusions are not consistently machine-readable.,False,True
CPPL,2023-01-12,2023-07-10,2023-01-12,official_full_screening_table,medium,review_2022_h1,Directly parsed compliant rows from official PSX screening table. Exact index membership may differ because defaulter formatting and other exclusions are not consistently machine-readable.,False,True
CSAP,2023-01-12,2023-07-10,2023-01-12,official_full_screening_table,medium,review_2022_h1,Directly parsed compliant rows from official PSX screening table. Exact index membership may differ because defaulter formatting and other exclusions are not consistently machine-readable.,False,True
CTM,2023-01-12,2023-07-10,2023-01-12,official_full_screening_table,medium,review_2022_h1,Directly parsed compliant rows from official PSX screening table. Exact index membership may differ because defaulter formatting and other exclusions are not consistently machine-readable.,False,True
DAAG,2023-01-12,2023-07-10,2023-01-12,official_full_screening_table,medium,review_2022_h1,Directly parsed compliant rows from official PSX screening table. Exact index membership may differ because defaulter formatting and other exclusions are not consistently machine-readable.,False,True
DADX,2023-01-12,2023-07-10,2023-01-12,official_full_screening_table,medium,review_2022_h1,Directly parsed compliant rows from official PSX screening table. Exact index membership may differ because defaulter formatting and other exclusions are not consistently machine-readable.,False,True
DAWH,2023-01-12,2023-07-10,2023-01-12,official_full_screening_table,medium,review_2022_h1,Directly parsed compliant rows from official PSX screening table. Exact index membership may differ because defaulter formatting and other exclusions are not consistently machine-readable.,False,True
DCL,2023-01-12,2023-07-10,2023-01-12,official_full_screening_table,medium,review_2022_h1,Directly parsed compliant rows from official PSX screening table. Exact index membership may differ because defaulter formatting and other exclusions are not consistently machine-readable.,False,True
DCR,2023-01-12,2023-07-10,2023-01-12,official_full_screening_table,medium,review_2022_h1,Directly parsed compliant rows from official PSX screening table. Exact index membership may differ because defaulter formatting and other exclusions are not consistently machine-readable.,False,True
DFSM,2023-01-12,2023-07-10,2023-01-12,official_full_screening_table,medium,review_2022_h1,Directly parsed compliant rows from official PSX screening table. Exact index membership may differ because defaulter formatting and other exclusions are not consistently machine-readable.,False,True
DGKC,2023-01-12,2023-07-10,2023-01-12,official_full_screening_table,medium,review_2022_h1,Directly parsed compliant rows from official PSX screening table. Exact index membership may differ because defaulter formatting and other exclusions are not consistently machine-readable.,False,True
DIIL,2023-01-12,2023-07-10,2023-01-12,official_full_screening_table,medium,review_2022_h1,Directly parsed compliant rows from official PSX screening table. Exact index membership may differ because defaulter formatting and other exclusions are not consistently machine-readable.,False,True
DINT,2023-01-12,2023-07-10,2023-01-12,official_full_screening_table,medium,review_2022_h1,Directly parsed compliant rows from official PSX screening table. Exact index membership may differ because defaulter formatting and other exclusions are not consistently machine-readable.,False,True
DLL,2023-01-12,2023-07-10,2023-01-12,official_full_screening_table,medium,review_2022_h1,Directly parsed compliant rows from official PSX screening table. Exact index membership may differ because defaulter formatting and other exclusions are not consistently machine-readable.,False,True
DOL,2023-01-12,2023-07-10,2023-01-12,official_full_screening_table,medium,review_2022_h1,Directly parsed compliant rows from official PSX screening table. Exact index membership may differ because defaulter formatting and other exclusions are not consistently machine-readable.,False,True
DYNO,2023-01-12,2023-07-10,2023-01-12,official_full_screening_table,medium,review_2022_h1,Directly parsed compliant rows from official PSX screening table. Exact index membership may differ because defaulter formatting and other exclusions are not consistently machine-readable.,False,True
EFERT,2023-01-12,2023-07-10,2023-01-12,official_full_screening_table,medium,review_2022_h1,Directly parsed compliant rows from official PSX screening table. Exact index membership may differ because defaulter formatting and other exclusions are not consistently machine-readable.,False,True
ELCM,2023-01-12,2023-07-10,2023-01-12,official_full_screening_table,medium,review_2022_h1,Directly parsed compliant rows from official PSX screening table. Exact index membership may differ because defaulter formatting and other exclusions are not consistently machine-readable.,False,True
EMCO,2023-01-12,2023-07-10,2023-01-12,official_full_screening_table,medium,review_2022_h1,Directly parsed compliant rows from official PSX screening table. Exact index membership may differ because defaulter formatting and other exclusions are not consistently machine-readable.,False,True
ENGRO,2023-01-12,2023-07-10,2023-01-12,official_full_screening_table,medium,review_2022_h1,Directly parsed compliant rows from official PSX screening table. Exact index membership may differ because defaulter formatting and other exclusions are not consistently machine-readable.,False,True
EPCL,2023-01-12,2023-07-10,2023-01-12,official_full_screening_table,medium,review_2022_h1,Directly parsed compliant rows from official PSX screening table. Exact index membership may differ because defaulter formatting and other exclusions are not consistently machine-readable.,False,True
EPQL,2023-01-12,2023-07-10,2023-01-12,official_full_screening_table,medium,review_2022_h1,Directly parsed compliant rows from official PSX screening table. Exact index membership may differ because defaulter formatting and other exclusions are not consistently machine-readable.,False,True
EXIDE,2023-01-12,2023-07-10,2023-01-12,official_full_screening_table,medium,review_2022_h1,Directly parsed compliant rows from official PSX screening table. Exact index membership may differ because defaulter formatting and other exclusions are not consistently machine-readable.,False,True
FATIMA,2023-01-12,2023-07-10,2023-01-12,official_full_screening_table,medium,review_2022_h1,Directly parsed compliant rows from official PSX screening table. Exact index membership may differ because defaulter formatting and other exclusions are not consistently machine-readable.,False,True
FCCL,2023-01-12,2023-07-10,2023-01-12,official_full_screening_table,medium,review_2022_h1,Directly parsed compliant rows from official PSX screening table. Exact index membership may differ because defaulter formatting and other exclusions are not consistently machine-readable.,False,True
FCEPL,2023-01-12,2023-07-10,2023-01-12,official_full_screening_table,medium,review_2022_h1,Directly parsed compliant rows from official PSX screening table. Exact index membership may differ because defaulter formatting and other exclusions are not consistently machine-readable.,False,True
FECM,2023-01-12,2023-07-10,2023-01-12,official_full_screening_table,medium,review_2022_h1,Directly parsed compliant rows from official PSX screening table. Exact index membership may differ because defaulter formatting and other exclusions are not consistently machine-readable.,False,True
FECTC,2023-01-12,2023-07-10,2023-01-12,official_full_screening_table,medium,review_2022_h1,Directly parsed compliant rows from official PSX screening table. Exact index membership may differ because defaulter formatting and other exclusions are not consistently machine-readable.,False,True
FEM,2023-01-12,2023-07-10,2023-01-12,official_full_screening_table,medium,review_2022_h1,Directly parsed compliant rows from official PSX screening table. Exact index membership may differ because defaulter formatting and other exclusions are not consistently machine-readable.,False,True
FEROZ,2023-01-12,2023-07-10,2023-01-12,official_full_screening_table,medium,review_2022_h1,Directly parsed compliant rows from official PSX screening table. Exact index membership may differ because defaulter formatting and other exclusions are not consistently machine-readable.,False,True
FFBL,2023-01-12,2023-07-10,2023-01-12,official_full_screening_table,medium,review_2022_h1,Directly parsed compliant rows from official PSX screening table. Exact index membership may differ because defaulter formatting and other exclusions are not consistently machine-readable.,False,True
FFLM,2023-01-12,2023-07-10,2023-01-12,official_full_screening_table,medium,review_2022_h1,Directly parsed compliant rows from official PSX screening table. Exact index membership may differ because defaulter formatting and other exclusions are not consistently machine-readable.,False,True
FHAM,2023-01-12,2023-07-10,2023-01-12,official_full_screening_table,medium,review_2022_h1,Directly parsed compliant rows from official PSX screening table. Exact index membership may differ because defaulter formatting and other exclusions are not consistently machine-readable.,False,True
FIBLM,2023-01-12,2023-07-10,2023-01-12,official_full_screening_table,medium,review_2022_h1,Directly parsed compliant rows from official PSX screening table. Exact index membership may differ because defaulter formatting and other exclusions are not consistently machine-readable.,False,True
FIMM,2023-01-12,2023-07-10,2023-01-12,official_full_screening_table,medium,review_2022_h1,Directly parsed compliant rows from official PSX screening table. Exact index membership may differ because defaulter formatting and other exclusions are not consistently machine-readable.,False,True
FLYNG,2023-01-12,2023-07-10,2023-01-12,official_full_screening_table,medium,review_2022_h1,Directly parsed compliant rows from official PSX screening table. Exact index membership may differ because defaulter formatting and other exclusions are not consistently machine-readable.,False,True
FML,2023-01-12,2023-07-10,2023-01-12,official_full_screening_table,medium,review_2022_h1,Directly parsed compliant rows from official PSX screening table. Exact index membership may differ because defaulter formatting and other exclusions are not consistently machine-readable.,False,True
FPJM,2023-01-12,2023-07-10,2023-01-12,official_full_screening_table,medium,review_2022_h1,Directly parsed compliant rows from official PSX screening table. Exact index membership may differ because defaulter formatting and other exclusions are not consistently machine-readable.,False,True
FPRM,2023-01-12,2023-07-10,2023-01-12,official_full_screening_table,medium,review_2022_h1,Directly parsed compliant rows from official PSX screening table. Exact index membership may differ because defaulter formatting and other exclusions are not consistently machine-readable.,False,True
FRCL,2023-01-12,2023-07-10,2023-01-12,official_full_screening_table,medium,review_2022_h1,Directly parsed compliant rows from official PSX screening table. Exact index membership may differ because defaulter formatting and other exclusions are not consistently machine-readable.,False,True
FRSM,2023-01-12,2023-07-10,2023-01-12,official_full_screening_table,medium,review_2022_h1,Directly parsed compliant rows from official PSX screening table. Exact index membership may differ because defaulter formatting and other exclusions are not consistently machine-readable.,False,True
FTMM,2023-01-12,2023-07-10,2023-01-12,official_full_screening_table,medium,review_2022_h1,Directly parsed compliant rows from official PSX screening table. Exact index membership may differ because defaulter formatting and other exclusions are not consistently machine-readable.,False,True
FTSM,2023-01-12,2023-07-10,2023-01-12,official_full_screening_table,medium,review_2022_h1,Directly parsed compliant rows from official PSX screening table. Exact index membership may differ because defaulter formatting and other exclusions are not consistently machine-readable.,False,True
FUDLM,2023-01-12,2023-07-10,2023-01-12,official_full_screening_table,medium,review_2022_h1,Directly parsed compliant rows from official PSX screening table. Exact index membership may differ because defaulter formatting and other exclusions are not consistently machine-readable.,False,True
FZCM,2023-01-12,2023-07-10,2023-01-12,official_full_screening_table,medium,review_2022_h1,Directly parsed compliant rows from official PSX screening table. Exact index membership may differ because defaulter formatting and other exclusions are not consistently machine-readable.,False,True
GADT,2023-01-12,2023-07-10,2023-01-12,official_full_screening_table,medium,review_2022_h1,Directly parsed compliant rows from official PSX screening table. Exact index membership may differ because defaulter formatting and other exclusions are not consistently machine-readable.,False,True
GAMON,2023-01-12,2023-07-10,2023-01-12,official_full_screening_table,medium,review_2022_h1,Directly parsed compliant rows from official PSX screening table. Exact index membership may differ because defaulter formatting and other exclusions are not consistently machine-readable.,False,True
GATI,2023-01-12,2023-07-10,2023-01-12,official_full_screening_table,medium,review_2022_h1,Directly parsed compliant rows from official PSX screening table. Exact index membership may differ because defaulter formatting and other exclusions are not consistently machine-readable.,False,True
GEMPAPL,2023-01-12,2023-07-10,2023-01-12,official_full_screening_table,medium,review_2022_h1,Directly parsed compliant rows from official PSX screening table. Exact index membership may differ because defaulter formatting and other exclusions are not consistently machine-readable.,False,True
GEMSPNL,2023-01-12,2023-07-10,2023-01-12,official_full_screening_table,medium,review_2022_h1,Directly parsed compliant rows from official PSX screening table. Exact index membership may differ because defaulter formatting and other exclusions are not consistently machine-readable.,False,True
GEMUNSL,2023-01-12,2023-07-10,2023-01-12,official_full_screening_table,medium,review_2022_h1,Directly parsed compliant rows from official PSX screening table. Exact index membership may differ because defaulter formatting and other exclusions are not consistently machine-readable.,False,True
GFIL,2023-01-12,2023-07-10,2023-01-12,official_full_screening_table,medium,review_2022_h1,Directly parsed compliant rows from official PSX screening table. Exact index membership may differ because defaulter formatting and other exclusions are not consistently machine-readable.,False,True
GGGL,2023-01-12,2023-07-10,2023-01-12,official_full_screening_table,medium,review_2022_h1,Directly parsed compliant rows from official PSX screening table. Exact index membership may differ because defaulter formatting and other exclusions are not consistently machine-readable.,False,True
GGL,2023-01-12,2023-07-10,2023-01-12,official_full_screening_table,medium,review_2022_h1,Directly parsed compliant rows from official PSX screening table. Exact index membership may differ because defaulter formatting and other exclusions are not consistently machine-readable.,False,True
GHGL,2023-01-12,2023-07-10,2023-01-12,official_full_screening_table,medium,review_2022_h1,Directly parsed compliant rows from official PSX screening table. Exact index membership may differ because defaulter formatting and other exclusions are not consistently machine-readable.,False,True
GHNI,2023-01-12,2023-07-10,2023-01-12,official_full_screening_table,medium,review_2022_h1,Directly parsed compliant rows from official PSX screening table. Exact index membership may differ because defaulter formatting and other exclusions are not consistently machine-readable.,False,True
GHNL,2023-01-12,2023-07-10,2023-01-12,official_full_screening_table,medium,review_2022_h1,Directly parsed compliant rows from official PSX screening table. Exact index membership may differ because defaulter formatting and other exclusions are not consistently machine-readable.,False,True
GIL,2023-01-12,2023-07-10,2023-01-12,official_full_screening_table,medium,review_2022_h1,Directly parsed compliant rows from official PSX screening table. Exact index membership may differ because defaulter formatting and other exclusions are not consistently machine-readable.,False,True
GLAXO,2023-01-12,2023-07-10,2023-01-12,official_full_screening_table,medium,review_2022_h1,Directly parsed compliant rows from official PSX screening table. Exact index membership may differ because defaulter formatting and other exclusions are not consistently machine-readable.,False,True
GLPL,2023-01-12,2023-07-10,2023-01-12,official_full_screening_table,medium,review_2022_h1,Directly parsed compliant rows from official PSX screening table. Exact index membership may differ because defaulter formatting and other exclusions are not consistently machine-readable.,False,True
GOC,2023-01-12,2023-07-10,2023-01-12,official_full_screening_table,medium,review_2022_h1,Directly parsed compliant rows from official PSX screening table. Exact index membership may differ because defaulter formatting and other exclusions are not consistently machine-readable.,False,True
GSKCH,2023-01-12,2023-07-10,2023-01-12,official_full_screening_table,medium,review_2022_h1,Directly parsed compliant rows from official PSX screening table. Exact index membership may differ because defaulter formatting and other exclusions are not consistently machine-readable.,False,True
GTYR,2023-01-12,2023-07-10,2023-01-12,official_full_screening_table,medium,review_2022_h1,Directly parsed compliant rows from official PSX screening table. Exact index membership may differ because defaulter formatting and other exclusions are not consistently machine-readable.,False,True
GVGL,2023-01-12,2023-07-10,2023-01-12,official_full_screening_table,medium,review_2022_h1,Directly parsed compliant rows from official PSX screening table. Exact index membership may differ because defaulter formatting and other exclusions are not consistently machine-readable.,False,True
GWLC,2023-01-12,2023-07-10,2023-01-12,official_full_screening_table,medium,review_2022_h1,Directly parsed compliant rows from official PSX screening table. Exact index membership may differ because defaulter formatting and other exclusions are not consistently machine-readable.,False,True
HAEL,2023-01-12,2023-07-10,2023-01-12,official_full_screening_table,medium,review_2022_h1,Directly parsed compliant rows from official PSX screening table. Exact index membership may differ because defaulter formatting and other exclusions are not consistently machine-readable.,False,True
HAFL,2023-01-12,2023-07-10,2023-01-12,official_full_screening_table,medium,review_2022_h1,Directly parsed compliant rows from official PSX screening table. Exact index membership may differ because defaulter formatting and other exclusions are not consistently machine-readable.,False,True
HCAR,2023-01-12,2023-07-10,2023-01-12,official_full_screening_table,medium,review_2022_h1,Directly parsed compliant rows from official PSX screening table. Exact index membership may differ because defaulter formatting and other exclusions are not consistently machine-readable.,False,True
HCL,2023-01-12,2023-07-10,2023-01-12,official_full_screening_table,medium,review_2022_h1,Directly parsed compliant rows from official PSX screening table. Exact index membership may differ because defaulter formatting and other exclusions are not consistently machine-readable.,False,True
HINOON,2023-01-12,2023-07-10,2023-01-12,official_full_screening_table,medium,review_2022_h1,Directly parsed compliant rows from official PSX screening table. Exact index membership may differ because defaulter formatting and other exclusions are not consistently machine-readable.,False,True
HMM,2023-01-12,2023-07-10,2023-01-12,official_full_screening_table,medium,review_2022_h1,Directly parsed compliant rows from official PSX screening table. Exact index membership may differ because defaulter formatting and other exclusions are not consistently machine-readable.,False,True
HRPL,2023-01-12,2023-07-10,2023-01-12,official_full_screening_table,medium,review_2022_h1,Directly parsed compliant rows from official PSX screening table. Exact index membership may differ because defaulter formatting and other exclusions are not consistently machine-readable.,False,True
HSM,2023-01-12,2023-07-10,2023-01-12,official_full_screening_table,medium,review_2022_h1,Directly parsed compliant rows from official PSX screening table. Exact index membership may differ because defaulter formatting and other exclusions are not consistently machine-readable.,False,True
HTL,2023-01-12,2023-07-10,2023-01-12,official_full_screening_table,medium,review_2022_h1,Directly parsed compliant rows from official PSX screening table. Exact index membership may differ because defaulter formatting and other exclusions are not consistently machine-readable.,False,True
IBFL,2023-01-12,2023-07-10,2023-01-12,official_full_screening_table,medium,review_2022_h1,Directly parsed compliant rows from official PSX screening table. Exact index membership may differ because defaulter formatting and other exclusions are not consistently machine-readable.,False,True
IBLHL,2023-01-12,2023-07-10,2023-01-12,official_full_screening_table,medium,review_2022_h1,Directly parsed compliant rows from official PSX screening table. Exact index membership may differ because defaulter formatting and other exclusions are not consistently machine-readable.,False,True
ICI,2023-01-12,2023-07-10,2023-01-12,official_full_screening_table,medium,review_2022_h1,Directly parsed compliant rows from official PSX screening table. Exact index membership may differ because defaulter formatting and other exclusions are not consistently machine-readable.,False,True
ICL,2023-01-12,2023-07-10,2023-01-12,official_full_screening_table,medium,review_2022_h1,Directly parsed compliant rows from official PSX screening table. Exact index membership may differ because defaulter formatting and other exclusions are not consistently machine-readable.,False,True
IDRT,2023-01-12,2023-07-10,2023-01-12,official_full_screening_table,medium,review_2022_h1,Directly parsed compliant rows from official PSX screening table. Exact index membership may differ because defaulter formatting and other exclusions are not consistently machine-readable.,False,True
IDSM,2023-01-12,2023-07-10,2023-01-12,official_full_screening_table,medium,review_2022_h1,Directly parsed compliant rows from official PSX screening table. Exact index membership may differ because defaulter formatting and other exclusions are not consistently machine-readable.,False,True
ILP,2023-01-12,2023-07-10,2023-01-12,official_full_screening_table,medium,review_2022_h1,Directly parsed compliant rows from official PSX screening table. Exact index membership may differ because defaulter formatting and other exclusions are not consistently machine-readable.,False,True
IMAGE,2023-01-12,2023-07-10,2023-01-12,official_full_screening_table,medium,review_2022_h1,Directly parsed compliant rows from official PSX screening table. Exact index membership may differ because defaulter formatting and other exclusions are not consistently machine-readable.,False,True
INIL,2023-01-12,2023-07-10,2023-01-12,official_full_screening_table,medium,review_2022_h1,Directly parsed compliant rows from official PSX screening table. Exact index membership may differ because defaulter formatting and other exclusions are not consistently machine-readable.,False,True
ISL,2023-01-12,2023-07-10,2023-01-12,official_full_screening_table,medium,review_2022_h1,Directly parsed compliant rows from official PSX screening table. Exact index membership may differ because defaulter formatting and other exclusions are not consistently machine-readable.,False,True
ITTEFAQ,2023-01-12,2023-07-10,2023-01-12,official_full_screening_table,medium,review_2022_h1,Directly parsed compliant rows from official PSX screening table. Exact index membership may differ because defaulter formatting and other exclusions are not consistently machine-readable.,False,True
JATM,2023-01-12,2023-07-10,2023-01-12,official_full_screening_table,medium,review_2022_h1,Directly parsed compliant rows from official PSX screening table. Exact index membership may differ because defaulter formatting and other exclusions are not consistently machine-readable.,False,True
JDMT,2023-01-12,2023-07-10,2023-01-12,official_full_screening_table,medium,review_2022_h1,Directly parsed compliant rows from official PSX screening table. Exact index membership may differ because defaulter formatting and other exclusions are not consistently machine-readable.,False,True
JKSM,2023-01-12,2023-07-10,2023-01-12,official_full_screening_table,medium,review_2022_h1,Directly parsed compliant rows from official PSX screening table. Exact index membership may differ because defaulter formatting and other exclusions are not consistently machine-readable.,False,True
JOPP,2023-01-12,2023-07-10,2023-01-12,official_full_screening_table,medium,review_2022_h1,Directly parsed compliant rows from official PSX screening table. Exact index membership may differ because defaulter formatting and other exclusions are not consistently machine-readable.,False,True
JSML,2023-01-12,2023-07-10,2023-01-12,official_full_screening_table,medium,review_2022_h1,Directly parsed compliant rows from official PSX screening table. Exact index membership may differ because defaulter formatting and other exclusions are not consistently machine-readable.,False,True
JVDC,2023-01-12,2023-07-10,2023-01-12,official_full_screening_table,medium,review_2022_h1,Directly parsed compliant rows from official PSX screening table. Exact index membership may differ because defaulter formatting and other exclusions are not consistently machine-readable.,False,True
KASBM,2023-01-12,2023-07-10,2023-01-12,official_full_screening_table,medium,review_2022_h1,Directly parsed compliant rows from official PSX screening table. Exact index membership may differ because defaulter formatting and other exclusions are not consistently machine-readable.,False,True
KEL,2023-01-12,2023-07-10,2023-01-12,official_full_screening_table,medium,review_2022_h1,Directly parsed compliant rows from official PSX screening table. Exact index membership may differ because defaulter formatting and other exclusions are not consistently machine-readable.,False,True
KHYT,2023-01-12,2023-07-10,2023-01-12,official_full_screening_table,medium,review_2022_h1,Directly parsed compliant rows from official PSX screening table. Exact index membership may differ because defaulter formatting and other exclusions are not consistently machine-readable.,False,True
KOHC,2023-01-12,2023-07-10,2023-01-12,official_full_screening_table,medium,review_2022_h1,Directly parsed compliant rows from official PSX screening table. Exact index membership may differ because defaulter formatting and other exclusions are not consistently machine-readable.,False,True
KOHE,2023-01-12,2023-07-10,2023-01-12,official_full_screening_table,medium,review_2022_h1,Directly parsed compliant rows from official PSX screening table. Exact index membership may differ because defaulter formatting and other exclusions are not consistently machine-readable.,False,True
KOHTM,2023-01-12,2023-07-10,2023-01-12,official_full_screening_table,medium,review_2022_h1,Directly parsed compliant rows from official PSX screening table. Exact index membership may differ because defaulter formatting and other exclusions are not consistently machine-readable.,False,True
KSBP,2023-01-12,2023-07-10,2023-01-12,official_full_screening_table,medium,review_2022_h1,Directly parsed compliant rows from official PSX screening table. Exact index membership may differ because defaulter formatting and other exclusions are not consistently machine-readable.,False,True
KTML,2023-01-12,2023-07-10,2023-01-12,official_full_screening_table,medium,review_2022_h1,Directly parsed compliant rows from official PSX screening table. Exact index membership may differ because defaulter formatting and other exclusions are not consistently machine-readable.,False,True
LEUL,2023-01-12,2023-07-10,2023-01-12,official_full_screening_table,medium,review_2022_h1,Directly parsed compliant rows from official PSX screening table. Exact index membership may differ because defaulter formatting and other exclusions are not consistently machine-readable.,False,True
LPGL,2023-01-12,2023-07-10,2023-01-12,official_full_screening_table,medium,review_2022_h1,Directly parsed compliant rows from official PSX screening table. Exact index membership may differ because defaulter formatting and other exclusions are not consistently machine-readable.,False,True
LUCK,2023-01-12,2023-07-10,2023-01-12,official_full_screening_table,medium,review_2022_h1,Directly parsed compliant rows from official PSX screening table. Exact index membership may differ because defaulter formatting and other exclusions are not consistently machine-readable.,False,True
MACFL,2023-01-12,2023-07-10,2023-01-12,official_full_screening_table,medium,review_2022_h1,Directly parsed compliant rows from official PSX screening table. Exact index membership may differ because defaulter formatting and other exclusions are not consistently machine-readable.,False,True
MACTER,2023-01-12,2023-07-10,2023-01-12,official_full_screening_table,medium,review_2022_h1,Directly parsed compliant rows from official PSX screening table. Exact index membership may differ because defaulter formatting and other exclusions are not consistently machine-readable.,False,True
MARI,2023-01-12,2023-07-10,2023-01-12,official_full_screening_table,medium,review_2022_h1,Directly parsed compliant rows from official PSX screening table. Exact index membership may differ because defaulter formatting and other exclusions are not consistently machine-readable.,False,True
MEBL,2023-01-12,2023-07-10,2023-01-12,official_full_screening_table,medium,review_2022_h1,Directly parsed compliant rows from official PSX screening table. Exact index membership may differ because defaulter formatting and other exclusions are not consistently machine-readable.,False,True
MFFL,2023-01-12,2023-07-10,2023-01-12,official_full_screening_table,medium,review_2022_h1,Directly parsed compliant rows from official PSX screening table. Exact index membership may differ because defaulter formatting and other exclusions are not consistently machine-readable.,False,True
MLCF,2023-01-12,2023-07-10,2023-01-12,official_full_screening_table,medium,review_2022_h1,Directly parsed compliant rows from official PSX screening table. Exact index membership may differ because defaulter formatting and other exclusions are not consistently machine-readable.,False,True
MODAM,2023-01-12,2023-07-10,2023-01-12,official_full_screening_table,medium,review_2022_h1,Directly parsed compliant rows from official PSX screening table. Exact index membership may differ because defaulter formatting and other exclusions are not consistently machine-readable.,False,True
MSCL,2023-01-12,2023-07-10,2023-01-12,official_full_screening_table,medium,review_2022_h1,Directly parsed compliant rows from official PSX screening table. Exact index membership may differ because defaulter formatting and other exclusions are not consistently machine-readable.,False,True
MTL,2023-01-12,2023-07-10,2023-01-12,official_full_screening_table,medium,review_2022_h1,Directly parsed compliant rows from official PSX screening table. Exact index membership may differ because defaulter formatting and other exclusions are not consistently machine-readable.,False,True
MUGHAL,2023-01-12,2023-07-10,2023-01-12,official_full_screening_table,medium,review_2022_h1,Directly parsed compliant rows from official PSX screening table. Exact index membership may differ because defaulter formatting and other exclusions are not consistently machine-readable.,False,True
NATF,2023-01-12,2023-07-10,2023-01-12,official_full_screening_table,medium,review_2022_h1,Directly parsed compliant rows from official PSX screening table. Exact index membership may differ because defaulter formatting and other exclusions are not consistently machine-readable.,False,True
NATM,2023-01-12,2023-07-10,2023-01-12,official_full_screening_table,medium,review_2022_h1,Directly parsed compliant rows from official PSX screening table. Exact index membership may differ because defaulter formatting and other exclusions are not consistently machine-readable.,False,True
NCL,2023-01-12,2023-07-10,2023-01-12,official_full_screening_table,medium,review_2022_h1,Directly parsed compliant rows from official PSX screening table. Exact index membership may differ because defaulter formatting and other exclusions are not consistently machine-readable.,False,True
NESTLE,2023-01-12,2023-07-10,2023-01-12,official_full_screening_table,medium,review_2022_h1,Directly parsed compliant rows from official PSX screening table. Exact index membership may differ because defaulter formatting and other exclusions are not consistently machine-readable.,False,True
NETSOL,2023-01-12,2023-07-10,2023-01-12,official_full_screening_table,medium,review_2022_h1,Directly parsed compliant rows from official PSX screening table. Exact index membership may differ because defaulter formatting and other exclusions are not consistently machine-readable.,False,True
NML,2023-01-12,2023-07-10,2023-01-12,official_full_screening_table,medium,review_2022_h1,Directly parsed compliant rows from official PSX screening table. Exact index membership may differ because defaulter formatting and other exclusions are not consistently machine-readable.,False,True
NRL,2023-01-12,2023-07-10,2023-01-12,official_full_screening_table,medium,review_2022_h1,Directly parsed compliant rows from official PSX screening table. Exact index membership may differ because defaulter formatting and other exclusions are not consistently machine-readable.,False,True
NSRM,2023-01-12,2023-07-10,2023-01-12,official_full_screening_table,medium,review_2022_h1,Directly parsed compliant rows from official PSX screening table. Exact index membership may differ because defaulter formatting and other exclusions are not consistently machine-readable.,False,True
OGDC,2023-01-12,2023-07-10,2023-01-12,official_full_screening_table,medium,review_2022_h1,Directly parsed compliant rows from official PSX screening table. Exact index membership may differ because defaulter formatting and other exclusions are not consistently machine-readable.,False,True
OLPM,2023-01-12,2023-07-10,2023-01-12,official_full_screening_table,medium,review_2022_h1,Directly parsed compliant rows from official PSX screening table. Exact index membership may differ because defaulter formatting and other exclusions are not consistently machine-readable.,False,True
OML,2023-01-12,2023-07-10,2023-01-12,official_full_screening_table,medium,review_2022_h1,Directly parsed compliant rows from official PSX screening table. Exact index membership may differ because defaulter formatting and other exclusions are not consistently machine-readable.,False,True
ORM,2023-01-12,2023-07-10,2023-01-12,official_full_screening_table,medium,review_2022_h1,Directly parsed compliant rows from official PSX screening table. Exact index membership may differ because defaulter formatting and other exclusions are not consistently machine-readable.,False,True
OTSU,2023-01-12,2023-07-10,2023-01-12,official_full_screening_table,medium,review_2022_h1,Directly parsed compliant rows from official PSX screening table. Exact index membership may differ because defaulter formatting and other exclusions are not consistently machine-readable.,False,True
PABC,2023-01-12,2023-07-10,2023-01-12,official_full_screening_table,medium,review_2022_h1,Directly parsed compliant rows from official PSX screening table. Exact index membership may differ because defaulter formatting and other exclusions are not consistently machine-readable.,False,True
PAEL,2023-01-12,2023-07-10,2023-01-12,official_full_screening_table,medium,review_2022_h1,Directly parsed compliant rows from official PSX screening table. Exact index membership may differ because defaulter formatting and other exclusions are not consistently machine-readable.,False,True
PAKMI,2023-01-12,2023-07-10,2023-01-12,official_full_screening_table,medium,review_2022_h1,Directly parsed compliant rows from official PSX screening table. Exact index membership may differ because defaulter formatting and other exclusions are not consistently machine-readable.,False,True
PAKOXY,2023-01-12,2023-07-10,2023-01-12,official_full_screening_table,medium,review_2022_h1,Directly parsed compliant rows from official PSX screening table. Exact index membership may differ because defaulter formatting and other exclusions are not consistently machine-readable.,False,True
PCAL,2023-01-12,2023-07-10,2023-01-12,official_full_screening_table,medium,review_2022_h1,Directly parsed compliant rows from official PSX screening table. Exact index membership may differ because defaulter formatting and other exclusions are not consistently machine-readable.,False,True
PHDL,2023-01-12,2023-07-10,2023-01-12,official_full_screening_table,medium,review_2022_h1,Directly parsed compliant rows from official PSX screening table. Exact index membership may differ because defaulter formatting and other exclusions are not consistently machine-readable.,False,True
PIBTL,2023-01-12,2023-07-10,2023-01-12,official_full_screening_table,medium,review_2022_h1,Directly parsed compliant rows from official PSX screening table. Exact index membership may differ because defaulter formatting and other exclusions are not consistently machine-readable.,False,True
PICT,2023-01-12,2023-07-10,2023-01-12,official_full_screening_table,medium,review_2022_h1,Directly parsed compliant rows from official PSX screening table. Exact index membership may differ because defaulter formatting and other exclusions are not consistently machine-readable.,False,True
PIM,2023-01-12,2023-07-10,2023-01-12,official_full_screening_table,medium,review_2022_h1,Directly parsed compliant rows from official PSX screening table. Exact index membership may differ because defaulter formatting and other exclusions are not consistently machine-readable.,False,True
PIOC,2023-01-12,2023-07-10,2023-01-12,official_full_screening_table,medium,review_2022_h1,Directly parsed compliant rows from official PSX screening table. Exact index membership may differ because defaulter formatting and other exclusions are not consistently machine-readable.,False,True
PKGS,2023-01-12,2023-07-10,2023-01-12,official_full_screening_table,medium,review_2022_h1,Directly parsed compliant rows from official PSX screening table. Exact index membership may differ because defaulter formatting and other exclusions are not consistently machine-readable.,False,True
PMI,2023-01-12,2023-07-10,2023-01-12,official_full_screening_table,medium,review_2022_h1,Directly parsed compliant rows from official PSX screening table. Exact index membership may differ because defaulter formatting and other exclusions are not consistently machine-readable.,False,True
PNSC,2023-01-12,2023-07-10,2023-01-12,official_full_screening_table,medium,review_2022_h1,Directly parsed compliant rows from official PSX screening table. Exact index membership may differ because defaulter formatting and other exclusions are not consistently machine-readable.,False,True
POL,2023-01-12,2023-07-10,2023-01-12,official_full_screening_table,medium,review_2022_h1,Directly parsed compliant rows from official PSX screening table. Exact index membership may differ because defaulter formatting and other exclusions are not consistently machine-readable.,False,True
POML,2023-01-12,2023-07-10,2023-01-12,official_full_screening_table,medium,review_2022_h1,Directly parsed compliant rows from official PSX screening table. Exact index membership may differ because defaulter formatting and other exclusions are not consistently machine-readable.,False,True
POWER,2023-01-12,2023-07-10,2023-01-12,official_full_screening_table,medium,review_2022_h1,Directly parsed compliant rows from official PSX screening table. Exact index membership may differ because defaulter formatting and other exclusions are not consistently machine-readable.,False,True
PPL,2023-01-12,2023-07-10,2023-01-12,official_full_screening_table,medium,review_2022_h1,Directly parsed compliant rows from official PSX screening table. Exact index membership may differ because defaulter formatting and other exclusions are not consistently machine-readable.,False,True
PPP,2023-01-12,2023-07-10,2023-01-12,official_full_screening_table,medium,review_2022_h1,Directly parsed compliant rows from official PSX screening table. Exact index membership may differ because defaulter formatting and other exclusions are not consistently machine-readable.,False,True
PREMA,2023-01-12,2023-07-10,2023-01-12,official_full_screening_table,medium,review_2022_h1,Directly parsed compliant rows from official PSX screening table. Exact index membership may differ because defaulter formatting and other exclusions are not consistently machine-readable.,False,True
PRL,2023-01-12,2023-07-10,2023-01-12,official_full_screening_table,medium,review_2022_h1,Directly parsed compliant rows from official PSX screening table. Exact index membership may differ because defaulter formatting and other exclusions are not consistently machine-readable.,False,True
PSEL,2023-01-12,2023-07-10,2023-01-12,official_full_screening_table,medium,review_2022_h1,Directly parsed compliant rows from official PSX screening table. Exact index membership may differ because defaulter formatting and other exclusions are not consistently machine-readable.,False,True
PSMC,2023-01-12,2023-07-10,2023-01-12,official_full_screening_table,medium,review_2022_h1,Directly parsed compliant rows from official PSX screening table. Exact index membership may differ because defaulter formatting and other exclusions are not consistently machine-readable.,False,True
PSO,2023-01-12,2023-07-10,2023-01-12,official_full_screening_table,medium,review_2022_h1,Directly parsed compliant rows from official PSX screening table. Exact index membership may differ because defaulter formatting and other exclusions are not consistently machine-readable.,False,True
PSYL,2023-01-12,2023-07-10,2023-01-12,official_full_screening_table,medium,review_2022_h1,Directly parsed compliant rows from official PSX screening table. Exact index membership may differ because defaulter formatting and other exclusions are not consistently machine-readable.,False,True
PTL,2023-01-12,2023-07-10,2023-01-12,official_full_screening_table,medium,review_2022_h1,Directly parsed compliant rows from official PSX screening table. Exact index membership may differ because defaulter formatting and other exclusions are not consistently machine-readable.,False,True
QUET,2023-01-12,2023-07-10,2023-01-12,official_full_screening_table,medium,review_2022_h1,Directly parsed compliant rows from official PSX screening table. Exact index membership may differ because defaulter formatting and other exclusions are not consistently machine-readable.,False,True
RCML,2023-01-12,2023-07-10,2023-01-12,official_full_screening_table,medium,review_2022_h1,Directly parsed compliant rows from official PSX screening table. Exact index membership may differ because defaulter formatting and other exclusions are not consistently machine-readable.,False,True
REDCO,2023-01-12,2023-07-10,2023-01-12,official_full_screening_table,medium,review_2022_h1,Directly parsed compliant rows from official PSX screening table. Exact index membership may differ because defaulter formatting and other exclusions are not consistently machine-readable.,False,True
RMPL,2023-01-12,2023-07-10,2023-01-12,official_full_screening_table,medium,review_2022_h1,Directly parsed compliant rows from official PSX screening table. Exact index membership may differ because defaulter formatting and other exclusions are not consistently machine-readable.,False,True
RPL,2023-01-12,2023-07-10,2023-01-12,official_full_screening_table,medium,review_2022_h1,Directly parsed compliant rows from official PSX screening table. Exact index membership may differ because defaulter formatting and other exclusions are not consistently machine-readable.,False,True
RUPL,2023-01-12,2023-07-10,2023-01-12,official_full_screening_table,medium,review_2022_h1,Directly parsed compliant rows from official PSX screening table. Exact index membership may differ because defaulter formatting and other exclusions are not consistently machine-readable.,False,True
SAPL,2023-01-12,2023-07-10,2023-01-12,official_full_screening_table,medium,review_2022_h1,Directly parsed compliant rows from official PSX screening table. Exact index membership may differ because defaulter formatting and other exclusions are not consistently machine-readable.,False,True
SARC,2023-01-12,2023-07-10,2023-01-12,official_full_screening_table,medium,review_2022_h1,Directly parsed compliant rows from official PSX screening table. Exact index membership may differ because defaulter formatting and other exclusions are not consistently machine-readable.,False,True
SAZEW,2023-01-12,2023-07-10,2023-01-12,official_full_screening_table,medium,review_2022_h1,Directly parsed compliant rows from official PSX screening table. Exact index membership may differ because defaulter formatting and other exclusions are not consistently machine-readable.,False,True
SCL,2023-01-12,2023-07-10,2023-01-12,official_full_screening_table,medium,review_2022_h1,Directly parsed compliant rows from official PSX screening table. Exact index membership may differ because defaulter formatting and other exclusions are not consistently machine-readable.,False,True
SEARL,2023-01-12,2023-07-10,2023-01-12,official_full_screening_table,medium,review_2022_h1,Directly parsed compliant rows from official PSX screening table. Exact index membership may differ because defaulter formatting and other exclusions are not consistently machine-readable.,False,True
SERT,2023-01-12,2023-07-10,2023-01-12,official_full_screening_table,medium,review_2022_h1,Directly parsed compliant rows from official PSX screening table. Exact index membership may differ because defaulter formatting and other exclusions are not consistently machine-readable.,False,True
SFL,2023-01-12,2023-07-10,2023-01-12,official_full_screening_table,medium,review_2022_h1,Directly parsed compliant rows from official PSX screening table. Exact index membership may differ because defaulter formatting and other exclusions are not consistently machine-readable.,False,True
SGABL,2023-01-12,2023-07-10,2023-01-12,official_full_screening_table,medium,review_2022_h1,Directly parsed compliant rows from official PSX screening table. Exact index membership may differ because defaulter formatting and other exclusions are not consistently machine-readable.,False,True
SGF,2023-01-12,2023-07-10,2023-01-12,official_full_screening_table,medium,review_2022_h1,Directly parsed compliant rows from official PSX screening table. Exact index membership may differ because defaulter formatting and other exclusions are not consistently machine-readable.,False,True
SGPL,2023-01-12,2023-07-10,2023-01-12,official_full_screening_table,medium,review_2022_h1,Directly parsed compliant rows from official PSX screening table. Exact index membership may differ because defaulter formatting and other exclusions are not consistently machine-readable.,False,True
SHCM,2023-01-12,2023-07-10,2023-01-12,official_full_screening_table,medium,review_2022_h1,Directly parsed compliant rows from official PSX screening table. Exact index membership may differ because defaulter formatting and other exclusions are not consistently machine-readable.,False,True
SHDT,2023-01-12,2023-07-10,2023-01-12,official_full_screening_table,medium,review_2022_h1,Directly parsed compliant rows from official PSX screening table. Exact index membership may differ because defaulter formatting and other exclusions are not consistently machine-readable.,False,True
SHEL,2023-01-12,2023-07-10,2023-01-12,official_full_screening_table,medium,review_2022_h1,Directly parsed compliant rows from official PSX screening table. Exact index membership may differ because defaulter formatting and other exclusions are not consistently machine-readable.,False,True
SHEZ,2023-01-12,2023-07-10,2023-01-12,official_full_screening_table,medium,review_2022_h1,Directly parsed compliant rows from official PSX screening table. Exact index membership may differ because defaulter formatting and other exclusions are not consistently machine-readable.,False,True
SHFA,2023-01-12,2023-07-10,2023-01-12,official_full_screening_table,medium,review_2022_h1,Directly parsed compliant rows from official PSX screening table. Exact index membership may differ because defaulter formatting and other exclusions are not consistently machine-readable.,False,True
SITC,2023-01-12,2023-07-10,2023-01-12,official_full_screening_table,medium,review_2022_h1,Directly parsed compliant rows from official PSX screening table. Exact index membership may differ because defaulter formatting and other exclusions are not consistently machine-readable.,False,True
SMCPL,2023-01-12,2023-07-10,2023-01-12,official_full_screening_table,medium,review_2022_h1,Directly parsed compliant rows from official PSX screening table. Exact index membership may differ because defaulter formatting and other exclusions are not consistently machine-readable.,False,True
SML,2023-01-12,2023-07-10,2023-01-12,official_full_screening_table,medium,review_2022_h1,Directly parsed compliant rows from official PSX screening table. Exact index membership may differ because defaulter formatting and other exclusions are not consistently machine-readable.,False,True
SNAI,2023-01-12,2023-07-10,2023-01-12,official_full_screening_table,medium,review_2022_h1,Directly parsed compliant rows from official PSX screening table. Exact index membership may differ because defaulter formatting and other exclusions are not consistently machine-readable.,False,True
SNGP,2023-01-12,2023-07-10,2023-01-12,official_full_screening_table,medium,review_2022_h1,Directly parsed compliant rows from official PSX screening table. Exact index membership may differ because defaulter formatting and other exclusions are not consistently machine-readable.,False,True
SPEL,2023-01-12,2023-07-10,2023-01-12,official_full_screening_table,medium,review_2022_h1,Directly parsed compliant rows from official PSX screening table. Exact index membership may differ because defaulter formatting and other exclusions are not consistently machine-readable.,False,True
SPL,2023-01-12,2023-07-10,2023-01-12,official_full_screening_table,medium,review_2022_h1,Directly parsed compliant rows from official PSX screening table. Exact index membership may differ because defaulter formatting and other exclusions are not consistently machine-readable.,False,True
SSGC,2023-01-12,2023-07-10,2023-01-12,official_full_screening_table,medium,review_2022_h1,Directly parsed compliant rows from official PSX screening table. Exact index membership may differ because defaulter formatting and other exclusions are not consistently machine-readable.,False,True
SSML,2023-01-12,2023-07-10,2023-01-12,official_full_screening_table,medium,review_2022_h1,Directly parsed compliant rows from official PSX screening table. Exact index membership may differ because defaulter formatting and other exclusions are not consistently machine-readable.,False,True
STCL,2023-01-12,2023-07-10,2023-01-12,official_full_screening_table,medium,review_2022_h1,Directly parsed compliant rows from official PSX screening table. Exact index membership may differ because defaulter formatting and other exclusions are not consistently machine-readable.,False,True
STJT,2023-01-12,2023-07-10,2023-01-12,official_full_screening_table,medium,review_2022_h1,Directly parsed compliant rows from official PSX screening table. Exact index membership may differ because defaulter formatting and other exclusions are not consistently machine-readable.,False,True
STML,2023-01-12,2023-07-10,2023-01-12,official_full_screening_table,medium,review_2022_h1,Directly parsed compliant rows from official PSX screening table. Exact index membership may differ because defaulter formatting and other exclusions are not consistently machine-readable.,False,True
SURC,2023-01-12,2023-07-10,2023-01-12,official_full_screening_table,medium,review_2022_h1,Directly parsed compliant rows from official PSX screening table. Exact index membership may differ because defaulter formatting and other exclusions are not consistently machine-readable.,False,True
SUTM,2023-01-12,2023-07-10,2023-01-12,official_full_screening_table,medium,review_2022_h1,Directly parsed compliant rows from official PSX screening table. Exact index membership may differ because defaulter formatting and other exclusions are not consistently machine-readable.,False,True
SYS,2023-01-12,2023-07-10,2023-01-12,official_full_screening_table,medium,review_2022_h1,Directly parsed compliant rows from official PSX screening table. Exact index membership may differ because defaulter formatting and other exclusions are not consistently machine-readable.,False,True
SZTM,2023-01-12,2023-07-10,2023-01-12,official_full_screening_table,medium,review_2022_h1,Directly parsed compliant rows from official PSX screening table. Exact index membership may differ because defaulter formatting and other exclusions are not consistently machine-readable.,False,True
TATM,2023-01-12,2023-07-10,2023-01-12,official_full_screening_table,medium,review_2022_h1,Directly parsed compliant rows from official PSX screening table. Exact index membership may differ because defaulter formatting and other exclusions are not consistently machine-readable.,False,True
TELE,2023-01-12,2023-07-10,2023-01-12,official_full_screening_table,medium,review_2022_h1,Directly parsed compliant rows from official PSX screening table. Exact index membership may differ because defaulter formatting and other exclusions are not consistently machine-readable.,False,True
TGL,2023-01-12,2023-07-10,2023-01-12,official_full_screening_table,medium,review_2022_h1,Directly parsed compliant rows from official PSX screening table. Exact index membership may differ because defaulter formatting and other exclusions are not consistently machine-readable.,False,True
THALL,2023-01-12,2023-07-10,2023-01-12,official_full_screening_table,medium,review_2022_h1,Directly parsed compliant rows from official PSX screening table. Exact index membership may differ because defaulter formatting and other exclusions are not consistently machine-readable.,False,True
THCCL,2023-01-12,2023-07-10,2023-01-12,official_full_screening_table,medium,review_2022_h1,Directly parsed compliant rows from official PSX screening table. Exact index membership may differ because defaulter formatting and other exclusions are not consistently machine-readable.,False,True
TOMCL,2023-01-12,2023-07-10,2023-01-12,official_full_screening_table,medium,review_2022_h1,Directly parsed compliant rows from official PSX screening table. Exact index membership may differ because defaulter formatting and other exclusions are not consistently machine-readable.,False,True
TOWL,2023-01-12,2023-07-10,2023-01-12,official_full_screening_table,medium,review_2022_h1,Directly parsed compliant rows from official PSX screening table. Exact index membership may differ because defaulter formatting and other exclusions are not consistently machine-readable.,False,True
TPL,2023-01-12,2023-07-10,2023-01-12,official_full_screening_table,medium,review_2022_h1,Directly parsed compliant rows from official PSX screening table. Exact index membership may differ because defaulter formatting and other exclusions are not consistently machine-readable.,False,True
TPLP,2023-01-12,2023-07-10,2023-01-12,official_full_screening_table,medium,review_2022_h1,Directly parsed compliant rows from official PSX screening table. Exact index membership may differ because defaulter formatting and other exclusions are not consistently machine-readable.,False,True
TPLT,2023-01-12,2023-07-10,2023-01-12,official_full_screening_table,medium,review_2022_h1,Directly parsed compliant rows from official PSX screening table. Exact index membership may differ because defaulter formatting and other exclusions are not consistently machine-readable.,False,True
TREET,2023-01-12,2023-07-10,2023-01-12,official_full_screening_table,medium,review_2022_h1,Directly parsed compliant rows from official PSX screening table. Exact index membership may differ because defaulter formatting and other exclusions are not consistently machine-readable.,False,True
TRSM,2023-01-12,2023-07-10,2023-01-12,official_full_screening_table,medium,review_2022_h1,Directly parsed compliant rows from official PSX screening table. Exact index membership may differ because defaulter formatting and other exclusions are not consistently machine-readable.,False,True
UBDL,2023-01-12,2023-07-10,2023-01-12,official_full_screening_table,medium,review_2022_h1,Directly parsed compliant rows from official PSX screening table. Exact index membership may differ because defaulter formatting and other exclusions are not consistently machine-readable.,False,True
UDPL,2023-01-12,2023-07-10,2023-01-12,official_full_screening_table,medium,review_2022_h1,Directly parsed compliant rows from official PSX screening table. Exact index membership may differ because defaulter formatting and other exclusions are not consistently machine-readable.,False,True
UPFL,2023-01-12,2023-07-10,2023-01-12,official_full_screening_table,medium,review_2022_h1,Directly parsed compliant rows from official PSX screening table. Exact index membership may differ because defaulter formatting and other exclusions are not consistently machine-readable.,False,True
WAHN,2023-01-12,2023-07-10,2023-01-12,official_full_screening_table,medium,review_2022_h1,Directly parsed compliant rows from official PSX screening table. Exact index membership may differ because defaulter formatting and other exclusions are not consistently machine-readable.,False,True
WAVES,2023-01-12,2023-07-10,2023-01-12,official_full_screening_table,medium,review_2022_h1,Directly parsed compliant rows from official PSX screening table. Exact index membership may differ because defaulter formatting and other exclusions are not consistently machine-readable.,False,True
WTL,2023-01-12,2023-07-10,2023-01-12,official_full_screening_table,medium,review_2022_h1,Directly parsed compliant rows from official PSX screening table. Exact index membership may differ because defaulter formatting and other exclusions are not consistently machine-readable.,False,True
ZIL,2023-01-12,2023-07-10,2023-01-12,official_full_screening_table,medium,review_2022_h1,Directly parsed compliant rows from official PSX screening table. Exact index membership may differ because defaulter formatting and other exclusions are not consistently machine-readable.,False,True
ZTL,2023-01-12,2023-07-10,2023-01-12,official_full_screening_table,medium,review_2022_h1,Directly parsed compliant rows from official PSX screening table. Exact index membership may differ because defaulter formatting and other exclusions are not consistently machine-readable.,False,True
ABOT,2023-07-10,2023-12-26,2023-01-12,carried_forward_screening_snapshot,low,review_2022_h1,Carried forward from 2023-01-12; no trustworthy full screening table was available for this notice date.,False,True
ACPL,2023-07-10,2023-12-26,2023-01-12,carried_forward_screening_snapshot,low,review_2022_h1,Carried forward from 2023-01-12; no trustworthy full screening table was available for this notice date.,False,True
ADAMS,2023-07-10,2023-12-26,2023-01-12,carried_forward_screening_snapshot,low,review_2022_h1,Carried forward from 2023-01-12; no trustworthy full screening table was available for this notice date.,False,True
AGIL,2023-07-10,2023-12-26,2023-01-12,carried_forward_screening_snapshot,low,review_2022_h1,Carried forward from 2023-01-12; no trustworthy full screening table was available for this notice date.,False,True
AGP,2023-07-10,2023-12-26,2023-01-12,carried_forward_screening_snapshot,low,review_2022_h1,Carried forward from 2023-01-12; no trustworthy full screening table was available for this notice date.,False,True
AGTL,2023-07-10,2023-12-26,2023-01-12,carried_forward_screening_snapshot,low,review_2022_h1,Carried forward from 2023-01-12; no trustworthy full screening table was available for this notice date.,False,True
AHTM,2023-07-10,2023-12-26,2023-01-12,carried_forward_screening_snapshot,low,review_2022_h1,Carried forward from 2023-01-12; no trustworthy full screening table was available for this notice date.,False,True
AIRLINK,2023-07-10,2023-12-26,2023-01-12,carried_forward_screening_snapshot,low,review_2022_h1,Carried forward from 2023-01-12; no trustworthy full screening table was available for this notice date.,False,True
AKGL,2023-07-10,2023-12-26,2023-01-12,carried_forward_screening_snapshot,low,review_2022_h1,Carried forward from 2023-01-12; no trustworthy full screening table was available for this notice date.,False,True
ANL,2023-07-10,2023-12-26,2023-01-12,carried_forward_screening_snapshot,low,review_2022_h1,Carried forward from 2023-01-12; no trustworthy full screening table was available for this notice date.,False,True
ANTM,2023-07-10,2023-12-26,2023-01-12,carried_forward_screening_snapshot,low,review_2022_h1,Carried forward from 2023-01-12; no trustworthy full screening table was available for this notice date.,False,True
APL,2023-07-10,2023-12-26,2023-01-12,carried_forward_screening_snapshot,low,review_2022_h1,Carried forward from 2023-01-12; no trustworthy full screening table was available for this notice date.,False,True
ARCTM,2023-07-10,2023-12-26,2023-01-12,carried_forward_screening_snapshot,low,review_2022_h1,Carried forward from 2023-01-12; no trustworthy full screening table was available for this notice date.,False,True
ARM,2023-07-10,2023-12-26,2023-01-12,carried_forward_screening_snapshot,low,review_2022_h1,Carried forward from 2023-01-12; no trustworthy full screening table was available for this notice date.,False,True
ARPL,2023-07-10,2023-12-26,2023-01-12,carried_forward_screening_snapshot,low,review_2022_h1,Carried forward from 2023-01-12; no trustworthy full screening table was available for this notice date.,False,True
ASC,2023-07-10,2023-12-26,2023-01-12,carried_forward_screening_snapshot,low,review_2022_h1,Carried forward from 2023-01-12; no trustworthy full screening table was available for this notice date.,False,True
ASHT,2023-07-10,2023-12-26,2023-01-12,carried_forward_screening_snapshot,low,review_2022_h1,Carried forward from 2023-01-12; no trustworthy full screening table was available for this notice date.,False,True
ASTL,2023-07-10,2023-12-26,2023-01-12,carried_forward_screening_snapshot,low,review_2022_h1,Carried forward from 2023-01-12; no trustworthy full screening table was available for this notice date.,False,True
ASTM,2023-07-10,2023-12-26,2023-01-12,carried_forward_screening_snapshot,low,review_2022_h1,Carried forward from 2023-01-12; no trustworthy full screening table was available for this notice date.,False,True
ATBA,2023-07-10,2023-12-26,2023-01-12,carried_forward_screening_snapshot,low,review_2022_h1,Carried forward from 2023-01-12; no trustworthy full screening table was available for this notice date.,False,True
ATLH,2023-07-10,2023-12-26,2023-01-12,carried_forward_screening_snapshot,low,review_2022_h1,Carried forward from 2023-01-12; no trustworthy full screening table was available for this notice date.,False,True
ATRL,2023-07-10,2023-12-26,2023-01-12,carried_forward_screening_snapshot,low,review_2022_h1,Carried forward from 2023-01-12; no trustworthy full screening table was available for this notice date.,False,True
AVN,2023-07-10,2023-12-26,2023-01-12,carried_forward_screening_snapshot,low,review_2022_h1,Carried forward from 2023-01-12; no trustworthy full screening table was available for this notice date.,False,True
AWTX,2023-07-10,2023-12-26,2023-01-12,carried_forward_screening_snapshot,low,review_2022_h1,Carried forward from 2023-01-12; no trustworthy full screening table was available for this notice date.,False,True
AWWAL,2023-07-10,2023-12-26,2023-01-12,carried_forward_screening_snapshot,low,review_2022_h1,Carried forward from 2023-01-12; no trustworthy full screening table was available for this notice date.,False,True
BAFS,2023-07-10,2023-12-26,2023-01-12,carried_forward_screening_snapshot,low,review_2022_h1,Carried forward from 2023-01-12; no trustworthy full screening table was available for this notice date.,False,True
BATA,2023-07-10,2023-12-26,2023-01-12,carried_forward_screening_snapshot,low,review_2022_h1,Carried forward from 2023-01-12; no trustworthy full screening table was available for this notice date.,False,True
BCL,2023-07-10,2023-12-26,2023-01-12,carried_forward_screening_snapshot,low,review_2022_h1,Carried forward from 2023-01-12; no trustworthy full screening table was available for this notice date.,False,True
BECO,2023-07-10,2023-12-26,2023-01-12,carried_forward_screening_snapshot,low,review_2022_h1,Carried forward from 2023-01-12; no trustworthy full screening table was available for this notice date.,False,True
BERG,2023-07-10,2023-12-26,2023-01-12,carried_forward_screening_snapshot,low,review_2022_h1,Carried forward from 2023-01-12; no trustworthy full screening table was available for this notice date.,False,True
BFMOD,2023-07-10,2023-12-26,2023-01-12,carried_forward_screening_snapshot,low,review_2022_h1,Carried forward from 2023-01-12; no trustworthy full screening table was available for this notice date.,False,True
BHAT,2023-07-10,2023-12-26,2023-01-12,carried_forward_screening_snapshot,low,review_2022_h1,Carried forward from 2023-01-12; no trustworthy full screening table was available for this notice date.,False,True
BIFO,2023-07-10,2023-12-26,2023-01-12,carried_forward_screening_snapshot,low,review_2022_h1,Carried forward from 2023-01-12; no trustworthy full screening table was available for this notice date.,False,True
BIPL,2023-07-10,2023-12-26,2023-01-12,carried_forward_screening_snapshot,low,review_2022_h1,Carried forward from 2023-01-12; no trustworthy full screening table was available for this notice date.,False,True
BNL,2023-07-10,2023-12-26,2023-01-12,carried_forward_screening_snapshot,low,review_2022_h1,Carried forward from 2023-01-12; no trustworthy full screening table was available for this notice date.,False,True
BNWM,2023-07-10,2023-12-26,2023-01-12,carried_forward_screening_snapshot,low,review_2022_h1,Carried forward from 2023-01-12; no trustworthy full screening table was available for this notice date.,False,True
BPL,2023-07-10,2023-12-26,2023-01-12,carried_forward_screening_snapshot,low,review_2022_h1,Carried forward from 2023-01-12; no trustworthy full screening table was available for this notice date.,False,True
BRR,2023-07-10,2023-12-26,2023-01-12,carried_forward_screening_snapshot,low,review_2022_h1,Carried forward from 2023-01-12; no trustworthy full screening table was available for this notice date.,False,True
BTL,2023-07-10,2023-12-26,2023-01-12,carried_forward_screening_snapshot,low,review_2022_h1,Carried forward from 2023-01-12; no trustworthy full screening table was available for this notice date.,False,True
BUXL,2023-07-10,2023-12-26,2023-01-12,carried_forward_screening_snapshot,low,review_2022_h1,Carried forward from 2023-01-12; no trustworthy full screening table was available for this notice date.,False,True
BWCL,2023-07-10,2023-12-26,2023-01-12,carried_forward_screening_snapshot,low,review_2022_h1,Carried forward from 2023-01-12; no trustworthy full screening table was available for this notice date.,False,True
BWHL,2023-07-10,2023-12-26,2023-01-12,carried_forward_screening_snapshot,low,review_2022_h1,Carried forward from 2023-01-12; no trustworthy full screening table was available for this notice date.,False,True
CCM,2023-07-10,2023-12-26,2023-01-12,carried_forward_screening_snapshot,low,review_2022_h1,Carried forward from 2023-01-12; no trustworthy full screening table was available for this notice date.,False,True
CEPB,2023-07-10,2023-12-26,2023-01-12,carried_forward_screening_snapshot,low,review_2022_h1,Carried forward from 2023-01-12; no trustworthy full screening table was available for this notice date.,False,True
CFL,2023-07-10,2023-12-26,2023-01-12,carried_forward_screening_snapshot,low,review_2022_h1,Carried forward from 2023-01-12; no trustworthy full screening table was available for this notice date.,False,True
CHCC,2023-07-10,2023-12-26,2023-01-12,carried_forward_screening_snapshot,low,review_2022_h1,Carried forward from 2023-01-12; no trustworthy full screening table was available for this notice date.,False,True
CLOV,2023-07-10,2023-12-26,2023-01-12,carried_forward_screening_snapshot,low,review_2022_h1,Carried forward from 2023-01-12; no trustworthy full screening table was available for this notice date.,False,True
CLVL,2023-07-10,2023-12-26,2023-01-12,carried_forward_screening_snapshot,low,review_2022_h1,Carried forward from 2023-01-12; no trustworthy full screening table was available for this notice date.,False,True
CNERGY,2023-07-10,2023-12-26,2023-01-12,carried_forward_screening_snapshot,low,review_2022_h1,Carried forward from 2023-01-12; no trustworthy full screening table was available for this notice date.,False,True
COLG,2023-07-10,2023-12-26,2023-01-12,carried_forward_screening_snapshot,low,review_2022_h1,Carried forward from 2023-01-12; no trustworthy full screening table was available for this notice date.,False,True
CPHL,2023-07-10,2023-12-26,2023-01-12,carried_forward_screening_snapshot,low,review_2022_h1,Carried forward from 2023-01-12; no trustworthy full screening table was available for this notice date.,False,True
CPPL,2023-07-10,2023-12-26,2023-01-12,carried_forward_screening_snapshot,low,review_2022_h1,Carried forward from 2023-01-12; no trustworthy full screening table was available for this notice date.,False,True
CSAP,2023-07-10,2023-12-26,2023-01-12,carried_forward_screening_snapshot,low,review_2022_h1,Carried forward from 2023-01-12; no trustworthy full screening table was available for this notice date.,False,True
CTM,2023-07-10,2023-12-26,2023-01-12,carried_forward_screening_snapshot,low,review_2022_h1,Carried forward from 2023-01-12; no trustworthy full screening table was available for this notice date.,False,True
DAAG,2023-07-10,2023-12-26,2023-01-12,carried_forward_screening_snapshot,low,review_2022_h1,Carried forward from 2023-01-12; no trustworthy full screening table was available for this notice date.,False,True
DADX,2023-07-10,2023-12-26,2023-01-12,carried_forward_screening_snapshot,low,review_2022_h1,Carried forward from 2023-01-12; no trustworthy full screening table was available for this notice date.,False,True
DAWH,2023-07-10,2023-12-26,2023-01-12,carried_forward_screening_snapshot,low,review_2022_h1,Carried forward from 2023-01-12; no trustworthy full screening table was available for this notice date.,False,True
DCL,2023-07-10,2023-12-26,2023-01-12,carried_forward_screening_snapshot,low,review_2022_h1,Carried forward from 2023-01-12; no trustworthy full screening table was available for this notice date.,False,True
DCR,2023-07-10,2023-12-26,2023-01-12,carried_forward_screening_snapshot,low,review_2022_h1,Carried forward from 2023-01-12; no trustworthy full screening table was available for this notice date.,False,True
DFSM,2023-07-10,2023-12-26,2023-01-12,carried_forward_screening_snapshot,low,review_2022_h1,Carried forward from 2023-01-12; no trustworthy full screening table was available for this notice date.,False,True
DGKC,2023-07-10,2023-12-26,2023-01-12,carried_forward_screening_snapshot,low,review_2022_h1,Carried forward from 2023-01-12; no trustworthy full screening table was available for this notice date.,False,True
DIIL,2023-07-10,2023-12-26,2023-01-12,carried_forward_screening_snapshot,low,review_2022_h1,Carried forward from 2023-01-12; no trustworthy full screening table was available for this notice date.,False,True
DINT,2023-07-10,2023-12-26,2023-01-12,carried_forward_screening_snapshot,low,review_2022_h1,Carried forward from 2023-01-12; no trustworthy full screening table was available for this notice date.,False,True
DLL,2023-07-10,2023-12-26,2023-01-12,carried_forward_screening_snapshot,low,review_2022_h1,Carried forward from 2023-01-12; no trustworthy full screening table was available for this notice date.,False,True
DOL,2023-07-10,2023-12-26,2023-01-12,carried_forward_screening_snapshot,low,review_2022_h1,Carried forward from 2023-01-12; no trustworthy full screening table was available for this notice date.,False,True
DYNO,2023-07-10,2023-12-26,2023-01-12,carried_forward_screening_snapshot,low,review_2022_h1,Carried forward from 2023-01-12; no trustworthy full screening table was available for this notice date.,False,True
EFERT,2023-07-10,2023-12-26,2023-01-12,carried_forward_screening_snapshot,low,review_2022_h1,Carried forward from 2023-01-12; no trustworthy full screening table was available for this notice date.,False,True
ELCM,2023-07-10,2023-12-26,2023-01-12,carried_forward_screening_snapshot,low,review_2022_h1,Carried forward from 2023-01-12; no trustworthy full screening table was available for this notice date.,False,True
EMCO,2023-07-10,2023-12-26,2023-01-12,carried_forward_screening_snapshot,low,review_2022_h1,Carried forward from 2023-01-12; no trustworthy full screening table was available for this notice date.,False,True
ENGRO,2023-07-10,2023-12-26,2023-01-12,carried_forward_screening_snapshot,low,review_2022_h1,Carried forward from 2023-01-12; no trustworthy full screening table was available for this notice date.,False,True
EPCL,2023-07-10,2023-12-26,2023-01-12,carried_forward_screening_snapshot,low,review_2022_h1,Carried forward from 2023-01-12; no trustworthy full screening table was available for this notice date.,False,True
EPQL,2023-07-10,2023-12-26,2023-01-12,carried_forward_screening_snapshot,low,review_2022_h1,Carried forward from 2023-01-12; no trustworthy full screening table was available for this notice date.,False,True
EXIDE,2023-07-10,2023-12-26,2023-01-12,carried_forward_screening_snapshot,low,review_2022_h1,Carried forward from 2023-01-12; no trustworthy full screening table was available for this notice date.,False,True
FATIMA,2023-07-10,2023-12-26,2023-01-12,carried_forward_screening_snapshot,low,review_2022_h1,Carried forward from 2023-01-12; no trustworthy full screening table was available for this notice date.,False,True
FCCL,2023-07-10,2023-12-26,2023-01-12,carried_forward_screening_snapshot,low,review_2022_h1,Carried forward from 2023-01-12; no trustworthy full screening table was available for this notice date.,False,True
FCEPL,2023-07-10,2023-12-26,2023-01-12,carried_forward_screening_snapshot,low,review_2022_h1,Carried forward from 2023-01-12; no trustworthy full screening table was available for this notice date.,False,True
FECM,2023-07-10,2023-12-26,2023-01-12,carried_forward_screening_snapshot,low,review_2022_h1,Carried forward from 2023-01-12; no trustworthy full screening table was available for this notice date.,False,True
FECTC,2023-07-10,2023-12-26,2023-01-12,carried_forward_screening_snapshot,low,review_2022_h1,Carried forward from 2023-01-12; no trustworthy full screening table was available for this notice date.,False,True
FEM,2023-07-10,2023-12-26,2023-01-12,carried_forward_screening_snapshot,low,review_2022_h1,Carried forward from 2023-01-12; no trustworthy full screening table was available for this notice date.,False,True
FEROZ,2023-07-10,2023-12-26,2023-01-12,carried_forward_screening_snapshot,low,review_2022_h1,Carried forward from 2023-01-12; no trustworthy full screening table was available for this notice date.,False,True
FFBL,2023-07-10,2023-12-26,2023-01-12,carried_forward_screening_snapshot,low,review_2022_h1,Carried forward from 2023-01-12; no trustworthy full screening table was available for this notice date.,False,True
FFLM,2023-07-10,2023-12-26,2023-01-12,carried_forward_screening_snapshot,low,review_2022_h1,Carried forward from 2023-01-12; no trustworthy full screening table was available for this notice date.,False,True
FHAM,2023-07-10,2023-12-26,2023-01-12,carried_forward_screening_snapshot,low,review_2022_h1,Carried forward from 2023-01-12; no trustworthy full screening table was available for this notice date.,False,True
FIBLM,2023-07-10,2023-12-26,2023-01-12,carried_forward_screening_snapshot,low,review_2022_h1,Carried forward from 2023-01-12; no trustworthy full screening table was available for this notice date.,False,True
FIMM,2023-07-10,2023-12-26,2023-01-12,carried_forward_screening_snapshot,low,review_2022_h1,Carried forward from 2023-01-12; no trustworthy full screening table was available for this notice date.,False,True
FLYNG,2023-07-10,2023-12-26,2023-01-12,carried_forward_screening_snapshot,low,review_2022_h1,Carried forward from 2023-01-12; no trustworthy full screening table was available for this notice date.,False,True
FML,2023-07-10,2023-12-26,2023-01-12,carried_forward_screening_snapshot,low,review_2022_h1,Carried forward from 2023-01-12; no trustworthy full screening table was available for this notice date.,False,True
FPJM,2023-07-10,2023-12-26,2023-01-12,carried_forward_screening_snapshot,low,review_2022_h1,Carried forward from 2023-01-12; no trustworthy full screening table was available for this notice date.,False,True
FPRM,2023-07-10,2023-12-26,2023-01-12,carried_forward_screening_snapshot,low,review_2022_h1,Carried forward from 2023-01-12; no trustworthy full screening table was available for this notice date.,False,True
FRCL,2023-07-10,2023-12-26,2023-01-12,carried_forward_screening_snapshot,low,review_2022_h1,Carried forward from 2023-01-12; no trustworthy full screening table was available for this notice date.,False,True
FRSM,2023-07-10,2023-12-26,2023-01-12,carried_forward_screening_snapshot,low,review_2022_h1,Carried forward from 2023-01-12; no trustworthy full screening table was available for this notice date.,False,True
FTMM,2023-07-10,2023-12-26,2023-01-12,carried_forward_screening_snapshot,low,review_2022_h1,Carried forward from 2023-01-12; no trustworthy full screening table was available for this notice date.,False,True
FTSM,2023-07-10,2023-12-26,2023-01-12,carried_forward_screening_snapshot,low,review_2022_h1,Carried forward from 2023-01-12; no trustworthy full screening table was available for this notice date.,False,True
FUDLM,2023-07-10,2023-12-26,2023-01-12,carried_forward_screening_snapshot,low,review_2022_h1,Carried forward from 2023-01-12; no trustworthy full screening table was available for this notice date.,False,True
FZCM,2023-07-10,2023-12-26,2023-01-12,carried_forward_screening_snapshot,low,review_2022_h1,Carried forward from 2023-01-12; no trustworthy full screening table was available for this notice date.,False,True
GADT,2023-07-10,2023-12-26,2023-01-12,carried_forward_screening_snapshot,low,review_2022_h1,Carried forward from 2023-01-12; no trustworthy full screening table was available for this notice date.,False,True
GAMON,2023-07-10,2023-12-26,2023-01-12,carried_forward_screening_snapshot,low,review_2022_h1,Carried forward from 2023-01-12; no trustworthy full screening table was available for this notice date.,False,True
GATI,2023-07-10,2023-12-26,2023-01-12,carried_forward_screening_snapshot,low,review_2022_h1,Carried forward from 2023-01-12; no trustworthy full screening table was available for this notice date.,False,True
GEMPAPL,2023-07-10,2023-12-26,2023-01-12,carried_forward_screening_snapshot,low,review_2022_h1,Carried forward from 2023-01-12; no trustworthy full screening table was available for this notice date.,False,True
GEMSPNL,2023-07-10,2023-12-26,2023-01-12,carried_forward_screening_snapshot,low,review_2022_h1,Carried forward from 2023-01-12; no trustworthy full screening table was available for this notice date.,False,True
GEMUNSL,2023-07-10,2023-12-26,2023-01-12,carried_forward_screening_snapshot,low,review_2022_h1,Carried forward from 2023-01-12; no trustworthy full screening table was available for this notice date.,False,True
GFIL,2023-07-10,2023-12-26,2023-01-12,carried_forward_screening_snapshot,low,review_2022_h1,Carried forward from 2023-01-12; no trustworthy full screening table was available for this notice date.,False,True
GGGL,2023-07-10,2023-12-26,2023-01-12,carried_forward_screening_snapshot,low,review_2022_h1,Carried forward from 2023-01-12; no trustworthy full screening table was available for this notice date.,False,True
GGL,2023-07-10,2023-12-26,2023-01-12,carried_forward_screening_snapshot,low,review_2022_h1,Carried forward from 2023-01-12; no trustworthy full screening table was available for this notice date.,False,True
GHGL,2023-07-10,2023-12-26,2023-01-12,carried_forward_screening_snapshot,low,review_2022_h1,Carried forward from 2023-01-12; no trustworthy full screening table was available for this notice date.,False,True
GHNI,2023-07-10,2023-12-26,2023-01-12,carried_forward_screening_snapshot,low,review_2022_h1,Carried forward from 2023-01-12; no trustworthy full screening table was available for this notice date.,False,True
GHNL,2023-07-10,2023-12-26,2023-01-12,carried_forward_screening_snapshot,low,review_2022_h1,Carried forward from 2023-01-12; no trustworthy full screening table was available for this notice date.,False,True
GIL,2023-07-10,2023-12-26,2023-01-12,carried_forward_screening_snapshot,low,review_2022_h1,Carried forward from 2023-01-12; no trustworthy full screening table was available for this notice date.,False,True
GLAXO,2023-07-10,2023-12-26,2023-01-12,carried_forward_screening_snapshot,low,review_2022_h1,Carried forward from 2023-01-12; no trustworthy full screening table was available for this notice date.,False,True
GLPL,2023-07-10,2023-12-26,2023-01-12,carried_forward_screening_snapshot,low,review_2022_h1,Carried forward from 2023-01-12; no trustworthy full screening table was available for this notice date.,False,True
GOC,2023-07-10,2023-12-26,2023-01-12,carried_forward_screening_snapshot,low,review_2022_h1,Carried forward from 2023-01-12; no trustworthy full screening table was available for this notice date.,False,True
GSKCH,2023-07-10,2023-12-26,2023-01-12,carried_forward_screening_snapshot,low,review_2022_h1,Carried forward from 2023-01-12; no trustworthy full screening table was available for this notice date.,False,True
GTYR,2023-07-10,2023-12-26,2023-01-12,carried_forward_screening_snapshot,low,review_2022_h1,Carried forward from 2023-01-12; no trustworthy full screening table was available for this notice date.,False,True
GVGL,2023-07-10,2023-12-26,2023-01-12,carried_forward_screening_snapshot,low,review_2022_h1,Carried forward from 2023-01-12; no trustworthy full screening table was available for this notice date.,False,True
GWLC,2023-07-10,2023-12-26,2023-01-12,carried_forward_screening_snapshot,low,review_2022_h1,Carried forward from 2023-01-12; no trustworthy full screening table was available for this notice date.,False,True
HAEL,2023-07-10,2023-12-26,2023-01-12,carried_forward_screening_snapshot,low,review_2022_h1,Carried forward from 2023-01-12; no trustworthy full screening table was available for this notice date.,False,True
HAFL,2023-07-10,2023-12-26,2023-01-12,carried_forward_screening_snapshot,low,review_2022_h1,Carried forward from 2023-01-12; no trustworthy full screening table was available for this notice date.,False,True
HCAR,2023-07-10,2023-12-26,2023-01-12,carried_forward_screening_snapshot,low,review_2022_h1,Carried forward from 2023-01-12; no trustworthy full screening table was available for this notice date.,False,True
HCL,2023-07-10,2023-12-26,2023-01-12,carried_forward_screening_snapshot,low,review_2022_h1,Carried forward from 2023-01-12; no trustworthy full screening table was available for this notice date.,False,True
HINOON,2023-07-10,2023-12-26,2023-01-12,carried_forward_screening_snapshot,low,review_2022_h1,Carried forward from 2023-01-12; no trustworthy full screening table was available for this notice date.,False,True
HMM,2023-07-10,2023-12-26,2023-01-12,carried_forward_screening_snapshot,low,review_2022_h1,Carried forward from 2023-01-12; no trustworthy full screening table was available for this notice date.,False,True
HRPL,2023-07-10,2023-12-26,2023-01-12,carried_forward_screening_snapshot,low,review_2022_h1,Carried forward from 2023-01-12; no trustworthy full screening table was available for this notice date.,False,True
HSM,2023-07-10,2023-12-26,2023-01-12,carried_forward_screening_snapshot,low,review_2022_h1,Carried forward from 2023-01-12; no trustworthy full screening table was available for this notice date.,False,True
HTL,2023-07-10,2023-12-26,2023-01-12,carried_forward_screening_snapshot,low,review_2022_h1,Carried forward from 2023-01-12; no trustworthy full screening table was available for this notice date.,False,True
IBFL,2023-07-10,2023-12-26,2023-01-12,carried_forward_screening_snapshot,low,review_2022_h1,Carried forward from 2023-01-12; no trustworthy full screening table was available for this notice date.,False,True
IBLHL,2023-07-10,2023-12-26,2023-01-12,carried_forward_screening_snapshot,low,review_2022_h1,Carried forward from 2023-01-12; no trustworthy full screening table was available for this notice date.,False,True
ICI,2023-07-10,2023-12-26,2023-01-12,carried_forward_screening_snapshot,low,review_2022_h1,Carried forward from 2023-01-12; no trustworthy full screening table was available for this notice date.,False,True
ICL,2023-07-10,2023-12-26,2023-01-12,carried_forward_screening_snapshot,low,review_2022_h1,Carried forward from 2023-01-12; no trustworthy full screening table was available for this notice date.,False,True
IDRT,2023-07-10,2023-12-26,2023-01-12,carried_forward_screening_snapshot,low,review_2022_h1,Carried forward from 2023-01-12; no trustworthy full screening table was available for this notice date.,False,True
IDSM,2023-07-10,2023-12-26,2023-01-12,carried_forward_screening_snapshot,low,review_2022_h1,Carried forward from 2023-01-12; no trustworthy full screening table was available for this notice date.,False,True
ILP,2023-07-10,2023-12-26,2023-01-12,carried_forward_screening_snapshot,low,review_2022_h1,Carried forward from 2023-01-12; no trustworthy full screening table was available for this notice date.,False,True
IMAGE,2023-07-10,2023-12-26,2023-01-12,carried_forward_screening_snapshot,low,review_2022_h1,Carried forward from 2023-01-12; no trustworthy full screening table was available for this notice date.,False,True
INIL,2023-07-10,2023-12-26,2023-01-12,carried_forward_screening_snapshot,low,review_2022_h1,Carried forward from 2023-01-12; no trustworthy full screening table was available for this notice date.,False,True
ISL,2023-07-10,2023-12-26,2023-01-12,carried_forward_screening_snapshot,low,review_2022_h1,Carried forward from 2023-01-12; no trustworthy full screening table was available for this notice date.,False,True
ITTEFAQ,2023-07-10,2023-12-26,2023-01-12,carried_forward_screening_snapshot,low,review_2022_h1,Carried forward from 2023-01-12; no trustworthy full screening table was available for this notice date.,False,True
JATM,2023-07-10,2023-12-26,2023-01-12,carried_forward_screening_snapshot,low,review_2022_h1,Carried forward from 2023-01-12; no trustworthy full screening table was available for this notice date.,False,True
JDMT,2023-07-10,2023-12-26,2023-01-12,carried_forward_screening_snapshot,low,review_2022_h1,Carried forward from 2023-01-12; no trustworthy full screening table was available for this notice date.,False,True
JKSM,2023-07-10,2023-12-26,2023-01-12,carried_forward_screening_snapshot,low,review_2022_h1,Carried forward from 2023-01-12; no trustworthy full screening table was available for this notice date.,False,True
JOPP,2023-07-10,2023-12-26,2023-01-12,carried_forward_screening_snapshot,low,review_2022_h1,Carried forward from 2023-01-12; no trustworthy full screening table was available for this notice date.,False,True
JSML,2023-07-10,2023-12-26,2023-01-12,carried_forward_screening_snapshot,low,review_2022_h1,Carried forward from 2023-01-12; no trustworthy full screening table was available for this notice date.,False,True
JVDC,2023-07-10,2023-12-26,2023-01-12,carried_forward_screening_snapshot,low,review_2022_h1,Carried forward from 2023-01-12; no trustworthy full screening table was available for this notice date.,False,True
KASBM,2023-07-10,2023-12-26,2023-01-12,carried_forward_screening_snapshot,low,review_2022_h1,Carried forward from 2023-01-12; no trustworthy full screening table was available for this notice date.,False,True
KEL,2023-07-10,2023-12-26,2023-01-12,carried_forward_screening_snapshot,low,review_2022_h1,Carried forward from 2023-01-12; no trustworthy full screening table was available for this notice date.,False,True
KHYT,2023-07-10,2023-12-26,2023-01-12,carried_forward_screening_snapshot,low,review_2022_h1,Carried forward from 2023-01-12; no trustworthy full screening table was available for this notice date.,False,True
KOHC,2023-07-10,2023-12-26,2023-01-12,carried_forward_screening_snapshot,low,review_2022_h1,Carried forward from 2023-01-12; no trustworthy full screening table was available for this notice date.,False,True
KOHE,2023-07-10,2023-12-26,2023-01-12,carried_forward_screening_snapshot,low,review_2022_h1,Carried forward from 2023-01-12; no trustworthy full screening table was available for this notice date.,False,True
KOHTM,2023-07-10,2023-12-26,2023-01-12,carried_forward_screening_snapshot,low,review_2022_h1,Carried forward from 2023-01-12; no trustworthy full screening table was available for this notice date.,False,True
KSBP,2023-07-10,2023-12-26,2023-01-12,carried_forward_screening_snapshot,low,review_2022_h1,Carried forward from 2023-01-12; no trustworthy full screening table was available for this notice date.,False,True
KTML,2023-07-10,2023-12-26,2023-01-12,carried_forward_screening_snapshot,low,review_2022_h1,Carried forward from 2023-01-12; no trustworthy full screening table was available for this notice date.,False,True
LEUL,2023-07-10,2023-12-26,2023-01-12,carried_forward_screening_snapshot,low,review_2022_h1,Carried forward from 2023-01-12; no trustworthy full screening table was available for this notice date.,False,True
LPGL,2023-07-10,2023-12-26,2023-01-12,carried_forward_screening_snapshot,low,review_2022_h1,Carried forward from 2023-01-12; no trustworthy full screening table was available for this notice date.,False,True
LUCK,2023-07-10,2023-12-26,2023-01-12,carried_forward_screening_snapshot,low,review_2022_h1,Carried forward from 2023-01-12; no trustworthy full screening table was available for this notice date.,False,True
MACFL,2023-07-10,2023-12-26,2023-01-12,carried_forward_screening_snapshot,low,review_2022_h1,Carried forward from 2023-01-12; no trustworthy full screening table was available for this notice date.,False,True
MACTER,2023-07-10,2023-12-26,2023-01-12,carried_forward_screening_snapshot,low,review_2022_h1,Carried forward from 2023-01-12; no trustworthy full screening table was available for this notice date.,False,True
MARI,2023-07-10,2023-12-26,2023-01-12,carried_forward_screening_snapshot,low,review_2022_h1,Carried forward from 2023-01-12; no trustworthy full screening table was available for this notice date.,False,True
MEBL,2023-07-10,2023-12-26,2023-01-12,carried_forward_screening_snapshot,low,review_2022_h1,Carried forward from 2023-01-12; no trustworthy full screening table was available for this notice date.,False,True
MFFL,2023-07-10,2023-12-26,2023-01-12,carried_forward_screening_snapshot,low,review_2022_h1,Carried forward from 2023-01-12; no trustworthy full screening table was available for this notice date.,False,True
MLCF,2023-07-10,2023-12-26,2023-01-12,carried_forward_screening_snapshot,low,review_2022_h1,Carried forward from 2023-01-12; no trustworthy full screening table was available for this notice date.,False,True
MODAM,2023-07-10,2023-12-26,2023-01-12,carried_forward_screening_snapshot,low,review_2022_h1,Carried forward from 2023-01-12; no trustworthy full screening table was available for this notice date.,False,True
MSCL,2023-07-10,2023-12-26,2023-01-12,carried_forward_screening_snapshot,low,review_2022_h1,Carried forward from 2023-01-12; no trustworthy full screening table was available for this notice date.,False,True
MTL,2023-07-10,2023-12-26,2023-01-12,carried_forward_screening_snapshot,low,review_2022_h1,Carried forward from 2023-01-12; no trustworthy full screening table was available for this notice date.,False,True
MUGHAL,2023-07-10,2023-12-26,2023-01-12,carried_forward_screening_snapshot,low,review_2022_h1,Carried forward from 2023-01-12; no trustworthy full screening table was available for this notice date.,False,True
NATF,2023-07-10,2023-12-26,2023-01-12,carried_forward_screening_snapshot,low,review_2022_h1,Carried forward from 2023-01-12; no trustworthy full screening table was available for this notice date.,False,True
NATM,2023-07-10,2023-12-26,2023-01-12,carried_forward_screening_snapshot,low,review_2022_h1,Carried forward from 2023-01-12; no trustworthy full screening table was available for this notice date.,False,True
NCL,2023-07-10,2023-12-26,2023-01-12,carried_forward_screening_snapshot,low,review_2022_h1,Carried forward from 2023-01-12; no trustworthy full screening table was available for this notice date.,False,True
NESTLE,2023-07-10,2023-12-26,2023-01-12,carried_forward_screening_snapshot,low,review_2022_h1,Carried forward from 2023-01-12; no trustworthy full screening table was available for this notice date.,False,True
NETSOL,2023-07-10,2023-12-26,2023-01-12,carried_forward_screening_snapshot,low,review_2022_h1,Carried forward from 2023-01-12; no trustworthy full screening table was available for this notice date.,False,True
NML,2023-07-10,2023-12-26,2023-01-12,carried_forward_screening_snapshot,low,review_2022_h1,Carried forward from 2023-01-12; no trustworthy full screening table was available for this notice date.,False,True
NRL,2023-07-10,2023-12-26,2023-01-12,carried_forward_screening_snapshot,low,review_2022_h1,Carried forward from 2023-01-12; no trustworthy full screening table was available for this notice date.,False,True
NSRM,2023-07-10,2023-12-26,2023-01-12,carried_forward_screening_snapshot,low,review_2022_h1,Carried forward from 2023-01-12; no trustworthy full screening table was available for this notice date.,False,True
OGDC,2023-07-10,2023-12-26,2023-01-12,carried_forward_screening_snapshot,low,review_2022_h1,Carried forward from 2023-01-12; no trustworthy full screening table was available for this notice date.,False,True
OLPM,2023-07-10,2023-12-26,2023-01-12,carried_forward_screening_snapshot,low,review_2022_h1,Carried forward from 2023-01-12; no trustworthy full screening table was available for this notice date.,False,True
OML,2023-07-10,2023-12-26,2023-01-12,carried_forward_screening_snapshot,low,review_2022_h1,Carried forward from 2023-01-12; no trustworthy full screening table was available for this notice date.,False,True
ORM,2023-07-10,2023-12-26,2023-01-12,carried_forward_screening_snapshot,low,review_2022_h1,Carried forward from 2023-01-12; no trustworthy full screening table was available for this notice date.,False,True
OTSU,2023-07-10,2023-12-26,2023-01-12,carried_forward_screening_snapshot,low,review_2022_h1,Carried forward from 2023-01-12; no trustworthy full screening table was available for this notice date.,False,True
PABC,2023-07-10,2023-12-26,2023-01-12,carried_forward_screening_snapshot,low,review_2022_h1,Carried forward from 2023-01-12; no trustworthy full screening table was available for this notice date.,False,True
PAEL,2023-07-10,2023-12-26,2023-01-12,carried_forward_screening_snapshot,low,review_2022_h1,Carried forward from 2023-01-12; no trustworthy full screening table was available for this notice date.,False,True
PAKMI,2023-07-10,2023-12-26,2023-01-12,carried_forward_screening_snapshot,low,review_2022_h1,Carried forward from 2023-01-12; no trustworthy full screening table was available for this notice date.,False,True
PAKOXY,2023-07-10,2023-12-26,2023-01-12,carried_forward_screening_snapshot,low,review_2022_h1,Carried forward from 2023-01-12; no trustworthy full screening table was available for this notice date.,False,True
PCAL,2023-07-10,2023-12-26,2023-01-12,carried_forward_screening_snapshot,low,review_2022_h1,Carried forward from 2023-01-12; no trustworthy full screening table was available for this notice date.,False,True
PHDL,2023-07-10,2023-12-26,2023-01-12,carried_forward_screening_snapshot,low,review_2022_h1,Carried forward from 2023-01-12; no trustworthy full screening table was available for this notice date.,False,True
PIBTL,2023-07-10,2023-12-26,2023-01-12,carried_forward_screening_snapshot,low,review_2022_h1,Carried forward from 2023-01-12; no trustworthy full screening table was available for this notice date.,False,True
PICT,2023-07-10,2023-12-26,2023-01-12,carried_forward_screening_snapshot,low,review_2022_h1,Carried forward from 2023-01-12; no trustworthy full screening table was available for this notice date.,False,True
PIM,2023-07-10,2023-12-26,2023-01-12,carried_forward_screening_snapshot,low,review_2022_h1,Carried forward from 2023-01-12; no trustworthy full screening table was available for this notice date.,False,True
PIOC,2023-07-10,2023-12-26,2023-01-12,carried_forward_screening_snapshot,low,review_2022_h1,Carried forward from 2023-01-12; no trustworthy full screening table was available for this notice date.,False,True
PKGS,2023-07-10,2023-12-26,2023-01-12,carried_forward_screening_snapshot,low,review_2022_h1,Carried forward from 2023-01-12; no trustworthy full screening table was available for this notice date.,False,True
PMI,2023-07-10,2023-12-26,2023-01-12,carried_forward_screening_snapshot,low,review_2022_h1,Carried forward from 2023-01-12; no trustworthy full screening table was available for this notice date.,False,True
PNSC,2023-07-10,2023-12-26,2023-01-12,carried_forward_screening_snapshot,low,review_2022_h1,Carried forward from 2023-01-12; no trustworthy full screening table was available for this notice date.,False,True
POL,2023-07-10,2023-12-26,2023-01-12,carried_forward_screening_snapshot,low,review_2022_h1,Carried forward from 2023-01-12; no trustworthy full screening table was available for this notice date.,False,True
POML,2023-07-10,2023-12-26,2023-01-12,carried_forward_screening_snapshot,low,review_2022_h1,Carried forward from 2023-01-12; no trustworthy full screening table was available for this notice date.,False,True
POWER,2023-07-10,2023-12-26,2023-01-12,carried_forward_screening_snapshot,low,review_2022_h1,Carried forward from 2023-01-12; no trustworthy full screening table was available for this notice date.,False,True
PPL,2023-07-10,2023-12-26,2023-01-12,carried_forward_screening_snapshot,low,review_2022_h1,Carried forward from 2023-01-12; no trustworthy full screening table was available for this notice date.,False,True
PPP,2023-07-10,2023-12-26,2023-01-12,carried_forward_screening_snapshot,low,review_2022_h1,Carried forward from 2023-01-12; no trustworthy full screening table was available for this notice date.,False,True
PREMA,2023-07-10,2023-12-26,2023-01-12,carried_forward_screening_snapshot,low,review_2022_h1,Carried forward from 2023-01-12; no trustworthy full screening table was available for this notice date.,False,True
PRL,2023-07-10,2023-12-26,2023-01-12,carried_forward_screening_snapshot,low,review_2022_h1,Carried forward from 2023-01-12; no trustworthy full screening table was available for this notice date.,False,True
PSEL,2023-07-10,2023-12-26,2023-01-12,carried_forward_screening_snapshot,low,review_2022_h1,Carried forward from 2023-01-12; no trustworthy full screening table was available for this notice date.,False,True
PSMC,2023-07-10,2023-12-26,2023-01-12,carried_forward_screening_snapshot,low,review_2022_h1,Carried forward from 2023-01-12; no trustworthy full screening table was available for this notice date.,False,True
PSO,2023-07-10,2023-12-26,2023-01-12,carried_forward_screening_snapshot,low,review_2022_h1,Carried forward from 2023-01-12; no trustworthy full screening table was available for this notice date.,False,True
PSYL,2023-07-10,2023-12-26,2023-01-12,carried_forward_screening_snapshot,low,review_2022_h1,Carried forward from 2023-01-12; no trustworthy full screening table was available for this notice date.,False,True
PTL,2023-07-10,2023-12-26,2023-01-12,carried_forward_screening_snapshot,low,review_2022_h1,Carried forward from 2023-01-12; no trustworthy full screening table was available for this notice date.,False,True
QUET,2023-07-10,2023-12-26,2023-01-12,carried_forward_screening_snapshot,low,review_2022_h1,Carried forward from 2023-01-12; no trustworthy full screening table was available for this notice date.,False,True
RCML,2023-07-10,2023-12-26,2023-01-12,carried_forward_screening_snapshot,low,review_2022_h1,Carried forward from 2023-01-12; no trustworthy full screening table was available for this notice date.,False,True
REDCO,2023-07-10,2023-12-26,2023-01-12,carried_forward_screening_snapshot,low,review_2022_h1,Carried forward from 2023-01-12; no trustworthy full screening table was available for this notice date.,False,True
RMPL,2023-07-10,2023-12-26,2023-01-12,carried_forward_screening_snapshot,low,review_2022_h1,Carried forward from 2023-01-12; no trustworthy full screening table was available for this notice date.,False,True
RPL,2023-07-10,2023-12-26,2023-01-12,carried_forward_screening_snapshot,low,review_2022_h1,Carried forward from 2023-01-12; no trustworthy full screening table was available for this notice date.,False,True
RUPL,2023-07-10,2023-12-26,2023-01-12,carried_forward_screening_snapshot,low,review_2022_h1,Carried forward from 2023-01-12; no trustworthy full screening table was available for this notice date.,False,True
SAPL,2023-07-10,2023-12-26,2023-01-12,carried_forward_screening_snapshot,low,review_2022_h1,Carried forward from 2023-01-12; no trustworthy full screening table was available for this notice date.,False,True
SARC,2023-07-10,2023-12-26,2023-01-12,carried_forward_screening_snapshot,low,review_2022_h1,Carried forward from 2023-01-12; no trustworthy full screening table was available for this notice date.,False,True
SAZEW,2023-07-10,2023-12-26,2023-01-12,carried_forward_screening_snapshot,low,review_2022_h1,Carried forward from 2023-01-12; no trustworthy full screening table was available for this notice date.,False,True
SCL,2023-07-10,2023-12-26,2023-01-12,carried_forward_screening_snapshot,low,review_2022_h1,Carried forward from 2023-01-12; no trustworthy full screening table was available for this notice date.,False,True
SEARL,2023-07-10,2023-12-26,2023-01-12,carried_forward_screening_snapshot,low,review_2022_h1,Carried forward from 2023-01-12; no trustworthy full screening table was available for this notice date.,False,True
SERT,2023-07-10,2023-12-26,2023-01-12,carried_forward_screening_snapshot,low,review_2022_h1,Carried forward from 2023-01-12; no trustworthy full screening table was available for this notice date.,False,True
SFL,2023-07-10,2023-12-26,2023-01-12,carried_forward_screening_snapshot,low,review_2022_h1,Carried forward from 2023-01-12; no trustworthy full screening table was available for this notice date.,False,True
SGABL,2023-07-10,2023-12-26,2023-01-12,carried_forward_screening_snapshot,low,review_2022_h1,Carried forward from 2023-01-12; no trustworthy full screening table was available for this notice date.,False,True
SGF,2023-07-10,2023-12-26,2023-01-12,carried_forward_screening_snapshot,low,review_2022_h1,Carried forward from 2023-01-12; no trustworthy full screening table was available for this notice date.,False,True
SGPL,2023-07-10,2023-12-26,2023-01-12,carried_forward_screening_snapshot,low,review_2022_h1,Carried forward from 2023-01-12; no trustworthy full screening table was available for this notice date.,False,True
SHCM,2023-07-10,2023-12-26,2023-01-12,carried_forward_screening_snapshot,low,review_2022_h1,Carried forward from 2023-01-12; no trustworthy full screening table was available for this notice date.,False,True
SHDT,2023-07-10,2023-12-26,2023-01-12,carried_forward_screening_snapshot,low,review_2022_h1,Carried forward from 2023-01-12; no trustworthy full screening table was available for this notice date.,False,True
SHEL,2023-07-10,2023-12-26,2023-01-12,carried_forward_screening_snapshot,low,review_2022_h1,Carried forward from 2023-01-12; no trustworthy full screening table was available for this notice date.,False,True
SHEZ,2023-07-10,2023-12-26,2023-01-12,carried_forward_screening_snapshot,low,review_2022_h1,Carried forward from 2023-01-12; no trustworthy full screening table was available for this notice date.,False,True
SHFA,2023-07-10,2023-12-26,2023-01-12,carried_forward_screening_snapshot,low,review_2022_h1,Carried forward from 2023-01-12; no trustworthy full screening table was available for this notice date.,False,True
SITC,2023-07-10,2023-12-26,2023-01-12,carried_forward_screening_snapshot,low,review_2022_h1,Carried forward from 2023-01-12; no trustworthy full screening table was available for this notice date.,False,True
SMCPL,2023-07-10,2023-12-26,2023-01-12,carried_forward_screening_snapshot,low,review_2022_h1,Carried forward from 2023-01-12; no trustworthy full screening table was available for this notice date.,False,True
SML,2023-07-10,2023-12-26,2023-01-12,carried_forward_screening_snapshot,low,review_2022_h1,Carried forward from 2023-01-12; no trustworthy full screening table was available for this notice date.,False,True
SNAI,2023-07-10,2023-12-26,2023-01-12,carried_forward_screening_snapshot,low,review_2022_h1,Carried forward from 2023-01-12; no trustworthy full screening table was available for this notice date.,False,True
SNGP,2023-07-10,2023-12-26,2023-01-12,carried_forward_screening_snapshot,low,review_2022_h1,Carried forward from 2023-01-12; no trustworthy full screening table was available for this notice date.,False,True
SPEL,2023-07-10,2023-12-26,2023-01-12,carried_forward_screening_snapshot,low,review_2022_h1,Carried forward from 2023-01-12; no trustworthy full screening table was available for this notice date.,False,True
SPL,2023-07-10,2023-12-26,2023-01-12,carried_forward_screening_snapshot,low,review_2022_h1,Carried forward from 2023-01-12; no trustworthy full screening table was available for this notice date.,False,True
SSGC,2023-07-10,2023-12-26,2023-01-12,carried_forward_screening_snapshot,low,review_2022_h1,Carried forward from 2023-01-12; no trustworthy full screening table was available for this notice date.,False,True
SSML,2023-07-10,2023-12-26,2023-01-12,carried_forward_screening_snapshot,low,review_2022_h1,Carried forward from 2023-01-12; no trustworthy full screening table was available for this notice date.,False,True
STCL,2023-07-10,2023-12-26,2023-01-12,carried_forward_screening_snapshot,low,review_2022_h1,Carried forward from 2023-01-12; no trustworthy full screening table was available for this notice date.,False,True
STJT,2023-07-10,2023-12-26,2023-01-12,carried_forward_screening_snapshot,low,review_2022_h1,Carried forward from 2023-01-12; no trustworthy full screening table was available for this notice date.,False,True
STML,2023-07-10,2023-12-26,2023-01-12,carried_forward_screening_snapshot,low,review_2022_h1,Carried forward from 2023-01-12; no trustworthy full screening table was available for this notice date.,False,True
SURC,2023-07-10,2023-12-26,2023-01-12,carried_forward_screening_snapshot,low,review_2022_h1,Carried forward from 2023-01-12; no trustworthy full screening table was available for this notice date.,False,True
SUTM,2023-07-10,2023-12-26,2023-01-12,carried_forward_screening_snapshot,low,review_2022_h1,Carried forward from 2023-01-12; no trustworthy full screening table was available for this notice date.,False,True
SYS,2023-07-10,2023-12-26,2023-01-12,carried_forward_screening_snapshot,low,review_2022_h1,Carried forward from 2023-01-12; no trustworthy full screening table was available for this notice date.,False,True
SZTM,2023-07-10,2023-12-26,2023-01-12,carried_forward_screening_snapshot,low,review_2022_h1,Carried forward from 2023-01-12; no trustworthy full screening table was available for this notice date.,False,True
TATM,2023-07-10,2023-12-26,2023-01-12,carried_forward_screening_snapshot,low,review_2022_h1,Carried forward from 2023-01-12; no trustworthy full screening table was available for this notice date.,False,True
TELE,2023-07-10,2023-12-26,2023-01-12,carried_forward_screening_snapshot,low,review_2022_h1,Carried forward from 2023-01-12; no trustworthy full screening table was available for this notice date.,False,True
TGL,2023-07-10,2023-12-26,2023-01-12,carried_forward_screening_snapshot,low,review_2022_h1,Carried forward from 2023-01-12; no trustworthy full screening table was available for this notice date.,False,True
THALL,2023-07-10,2023-12-26,2023-01-12,carried_forward_screening_snapshot,low,review_2022_h1,Carried forward from 2023-01-12; no trustworthy full screening table was available for this notice date.,False,True
THCCL,2023-07-10,2023-12-26,2023-01-12,carried_forward_screening_snapshot,low,review_2022_h1,Carried forward from 2023-01-12; no trustworthy full screening table was available for this notice date.,False,True
TOMCL,2023-07-10,2023-12-26,2023-01-12,carried_forward_screening_snapshot,low,review_2022_h1,Carried forward from 2023-01-12; no trustworthy full screening table was available for this notice date.,False,True
TOWL,2023-07-10,2023-12-26,2023-01-12,carried_forward_screening_snapshot,low,review_2022_h1,Carried forward from 2023-01-12; no trustworthy full screening table was available for this notice date.,False,True
TPL,2023-07-10,2023-12-26,2023-01-12,carried_forward_screening_snapshot,low,review_2022_h1,Carried forward from 2023-01-12; no trustworthy full screening table was available for this notice date.,False,True
TPLP,2023-07-10,2023-12-26,2023-01-12,carried_forward_screening_snapshot,low,review_2022_h1,Carried forward from 2023-01-12; no trustworthy full screening table was available for this notice date.,False,True
TPLT,2023-07-10,2023-12-26,2023-01-12,carried_forward_screening_snapshot,low,review_2022_h1,Carried forward from 2023-01-12; no trustworthy full screening table was available for this notice date.,False,True
TREET,2023-07-10,2023-12-26,2023-01-12,carried_forward_screening_snapshot,low,review_2022_h1,Carried forward from 2023-01-12; no trustworthy full screening table was available for this notice date.,False,True
TRSM,2023-07-10,2023-12-26,2023-01-12,carried_forward_screening_snapshot,low,review_2022_h1,Carried forward from 2023-01-12; no trustworthy full screening table was available for this notice date.,False,True
UBDL,2023-07-10,2023-12-26,2023-01-12,carried_forward_screening_snapshot,low,review_2022_h1,Carried forward from 2023-01-12; no trustworthy full screening table was available for this notice date.,False,True
UDPL,2023-07-10,2023-12-26,2023-01-12,carried_forward_screening_snapshot,low,review_2022_h1,Carried forward from 2023-01-12; no trustworthy full screening table was available for this notice date.,False,True
UPFL,2023-07-10,2023-12-26,2023-01-12,carried_forward_screening_snapshot,low,review_2022_h1,Carried forward from 2023-01-12; no trustworthy full screening table was available for this notice date.,False,True
WAHN,2023-07-10,2023-12-26,2023-01-12,carried_forward_screening_snapshot,low,review_2022_h1,Carried forward from 2023-01-12; no trustworthy full screening table was available for this notice date.,False,True
WAVES,2023-07-10,2023-12-26,2023-01-12,carried_forward_screening_snapshot,low,review_2022_h1,Carried forward from 2023-01-12; no trustworthy full screening table was available for this notice date.,False,True
WTL,2023-07-10,2023-12-26,2023-01-12,carried_forward_screening_snapshot,low,review_2022_h1,Carried forward from 2023-01-12; no trustworthy full screening table was available for this notice date.,False,True
ZIL,2023-07-10,2023-12-26,2023-01-12,carried_forward_screening_snapshot,low,review_2022_h1,Carried forward from 2023-01-12; no trustworthy full screening table was available for this notice date.,False,True
ZTL,2023-07-10,2023-12-26,2023-01-12,carried_forward_screening_snapshot,low,review_2022_h1,Carried forward from 2023-01-12; no trustworthy full screening table was available for this notice date.,False,True
AABS,2023-12-26,2024-06-25,2023-12-26,official_full_screening_table,medium,review_2023_h1,Directly parsed compliant rows from official PSX screening table. Exact index membership may differ because defaulter formatting and other exclusions are not consistently machine-readable.,False,True
ABOT,2023-12-26,2024-06-25,2023-12-26,official_full_screening_table,medium,review_2023_h1,Directly parsed compliant rows from official PSX screening table. Exact index membership may differ because defaulter formatting and other exclusions are not consistently machine-readable.,False,True
ACPL,2023-12-26,2024-06-25,2023-12-26,official_full_screening_table,medium,review_2023_h1,Directly parsed compliant rows from official PSX screening table. Exact index membership may differ because defaulter formatting and other exclusions are not consistently machine-readable.,False,True
ADAMS,2023-12-26,2024-06-25,2023-12-26,official_full_screening_table,medium,review_2023_h1,Directly parsed compliant rows from official PSX screening table. Exact index membership may differ because defaulter formatting and other exclusions are not consistently machine-readable.,False,True
AGIL,2023-12-26,2024-06-25,2023-12-26,official_full_screening_table,medium,review_2023_h1,Directly parsed compliant rows from official PSX screening table. Exact index membership may differ because defaulter formatting and other exclusions are not consistently machine-readable.,False,True
AGP,2023-12-26,2024-06-25,2023-12-26,official_full_screening_table,medium,review_2023_h1,Directly parsed compliant rows from official PSX screening table. Exact index membership may differ because defaulter formatting and other exclusions are not consistently machine-readable.,False,True
AGTL,2023-12-26,2024-06-25,2023-12-26,official_full_screening_table,medium,review_2023_h1,Directly parsed compliant rows from official PSX screening table. Exact index membership may differ because defaulter formatting and other exclusions are not consistently machine-readable.,False,True
AHTM,2023-12-26,2024-06-25,2023-12-26,official_full_screening_table,medium,review_2023_h1,Directly parsed compliant rows from official PSX screening table. Exact index membership may differ because defaulter formatting and other exclusions are not consistently machine-readable.,False,True
AIRLINK,2023-12-26,2024-06-25,2023-12-26,official_full_screening_table,medium,review_2023_h1,Directly parsed compliant rows from official PSX screening table. Exact index membership may differ because defaulter formatting and other exclusions are not consistently machine-readable.,False,True
AKDHL,2023-12-26,2024-06-25,2023-12-26,official_full_screening_table,medium,review_2023_h1,Directly parsed compliant rows from official PSX screening table. Exact index membership may differ because defaulter formatting and other exclusions are not consistently machine-readable.,False,True
AKGL,2023-12-26,2024-06-25,2023-12-26,official_full_screening_table,medium,review_2023_h1,Directly parsed compliant rows from official PSX screening table. Exact index membership may differ because defaulter formatting and other exclusions are not consistently machine-readable.,False,True
ALNRS,2023-12-26,2024-06-25,2023-12-26,official_full_screening_table,medium,review_2023_h1,Directly parsed compliant rows from official PSX screening table. Exact index membership may differ because defaulter formatting and other exclusions are not consistently machine-readable.,False,True
ANL,2023-12-26,2024-06-25,2023-12-26,official_full_screening_table,medium,review_2023_h1,Directly parsed compliant rows from official PSX screening table. Exact index membership may differ because defaulter formatting and other exclusions are not consistently machine-readable.,False,True
ANTM,2023-12-26,2024-06-25,2023-12-26,official_full_screening_table,medium,review_2023_h1,Directly parsed compliant rows from official PSX screening table. Exact index membership may differ because defaulter formatting and other exclusions are not consistently machine-readable.,False,True
APL,2023-12-26,2024-06-25,2023-12-26,official_full_screening_table,medium,review_2023_h1,Directly parsed compliant rows from official PSX screening table. Exact index membership may differ because defaulter formatting and other exclusions are not consistently machine-readable.,False,True
ARCTM,2023-12-26,2024-06-25,2023-12-26,official_full_screening_table,medium,review_2023_h1,Directly parsed compliant rows from official PSX screening table. Exact index membership may differ because defaulter formatting and other exclusions are not consistently machine-readable.,False,True
ARM,2023-12-26,2024-06-25,2023-12-26,official_full_screening_table,medium,review_2023_h1,Directly parsed compliant rows from official PSX screening table. Exact index membership may differ because defaulter formatting and other exclusions are not consistently machine-readable.,False,True
ARPL,2023-12-26,2024-06-25,2023-12-26,official_full_screening_table,medium,review_2023_h1,Directly parsed compliant rows from official PSX screening table. Exact index membership may differ because defaulter formatting and other exclusions are not consistently machine-readable.,False,True
ASC,2023-12-26,2024-06-25,2023-12-26,official_full_screening_table,medium,review_2023_h1,Directly parsed compliant rows from official PSX screening table. Exact index membership may differ because defaulter formatting and other exclusions are not consistently machine-readable.,False,True
ASHT,2023-12-26,2024-06-25,2023-12-26,official_full_screening_table,medium,review_2023_h1,Directly parsed compliant rows from official PSX screening table. Exact index membership may differ because defaulter formatting and other exclusions are not consistently machine-readable.,False,True
ASL,2023-12-26,2024-06-25,2023-12-26,official_full_screening_table,medium,review_2023_h1,Directly parsed compliant rows from official PSX screening table. Exact index membership may differ because defaulter formatting and other exclusions are not consistently machine-readable.,False,True
ASTL,2023-12-26,2024-06-25,2023-12-26,official_full_screening_table,medium,review_2023_h1,Directly parsed compliant rows from official PSX screening table. Exact index membership may differ because defaulter formatting and other exclusions are not consistently machine-readable.,False,True
ATBA,2023-12-26,2024-06-25,2023-12-26,official_full_screening_table,medium,review_2023_h1,Directly parsed compliant rows from official PSX screening table. Exact index membership may differ because defaulter formatting and other exclusions are not consistently machine-readable.,False,True
ATLH,2023-12-26,2024-06-25,2023-12-26,official_full_screening_table,medium,review_2023_h1,Directly parsed compliant rows from official PSX screening table. Exact index membership may differ because defaulter formatting and other exclusions are not consistently machine-readable.,False,True
ATRL,2023-12-26,2024-06-25,2023-12-26,official_full_screening_table,medium,review_2023_h1,Directly parsed compliant rows from official PSX screening table. Exact index membership may differ because defaulter formatting and other exclusions are not consistently machine-readable.,False,True
AVN,2023-12-26,2024-06-25,2023-12-26,official_full_screening_table,medium,review_2023_h1,Directly parsed compliant rows from official PSX screening table. Exact index membership may differ because defaulter formatting and other exclusions are not consistently machine-readable.,False,True
AWTX,2023-12-26,2024-06-25,2023-12-26,official_full_screening_table,medium,review_2023_h1,Directly parsed compliant rows from official PSX screening table. Exact index membership may differ because defaulter formatting and other exclusions are not consistently machine-readable.,False,True
BAFS,2023-12-26,2024-06-25,2023-12-26,official_full_screening_table,medium,review_2023_h1,Directly parsed compliant rows from official PSX screening table. Exact index membership may differ because defaulter formatting and other exclusions are not consistently machine-readable.,False,True
BATA,2023-12-26,2024-06-25,2023-12-26,official_full_screening_table,medium,review_2023_h1,Directly parsed compliant rows from official PSX screening table. Exact index membership may differ because defaulter formatting and other exclusions are not consistently machine-readable.,False,True
BCL,2023-12-26,2024-06-25,2023-12-26,official_full_screening_table,medium,review_2023_h1,Directly parsed compliant rows from official PSX screening table. Exact index membership may differ because defaulter formatting and other exclusions are not consistently machine-readable.,False,True
BECO,2023-12-26,2024-06-25,2023-12-26,official_full_screening_table,medium,review_2023_h1,Directly parsed compliant rows from official PSX screening table. Exact index membership may differ because defaulter formatting and other exclusions are not consistently machine-readable.,False,True
BERG,2023-12-26,2024-06-25,2023-12-26,official_full_screening_table,medium,review_2023_h1,Directly parsed compliant rows from official PSX screening table. Exact index membership may differ because defaulter formatting and other exclusions are not consistently machine-readable.,False,True
BFMOD,2023-12-26,2024-06-25,2023-12-26,official_full_screening_table,medium,review_2023_h1,Directly parsed compliant rows from official PSX screening table. Exact index membership may differ because defaulter formatting and other exclusions are not consistently machine-readable.,False,True
BGL,2023-12-26,2024-06-25,2023-12-26,official_full_screening_table,medium,review_2023_h1,Directly parsed compliant rows from official PSX screening table. Exact index membership may differ because defaulter formatting and other exclusions are not consistently machine-readable.,False,True
BIFO,2023-12-26,2024-06-25,2023-12-26,official_full_screening_table,medium,review_2023_h1,Directly parsed compliant rows from official PSX screening table. Exact index membership may differ because defaulter formatting and other exclusions are not consistently machine-readable.,False,True
BIPL,2023-12-26,2024-06-25,2023-12-26,official_full_screening_table,medium,review_2023_h1,Directly parsed compliant rows from official PSX screening table. Exact index membership may differ because defaulter formatting and other exclusions are not consistently machine-readable.,False,True
BNL,2023-12-26,2024-06-25,2023-12-26,official_full_screening_table,medium,review_2023_h1,Directly parsed compliant rows from official PSX screening table. Exact index membership may differ because defaulter formatting and other exclusions are not consistently machine-readable.,False,True
BNWM,2023-12-26,2024-06-25,2023-12-26,official_full_screening_table,medium,review_2023_h1,Directly parsed compliant rows from official PSX screening table. Exact index membership may differ because defaulter formatting and other exclusions are not consistently machine-readable.,False,True
BPL,2023-12-26,2024-06-25,2023-12-26,official_full_screening_table,medium,review_2023_h1,Directly parsed compliant rows from official PSX screening table. Exact index membership may differ because defaulter formatting and other exclusions are not consistently machine-readable.,False,True
BTL,2023-12-26,2024-06-25,2023-12-26,official_full_screening_table,medium,review_2023_h1,Directly parsed compliant rows from official PSX screening table. Exact index membership may differ because defaulter formatting and other exclusions are not consistently machine-readable.,False,True
BUXL,2023-12-26,2024-06-25,2023-12-26,official_full_screening_table,medium,review_2023_h1,Directly parsed compliant rows from official PSX screening table. Exact index membership may differ because defaulter formatting and other exclusions are not consistently machine-readable.,False,True
BWCL,2023-12-26,2024-06-25,2023-12-26,official_full_screening_table,medium,review_2023_h1,Directly parsed compliant rows from official PSX screening table. Exact index membership may differ because defaulter formatting and other exclusions are not consistently machine-readable.,False,True
BWHL,2023-12-26,2024-06-25,2023-12-26,official_full_screening_table,medium,review_2023_h1,Directly parsed compliant rows from official PSX screening table. Exact index membership may differ because defaulter formatting and other exclusions are not consistently machine-readable.,False,True
CCM,2023-12-26,2024-06-25,2023-12-26,official_full_screening_table,medium,review_2023_h1,Directly parsed compliant rows from official PSX screening table. Exact index membership may differ because defaulter formatting and other exclusions are not consistently machine-readable.,False,True
CEPB,2023-12-26,2024-06-25,2023-12-26,official_full_screening_table,medium,review_2023_h1,Directly parsed compliant rows from official PSX screening table. Exact index membership may differ because defaulter formatting and other exclusions are not consistently machine-readable.,False,True
CHCC,2023-12-26,2024-06-25,2023-12-26,official_full_screening_table,medium,review_2023_h1,Directly parsed compliant rows from official PSX screening table. Exact index membership may differ because defaulter formatting and other exclusions are not consistently machine-readable.,False,True
CLOV,2023-12-26,2024-06-25,2023-12-26,official_full_screening_table,medium,review_2023_h1,Directly parsed compliant rows from official PSX screening table. Exact index membership may differ because defaulter formatting and other exclusions are not consistently machine-readable.,False,True
CNERGY,2023-12-26,2024-06-25,2023-12-26,official_full_screening_table,medium,review_2023_h1,Directly parsed compliant rows from official PSX screening table. Exact index membership may differ because defaulter formatting and other exclusions are not consistently machine-readable.,False,True
COLG,2023-12-26,2024-06-25,2023-12-26,official_full_screening_table,medium,review_2023_h1,Directly parsed compliant rows from official PSX screening table. Exact index membership may differ because defaulter formatting and other exclusions are not consistently machine-readable.,False,True
CPHL,2023-12-26,2024-06-25,2023-12-26,official_full_screening_table,medium,review_2023_h1,Directly parsed compliant rows from official PSX screening table. Exact index membership may differ because defaulter formatting and other exclusions are not consistently machine-readable.,False,True
CPPL,2023-12-26,2024-06-25,2023-12-26,official_full_screening_table,medium,review_2023_h1,Directly parsed compliant rows from official PSX screening table. Exact index membership may differ because defaulter formatting and other exclusions are not consistently machine-readable.,False,True
CRTM,2023-12-26,2024-06-25,2023-12-26,official_full_screening_table,medium,review_2023_h1,Directly parsed compliant rows from official PSX screening table. Exact index membership may differ because defaulter formatting and other exclusions are not consistently machine-readable.,False,True
CTM,2023-12-26,2024-06-25,2023-12-26,official_full_screening_table,medium,review_2023_h1,Directly parsed compliant rows from official PSX screening table. Exact index membership may differ because defaulter formatting and other exclusions are not consistently machine-readable.,False,True
DAAG,2023-12-26,2024-06-25,2023-12-26,official_full_screening_table,medium,review_2023_h1,Directly parsed compliant rows from official PSX screening table. Exact index membership may differ because defaulter formatting and other exclusions are not consistently machine-readable.,False,True
DADX,2023-12-26,2024-06-25,2023-12-26,official_full_screening_table,medium,review_2023_h1,Directly parsed compliant rows from official PSX screening table. Exact index membership may differ because defaulter formatting and other exclusions are not consistently machine-readable.,False,True
DCL,2023-12-26,2024-06-25,2023-12-26,official_full_screening_table,medium,review_2023_h1,Directly parsed compliant rows from official PSX screening table. Exact index membership may differ because defaulter formatting and other exclusions are not consistently machine-readable.,False,True
DCR,2023-12-26,2024-06-25,2023-12-26,official_full_screening_table,medium,review_2023_h1,Directly parsed compliant rows from official PSX screening table. Exact index membership may differ because defaulter formatting and other exclusions are not consistently machine-readable.,False,True
DFSM,2023-12-26,2024-06-25,2023-12-26,official_full_screening_table,medium,review_2023_h1,Directly parsed compliant rows from official PSX screening table. Exact index membership may differ because defaulter formatting and other exclusions are not consistently machine-readable.,False,True
DGKC,2023-12-26,2024-06-25,2023-12-26,official_full_screening_table,medium,review_2023_h1,Directly parsed compliant rows from official PSX screening table. Exact index membership may differ because defaulter formatting and other exclusions are not consistently machine-readable.,False,True
DIIL,2023-12-26,2024-06-25,2023-12-26,official_full_screening_table,medium,review_2023_h1,Directly parsed compliant rows from official PSX screening table. Exact index membership may differ because defaulter formatting and other exclusions are not consistently machine-readable.,False,True
DINT,2023-12-26,2024-06-25,2023-12-26,official_full_screening_table,medium,review_2023_h1,Directly parsed compliant rows from official PSX screening table. Exact index membership may differ because defaulter formatting and other exclusions are not consistently machine-readable.,False,True
DOL,2023-12-26,2024-06-25,2023-12-26,official_full_screening_table,medium,review_2023_h1,Directly parsed compliant rows from official PSX screening table. Exact index membership may differ because defaulter formatting and other exclusions are not consistently machine-readable.,False,True
DYNO,2023-12-26,2024-06-25,2023-12-26,official_full_screening_table,medium,review_2023_h1,Directly parsed compliant rows from official PSX screening table. Exact index membership may differ because defaulter formatting and other exclusions are not consistently machine-readable.,False,True
EFERT,2023-12-26,2024-06-25,2023-12-26,official_full_screening_table,medium,review_2023_h1,Directly parsed compliant rows from official PSX screening table. Exact index membership may differ because defaulter formatting and other exclusions are not consistently machine-readable.,False,True
ELCM,2023-12-26,2024-06-25,2023-12-26,official_full_screening_table,medium,review_2023_h1,Directly parsed compliant rows from official PSX screening table. Exact index membership may differ because defaulter formatting and other exclusions are not consistently machine-readable.,False,True
EMCO,2023-12-26,2024-06-25,2023-12-26,official_full_screening_table,medium,review_2023_h1,Directly parsed compliant rows from official PSX screening table. Exact index membership may differ because defaulter formatting and other exclusions are not consistently machine-readable.,False,True
ENGRO,2023-12-26,2024-06-25,2023-12-26,official_full_screening_table,medium,review_2023_h1,Directly parsed compliant rows from official PSX screening table. Exact index membership may differ because defaulter formatting and other exclusions are not consistently machine-readable.,False,True
EPCL,2023-12-26,2024-06-25,2023-12-26,official_full_screening_table,medium,review_2023_h1,Directly parsed compliant rows from official PSX screening table. Exact index membership may differ because defaulter formatting and other exclusions are not consistently machine-readable.,False,True
EPQL,2023-12-26,2024-06-25,2023-12-26,official_full_screening_table,medium,review_2023_h1,Directly parsed compliant rows from official PSX screening table. Exact index membership may differ because defaulter formatting and other exclusions are not consistently machine-readable.,False,True
EXIDE,2023-12-26,2024-06-25,2023-12-26,official_full_screening_table,medium,review_2023_h1,Directly parsed compliant rows from official PSX screening table. Exact index membership may differ because defaulter formatting and other exclusions are not consistently machine-readable.,False,True
FABL,2023-12-26,2024-06-25,2023-12-26,official_full_screening_table,medium,review_2023_h1,Directly parsed compliant rows from official PSX screening table. Exact index membership may differ because defaulter formatting and other exclusions are not consistently machine-readable.,False,True
FANM,2023-12-26,2024-06-25,2023-12-26,official_full_screening_table,medium,review_2023_h1,Directly parsed compliant rows from official PSX screening table. Exact index membership may differ because defaulter formatting and other exclusions are not consistently machine-readable.,False,True
FATIMA,2023-12-26,2024-06-25,2023-12-26,official_full_screening_table,medium,review_2023_h1,Directly parsed compliant rows from official PSX screening table. Exact index membership may differ because defaulter formatting and other exclusions are not consistently machine-readable.,False,True
FCCL,2023-12-26,2024-06-25,2023-12-26,official_full_screening_table,medium,review_2023_h1,Directly parsed compliant rows from official PSX screening table. Exact index membership may differ because defaulter formatting and other exclusions are not consistently machine-readable.,False,True
FCEPL,2023-12-26,2024-06-25,2023-12-26,official_full_screening_table,medium,review_2023_h1,Directly parsed compliant rows from official PSX screening table. Exact index membership may differ because defaulter formatting and other exclusions are not consistently machine-readable.,False,True
FECM,2023-12-26,2024-06-25,2023-12-26,official_full_screening_table,medium,review_2023_h1,Directly parsed compliant rows from official PSX screening table. Exact index membership may differ because defaulter formatting and other exclusions are not consistently machine-readable.,False,True
FECTC,2023-12-26,2024-06-25,2023-12-26,official_full_screening_table,medium,review_2023_h1,Directly parsed compliant rows from official PSX screening table. Exact index membership may differ because defaulter formatting and other exclusions are not consistently machine-readable.,False,True
FEM,2023-12-26,2024-06-25,2023-12-26,official_full_screening_table,medium,review_2023_h1,Directly parsed compliant rows from official PSX screening table. Exact index membership may differ because defaulter formatting and other exclusions are not consistently machine-readable.,False,True
FEROZ,2023-12-26,2024-06-25,2023-12-26,official_full_screening_table,medium,review_2023_h1,Directly parsed compliant rows from official PSX screening table. Exact index membership may differ because defaulter formatting and other exclusions are not consistently machine-readable.,False,True
FFBL,2023-12-26,2024-06-25,2023-12-26,official_full_screening_table,medium,review_2023_h1,Directly parsed compliant rows from official PSX screening table. Exact index membership may differ because defaulter formatting and other exclusions are not consistently machine-readable.,False,True
FFL,2023-12-26,2024-06-25,2023-12-26,official_full_screening_table,medium,review_2023_h1,Directly parsed compliant rows from official PSX screening table. Exact index membership may differ because defaulter formatting and other exclusions are not consistently machine-readable.,False,True
FFLM,2023-12-26,2024-06-25,2023-12-26,official_full_screening_table,medium,review_2023_h1,Directly parsed compliant rows from official PSX screening table. Exact index membership may differ because defaulter formatting and other exclusions are not consistently machine-readable.,False,True
FHAM,2023-12-26,2024-06-25,2023-12-26,official_full_screening_table,medium,review_2023_h1,Directly parsed compliant rows from official PSX screening table. Exact index membership may differ because defaulter formatting and other exclusions are not consistently machine-readable.,False,True
FIBLM,2023-12-26,2024-06-25,2023-12-26,official_full_screening_table,medium,review_2023_h1,Directly parsed compliant rows from official PSX screening table. Exact index membership may differ because defaulter formatting and other exclusions are not consistently machine-readable.,False,True
FIMM,2023-12-26,2024-06-25,2023-12-26,official_full_screening_table,medium,review_2023_h1,Directly parsed compliant rows from official PSX screening table. Exact index membership may differ because defaulter formatting and other exclusions are not consistently machine-readable.,False,True
FLYNG,2023-12-26,2024-06-25,2023-12-26,official_full_screening_table,medium,review_2023_h1,Directly parsed compliant rows from official PSX screening table. Exact index membership may differ because defaulter formatting and other exclusions are not consistently machine-readable.,False,True
FPJM,2023-12-26,2024-06-25,2023-12-26,official_full_screening_table,medium,review_2023_h1,Directly parsed compliant rows from official PSX screening table. Exact index membership may differ because defaulter formatting and other exclusions are not consistently machine-readable.,False,True
FPRM,2023-12-26,2024-06-25,2023-12-26,official_full_screening_table,medium,review_2023_h1,Directly parsed compliant rows from official PSX screening table. Exact index membership may differ because defaulter formatting and other exclusions are not consistently machine-readable.,False,True
FRCL,2023-12-26,2024-06-25,2023-12-26,official_full_screening_table,medium,review_2023_h1,Directly parsed compliant rows from official PSX screening table. Exact index membership may differ because defaulter formatting and other exclusions are not consistently machine-readable.,False,True
FRSM,2023-12-26,2024-06-25,2023-12-26,official_full_screening_table,medium,review_2023_h1,Directly parsed compliant rows from official PSX screening table. Exact index membership may differ because defaulter formatting and other exclusions are not consistently machine-readable.,False,True
FTMM,2023-12-26,2024-06-25,2023-12-26,official_full_screening_table,medium,review_2023_h1,Directly parsed compliant rows from official PSX screening table. Exact index membership may differ because defaulter formatting and other exclusions are not consistently machine-readable.,False,True
FTSM,2023-12-26,2024-06-25,2023-12-26,official_full_screening_table,medium,review_2023_h1,Directly parsed compliant rows from official PSX screening table. Exact index membership may differ because defaulter formatting and other exclusions are not consistently machine-readable.,False,True
FUDLM,2023-12-26,2024-06-25,2023-12-26,official_full_screening_table,medium,review_2023_h1,Directly parsed compliant rows from official PSX screening table. Exact index membership may differ because defaulter formatting and other exclusions are not consistently machine-readable.,False,True
FZCM,2023-12-26,2024-06-25,2023-12-26,official_full_screening_table,medium,review_2023_h1,Directly parsed compliant rows from official PSX screening table. Exact index membership may differ because defaulter formatting and other exclusions are not consistently machine-readable.,False,True
GAL,2023-12-26,2024-06-25,2023-12-26,official_full_screening_table,medium,review_2023_h1,Directly parsed compliant rows from official PSX screening table. Exact index membership may differ because defaulter formatting and other exclusions are not consistently machine-readable.,False,True
GAMON,2023-12-26,2024-06-25,2023-12-26,official_full_screening_table,medium,review_2023_h1,Directly parsed compliant rows from official PSX screening table. Exact index membership may differ because defaulter formatting and other exclusions are not consistently machine-readable.,False,True
GATI,2023-12-26,2024-06-25,2023-12-26,official_full_screening_table,medium,review_2023_h1,Directly parsed compliant rows from official PSX screening table. Exact index membership may differ because defaulter formatting and other exclusions are not consistently machine-readable.,False,True
GEMPAPL,2023-12-26,2024-06-25,2023-12-26,official_full_screening_table,medium,review_2023_h1,Directly parsed compliant rows from official PSX screening table. Exact index membership may differ because defaulter formatting and other exclusions are not consistently machine-readable.,False,True
GEMSPNL,2023-12-26,2024-06-25,2023-12-26,official_full_screening_table,medium,review_2023_h1,Directly parsed compliant rows from official PSX screening table. Exact index membership may differ because defaulter formatting and other exclusions are not consistently machine-readable.,False,True
GEMUNSL,2023-12-26,2024-06-25,2023-12-26,official_full_screening_table,medium,review_2023_h1,Directly parsed compliant rows from official PSX screening table. Exact index membership may differ because defaulter formatting and other exclusions are not consistently machine-readable.,False,True
GFIL,2023-12-26,2024-06-25,2023-12-26,official_full_screening_table,medium,review_2023_h1,Directly parsed compliant rows from official PSX screening table. Exact index membership may differ because defaulter formatting and other exclusions are not consistently machine-readable.,False,True
GGGL,2023-12-26,2024-06-25,2023-12-26,official_full_screening_table,medium,review_2023_h1,Directly parsed compliant rows from official PSX screening table. Exact index membership may differ because defaulter formatting and other exclusions are not consistently machine-readable.,False,True
GGL,2023-12-26,2024-06-25,2023-12-26,official_full_screening_table,medium,review_2023_h1,Directly parsed compliant rows from official PSX screening table. Exact index membership may differ because defaulter formatting and other exclusions are not consistently machine-readable.,False,True
GHGL,2023-12-26,2024-06-25,2023-12-26,official_full_screening_table,medium,review_2023_h1,Directly parsed compliant rows from official PSX screening table. Exact index membership may differ because defaulter formatting and other exclusions are not consistently machine-readable.,False,True
GHNI,2023-12-26,2024-06-25,2023-12-26,official_full_screening_table,medium,review_2023_h1,Directly parsed compliant rows from official PSX screening table. Exact index membership may differ because defaulter formatting and other exclusions are not consistently machine-readable.,False,True
GIL,2023-12-26,2024-06-25,2023-12-26,official_full_screening_table,medium,review_2023_h1,Directly parsed compliant rows from official PSX screening table. Exact index membership may differ because defaulter formatting and other exclusions are not consistently machine-readable.,False,True
GLAXO,2023-12-26,2024-06-25,2023-12-26,official_full_screening_table,medium,review_2023_h1,Directly parsed compliant rows from official PSX screening table. Exact index membership may differ because defaulter formatting and other exclusions are not consistently machine-readable.,False,True
GLPL,2023-12-26,2024-06-25,2023-12-26,official_full_screening_table,medium,review_2023_h1,Directly parsed compliant rows from official PSX screening table. Exact index membership may differ because defaulter formatting and other exclusions are not consistently machine-readable.,False,True
GOC,2023-12-26,2024-06-25,2023-12-26,official_full_screening_table,medium,review_2023_h1,Directly parsed compliant rows from official PSX screening table. Exact index membership may differ because defaulter formatting and other exclusions are not consistently machine-readable.,False,True
GTYR,2023-12-26,2024-06-25,2023-12-26,official_full_screening_table,medium,review_2023_h1,Directly parsed compliant rows from official PSX screening table. Exact index membership may differ because defaulter formatting and other exclusions are not consistently machine-readable.,False,True
GVGL,2023-12-26,2024-06-25,2023-12-26,official_full_screening_table,medium,review_2023_h1,Directly parsed compliant rows from official PSX screening table. Exact index membership may differ because defaulter formatting and other exclusions are not consistently machine-readable.,False,True
GWLC,2023-12-26,2024-06-25,2023-12-26,official_full_screening_table,medium,review_2023_h1,Directly parsed compliant rows from official PSX screening table. Exact index membership may differ because defaulter formatting and other exclusions are not consistently machine-readable.,False,True
HABSM,2023-12-26,2024-06-25,2023-12-26,official_full_screening_table,medium,review_2023_h1,Directly parsed compliant rows from official PSX screening table. Exact index membership may differ because defaulter formatting and other exclusions are not consistently machine-readable.,False,True
HAEL,2023-12-26,2024-06-25,2023-12-26,official_full_screening_table,medium,review_2023_h1,Directly parsed compliant rows from official PSX screening table. Exact index membership may differ because defaulter formatting and other exclusions are not consistently machine-readable.,False,True
HAFL,2023-12-26,2024-06-25,2023-12-26,official_full_screening_table,medium,review_2023_h1,Directly parsed compliant rows from official PSX screening table. Exact index membership may differ because defaulter formatting and other exclusions are not consistently machine-readable.,False,True
HALEON,2023-12-26,2024-06-25,2023-12-26,official_full_screening_table,medium,review_2023_h1,Directly parsed compliant rows from official PSX screening table. Exact index membership may differ because defaulter formatting and other exclusions are not consistently machine-readable.,False,True
HCAR,2023-12-26,2024-06-25,2023-12-26,official_full_screening_table,medium,review_2023_h1,Directly parsed compliant rows from official PSX screening table. Exact index membership may differ because defaulter formatting and other exclusions are not consistently machine-readable.,False,True
HCL,2023-12-26,2024-06-25,2023-12-26,official_full_screening_table,medium,review_2023_h1,Directly parsed compliant rows from official PSX screening table. Exact index membership may differ because defaulter formatting and other exclusions are not consistently machine-readable.,False,True
HINO,2023-12-26,2024-06-25,2023-12-26,official_full_screening_table,medium,review_2023_h1,Directly parsed compliant rows from official PSX screening table. Exact index membership may differ because defaulter formatting and other exclusions are not consistently machine-readable.,False,True
HINOON,2023-12-26,2024-06-25,2023-12-26,official_full_screening_table,medium,review_2023_h1,Directly parsed compliant rows from official PSX screening table. Exact index membership may differ because defaulter formatting and other exclusions are not consistently machine-readable.,False,True
HTL,2023-12-26,2024-06-25,2023-12-26,official_full_screening_table,medium,review_2023_h1,Directly parsed compliant rows from official PSX screening table. Exact index membership may differ because defaulter formatting and other exclusions are not consistently machine-readable.,False,True
HUBC,2023-12-26,2024-06-25,2023-12-26,official_full_screening_table,medium,review_2023_h1,Directly parsed compliant rows from official PSX screening table. Exact index membership may differ because defaulter formatting and other exclusions are not consistently machine-readable.,False,True
IBFL,2023-12-26,2024-06-25,2023-12-26,official_full_screening_table,medium,review_2023_h1,Directly parsed compliant rows from official PSX screening table. Exact index membership may differ because defaulter formatting and other exclusions are not consistently machine-readable.,False,True
IBLHL,2023-12-26,2024-06-25,2023-12-26,official_full_screening_table,medium,review_2023_h1,Directly parsed compliant rows from official PSX screening table. Exact index membership may differ because defaulter formatting and other exclusions are not consistently machine-readable.,False,True
ICL,2023-12-26,2024-06-25,2023-12-26,official_full_screening_table,medium,review_2023_h1,Directly parsed compliant rows from official PSX screening table. Exact index membership may differ because defaulter formatting and other exclusions are not consistently machine-readable.,False,True
IDRT,2023-12-26,2024-06-25,2023-12-26,official_full_screening_table,medium,review_2023_h1,Directly parsed compliant rows from official PSX screening table. Exact index membership may differ because defaulter formatting and other exclusions are not consistently machine-readable.,False,True
IDSM,2023-12-26,2024-06-25,2023-12-26,official_full_screening_table,medium,review_2023_h1,Directly parsed compliant rows from official PSX screening table. Exact index membership may differ because defaulter formatting and other exclusions are not consistently machine-readable.,False,True
ILP,2023-12-26,2024-06-25,2023-12-26,official_full_screening_table,medium,review_2023_h1,Directly parsed compliant rows from official PSX screening table. Exact index membership may differ because defaulter formatting and other exclusions are not consistently machine-readable.,False,True
IMAGE,2023-12-26,2024-06-25,2023-12-26,official_full_screening_table,medium,review_2023_h1,Directly parsed compliant rows from official PSX screening table. Exact index membership may differ because defaulter formatting and other exclusions are not consistently machine-readable.,False,True
INIL,2023-12-26,2024-06-25,2023-12-26,official_full_screening_table,medium,review_2023_h1,Directly parsed compliant rows from official PSX screening table. Exact index membership may differ because defaulter formatting and other exclusions are not consistently machine-readable.,False,True
INKL,2023-12-26,2024-06-25,2023-12-26,official_full_screening_table,medium,review_2023_h1,Directly parsed compliant rows from official PSX screening table. Exact index membership may differ because defaulter formatting and other exclusions are not consistently machine-readable.,False,True
ISL,2023-12-26,2024-06-25,2023-12-26,official_full_screening_table,medium,review_2023_h1,Directly parsed compliant rows from official PSX screening table. Exact index membership may differ because defaulter formatting and other exclusions are not consistently machine-readable.,False,True
ITTEFAQ,2023-12-26,2024-06-25,2023-12-26,official_full_screening_table,medium,review_2023_h1,Directly parsed compliant rows from official PSX screening table. Exact index membership may differ because defaulter formatting and other exclusions are not consistently machine-readable.,False,True
JDMT,2023-12-26,2024-06-25,2023-12-26,official_full_screening_table,medium,review_2023_h1,Directly parsed compliant rows from official PSX screening table. Exact index membership may differ because defaulter formatting and other exclusions are not consistently machine-readable.,False,True
JDWS,2023-12-26,2024-06-25,2023-12-26,official_full_screening_table,medium,review_2023_h1,Directly parsed compliant rows from official PSX screening table. Exact index membership may differ because defaulter formatting and other exclusions are not consistently machine-readable.,False,True
JSML,2023-12-26,2024-06-25,2023-12-26,official_full_screening_table,medium,review_2023_h1,Directly parsed compliant rows from official PSX screening table. Exact index membership may differ because defaulter formatting and other exclusions are not consistently machine-readable.,False,True
JVDC,2023-12-26,2024-06-25,2023-12-26,official_full_screening_table,medium,review_2023_h1,Directly parsed compliant rows from official PSX screening table. Exact index membership may differ because defaulter formatting and other exclusions are not consistently machine-readable.,False,True
KCL,2023-12-26,2024-06-25,2023-12-26,official_full_screening_table,medium,review_2023_h1,Directly parsed compliant rows from official PSX screening table. Exact index membership may differ because defaulter formatting and other exclusions are not consistently machine-readable.,False,True
KEL,2023-12-26,2024-06-25,2023-12-26,official_full_screening_table,medium,review_2023_h1,Directly parsed compliant rows from official PSX screening table. Exact index membership may differ because defaulter formatting and other exclusions are not consistently machine-readable.,False,True
KHYT,2023-12-26,2024-06-25,2023-12-26,official_full_screening_table,medium,review_2023_h1,Directly parsed compliant rows from official PSX screening table. Exact index membership may differ because defaulter formatting and other exclusions are not consistently machine-readable.,False,True
KOHC,2023-12-26,2024-06-25,2023-12-26,official_full_screening_table,medium,review_2023_h1,Directly parsed compliant rows from official PSX screening table. Exact index membership may differ because defaulter formatting and other exclusions are not consistently machine-readable.,False,True
KOHE,2023-12-26,2024-06-25,2023-12-26,official_full_screening_table,medium,review_2023_h1,Directly parsed compliant rows from official PSX screening table. Exact index membership may differ because defaulter formatting and other exclusions are not consistently machine-readable.,False,True
KOHTM,2023-12-26,2024-06-25,2023-12-26,official_full_screening_table,medium,review_2023_h1,Directly parsed compliant rows from official PSX screening table. Exact index membership may differ because defaulter formatting and other exclusions are not consistently machine-readable.,False,True
KPUS,2023-12-26,2024-06-25,2023-12-26,official_full_screening_table,medium,review_2023_h1,Directly parsed compliant rows from official PSX screening table. Exact index membership may differ because defaulter formatting and other exclusions are not consistently machine-readable.,False,True
KSBP,2023-12-26,2024-06-25,2023-12-26,official_full_screening_table,medium,review_2023_h1,Directly parsed compliant rows from official PSX screening table. Exact index membership may differ because defaulter formatting and other exclusions are not consistently machine-readable.,False,True
KTML,2023-12-26,2024-06-25,2023-12-26,official_full_screening_table,medium,review_2023_h1,Directly parsed compliant rows from official PSX screening table. Exact index membership may differ because defaulter formatting and other exclusions are not consistently machine-readable.,False,True
LCI,2023-12-26,2024-06-25,2023-12-26,official_full_screening_table,medium,review_2023_h1,Directly parsed compliant rows from official PSX screening table. Exact index membership may differ because defaulter formatting and other exclusions are not consistently machine-readable.,False,True
LEUL,2023-12-26,2024-06-25,2023-12-26,official_full_screening_table,medium,review_2023_h1,Directly parsed compliant rows from official PSX screening table. Exact index membership may differ because defaulter formatting and other exclusions are not consistently machine-readable.,False,True
LOTCHEM,2023-12-26,2024-06-25,2023-12-26,official_full_screening_table,medium,review_2023_h1,Directly parsed compliant rows from official PSX screening table. Exact index membership may differ because defaulter formatting and other exclusions are not consistently machine-readable.,False,True
LPGL,2023-12-26,2024-06-25,2023-12-26,official_full_screening_table,medium,review_2023_h1,Directly parsed compliant rows from official PSX screening table. Exact index membership may differ because defaulter formatting and other exclusions are not consistently machine-readable.,False,True
LPL,2023-12-26,2024-06-25,2023-12-26,official_full_screening_table,medium,review_2023_h1,Directly parsed compliant rows from official PSX screening table. Exact index membership may differ because defaulter formatting and other exclusions are not consistently machine-readable.,False,True
LUCK,2023-12-26,2024-06-25,2023-12-26,official_full_screening_table,medium,review_2023_h1,Directly parsed compliant rows from official PSX screening table. Exact index membership may differ because defaulter formatting and other exclusions are not consistently machine-readable.,False,True
MACFL,2023-12-26,2024-06-25,2023-12-26,official_full_screening_table,medium,review_2023_h1,Directly parsed compliant rows from official PSX screening table. Exact index membership may differ because defaulter formatting and other exclusions are not consistently machine-readable.,False,True
MACTER,2023-12-26,2024-06-25,2023-12-26,official_full_screening_table,medium,review_2023_h1,Directly parsed compliant rows from official PSX screening table. Exact index membership may differ because defaulter formatting and other exclusions are not consistently machine-readable.,False,True
MARI,2023-12-26,2024-06-25,2023-12-26,official_full_screening_table,medium,review_2023_h1,Directly parsed compliant rows from official PSX screening table. Exact index membership may differ because defaulter formatting and other exclusions are not consistently machine-readable.,False,True
MEBL,2023-12-26,2024-06-25,2023-12-26,official_full_screening_table,medium,review_2023_h1,Directly parsed compliant rows from official PSX screening table. Exact index membership may differ because defaulter formatting and other exclusions are not consistently machine-readable.,False,True
MERIT,2023-12-26,2024-06-25,2023-12-26,official_full_screening_table,medium,review_2023_h1,Directly parsed compliant rows from official PSX screening table. Exact index membership may differ because defaulter formatting and other exclusions are not consistently machine-readable.,False,True
MFFL,2023-12-26,2024-06-25,2023-12-26,official_full_screening_table,medium,review_2023_h1,Directly parsed compliant rows from official PSX screening table. Exact index membership may differ because defaulter formatting and other exclusions are not consistently machine-readable.,False,True
MLCF,2023-12-26,2024-06-25,2023-12-26,official_full_screening_table,medium,review_2023_h1,Directly parsed compliant rows from official PSX screening table. Exact index membership may differ because defaulter formatting and other exclusions are not consistently machine-readable.,False,True
MODAM,2023-12-26,2024-06-25,2023-12-26,official_full_screening_table,medium,review_2023_h1,Directly parsed compliant rows from official PSX screening table. Exact index membership may differ because defaulter formatting and other exclusions are not consistently machine-readable.,False,True
MSCL,2023-12-26,2024-06-25,2023-12-26,official_full_screening_table,medium,review_2023_h1,Directly parsed compliant rows from official PSX screening table. Exact index membership may differ because defaulter formatting and other exclusions are not consistently machine-readable.,False,True
MTL,2023-12-26,2024-06-25,2023-12-26,official_full_screening_table,medium,review_2023_h1,Directly parsed compliant rows from official PSX screening table. Exact index membership may differ because defaulter formatting and other exclusions are not consistently machine-readable.,False,True
MUGHAL,2023-12-26,2024-06-25,2023-12-26,official_full_screening_table,medium,review_2023_h1,Directly parsed compliant rows from official PSX screening table. Exact index membership may differ because defaulter formatting and other exclusions are not consistently machine-readable.,False,True
MZNPETF,2023-12-26,2024-06-25,2023-12-26,official_full_screening_table,medium,review_2023_h1,Directly parsed compliant rows from official PSX screening table. Exact index membership may differ because defaulter formatting and other exclusions are not consistently machine-readable.,False,True
NATF,2023-12-26,2024-06-25,2023-12-26,official_full_screening_table,medium,review_2023_h1,Directly parsed compliant rows from official PSX screening table. Exact index membership may differ because defaulter formatting and other exclusions are not consistently machine-readable.,False,True
NATM,2023-12-26,2024-06-25,2023-12-26,official_full_screening_table,medium,review_2023_h1,Directly parsed compliant rows from official PSX screening table. Exact index membership may differ because defaulter formatting and other exclusions are not consistently machine-readable.,False,True
NESTLE,2023-12-26,2024-06-25,2023-12-26,official_full_screening_table,medium,review_2023_h1,Directly parsed compliant rows from official PSX screening table. Exact index membership may differ because defaulter formatting and other exclusions are not consistently machine-readable.,False,True
NETSOL,2023-12-26,2024-06-25,2023-12-26,official_full_screening_table,medium,review_2023_h1,Directly parsed compliant rows from official PSX screening table. Exact index membership may differ because defaulter formatting and other exclusions are not consistently machine-readable.,False,True
NML,2023-12-26,2024-06-25,2023-12-26,official_full_screening_table,medium,review_2023_h1,Directly parsed compliant rows from official PSX screening table. Exact index membership may differ because defaulter formatting and other exclusions are not consistently machine-readable.,False,True
NRL,2023-12-26,2024-06-25,2023-12-26,official_full_screening_table,medium,review_2023_h1,Directly parsed compliant rows from official PSX screening table. Exact index membership may differ because defaulter formatting and other exclusions are not consistently machine-readable.,False,True
NRSL,2023-12-26,2024-06-25,2023-12-26,official_full_screening_table,medium,review_2023_h1,Directly parsed compliant rows from official PSX screening table. Exact index membership may differ because defaulter formatting and other exclusions are not consistently machine-readable.,False,True
NSRM,2023-12-26,2024-06-25,2023-12-26,official_full_screening_table,medium,review_2023_h1,Directly parsed compliant rows from official PSX screening table. Exact index membership may differ because defaulter formatting and other exclusions are not consistently machine-readable.,False,True
OBOY,2023-12-26,2024-06-25,2023-12-26,official_full_screening_table,medium,review_2023_h1,Directly parsed compliant rows from official PSX screening table. Exact index membership may differ because defaulter formatting and other exclusions are not consistently machine-readable.,False,True
OGDC,2023-12-26,2024-06-25,2023-12-26,official_full_screening_table,medium,review_2023_h1,Directly parsed compliant rows from official PSX screening table. Exact index membership may differ because defaulter formatting and other exclusions are not consistently machine-readable.,False,True
OLPM,2023-12-26,2024-06-25,2023-12-26,official_full_screening_table,medium,review_2023_h1,Directly parsed compliant rows from official PSX screening table. Exact index membership may differ because defaulter formatting and other exclusions are not consistently machine-readable.,False,True
OML,2023-12-26,2024-06-25,2023-12-26,official_full_screening_table,medium,review_2023_h1,Directly parsed compliant rows from official PSX screening table. Exact index membership may differ because defaulter formatting and other exclusions are not consistently machine-readable.,False,True
ORM,2023-12-26,2024-06-25,2023-12-26,official_full_screening_table,medium,review_2023_h1,Directly parsed compliant rows from official PSX screening table. Exact index membership may differ because defaulter formatting and other exclusions are not consistently machine-readable.,False,True
PABC,2023-12-26,2024-06-25,2023-12-26,official_full_screening_table,medium,review_2023_h1,Directly parsed compliant rows from official PSX screening table. Exact index membership may differ because defaulter formatting and other exclusions are not consistently machine-readable.,False,True
PAEL,2023-12-26,2024-06-25,2023-12-26,official_full_screening_table,medium,review_2023_h1,Directly parsed compliant rows from official PSX screening table. Exact index membership may differ because defaulter formatting and other exclusions are not consistently machine-readable.,False,True
PAKD,2023-12-26,2024-06-25,2023-12-26,official_full_screening_table,medium,review_2023_h1,Directly parsed compliant rows from official PSX screening table. Exact index membership may differ because defaulter formatting and other exclusions are not consistently machine-readable.,False,True
PHDL,2023-12-26,2024-06-25,2023-12-26,official_full_screening_table,medium,review_2023_h1,Directly parsed compliant rows from official PSX screening table. Exact index membership may differ because defaulter formatting and other exclusions are not consistently machine-readable.,False,True
PIBTL,2023-12-26,2024-06-25,2023-12-26,official_full_screening_table,medium,review_2023_h1,Directly parsed compliant rows from official PSX screening table. Exact index membership may differ because defaulter formatting and other exclusions are not consistently machine-readable.,False,True
PIM,2023-12-26,2024-06-25,2023-12-26,official_full_screening_table,medium,review_2023_h1,Directly parsed compliant rows from official PSX screening table. Exact index membership may differ because defaulter formatting and other exclusions are not consistently machine-readable.,False,True
PIOC,2023-12-26,2024-06-25,2023-12-26,official_full_screening_table,medium,review_2023_h1,Directly parsed compliant rows from official PSX screening table. Exact index membership may differ because defaulter formatting and other exclusions are not consistently machine-readable.,False,True
PKGS,2023-12-26,2024-06-25,2023-12-26,official_full_screening_table,medium,review_2023_h1,Directly parsed compliant rows from official PSX screening table. Exact index membership may differ because defaulter formatting and other exclusions are not consistently machine-readable.,False,True
PMI,2023-12-26,2024-06-25,2023-12-26,official_full_screening_table,medium,review_2023_h1,Directly parsed compliant rows from official PSX screening table. Exact index membership may differ because defaulter formatting and other exclusions are not consistently machine-readable.,False,True
PNSC,2023-12-26,2024-06-25,2023-12-26,official_full_screening_table,medium,review_2023_h1,Directly parsed compliant rows from official PSX screening table. Exact index membership may differ because defaulter formatting and other exclusions are not consistently machine-readable.,False,True
POML,2023-12-26,2024-06-25,2023-12-26,official_full_screening_table,medium,review_2023_h1,Directly parsed compliant rows from official PSX screening table. Exact index membership may differ because defaulter formatting and other exclusions are not consistently machine-readable.,False,True
POWER,2023-12-26,2024-06-25,2023-12-26,official_full_screening_table,medium,review_2023_h1,Directly parsed compliant rows from official PSX screening table. Exact index membership may differ because defaulter formatting and other exclusions are not consistently machine-readable.,False,True
PPL,2023-12-26,2024-06-25,2023-12-26,official_full_screening_table,medium,review_2023_h1,Directly parsed compliant rows from official PSX screening table. Exact index membership may differ because defaulter formatting and other exclusions are not consistently machine-readable.,False,True
PPP,2023-12-26,2024-06-25,2023-12-26,official_full_screening_table,medium,review_2023_h1,Directly parsed compliant rows from official PSX screening table. Exact index membership may differ because defaulter formatting and other exclusions are not consistently machine-readable.,False,True
PREMA,2023-12-26,2024-06-25,2023-12-26,official_full_screening_table,medium,review_2023_h1,Directly parsed compliant rows from official PSX screening table. Exact index membership may differ because defaulter formatting and other exclusions are not consistently machine-readable.,False,True
PRL,2023-12-26,2024-06-25,2023-12-26,official_full_screening_table,medium,review_2023_h1,Directly parsed compliant rows from official PSX screening table. Exact index membership may differ because defaulter formatting and other exclusions are not consistently machine-readable.,False,True
PSEL,2023-12-26,2024-06-25,2023-12-26,official_full_screening_table,medium,review_2023_h1,Directly parsed compliant rows from official PSX screening table. Exact index membership may differ because defaulter formatting and other exclusions are not consistently machine-readable.,False,True
PSMC,2023-12-26,2024-06-25,2023-12-26,official_full_screening_table,medium,review_2023_h1,Directly parsed compliant rows from official PSX screening table. Exact index membership may differ because defaulter formatting and other exclusions are not consistently machine-readable.,False,True
PSO,2023-12-26,2024-06-25,2023-12-26,official_full_screening_table,medium,review_2023_h1,Directly parsed compliant rows from official PSX screening table. Exact index membership may differ because defaulter formatting and other exclusions are not consistently machine-readable.,False,True
PSYL,2023-12-26,2024-06-25,2023-12-26,official_full_screening_table,medium,review_2023_h1,Directly parsed compliant rows from official PSX screening table. Exact index membership may differ because defaulter formatting and other exclusions are not consistently machine-readable.,False,True
PTL,2023-12-26,2024-06-25,2023-12-26,official_full_screening_table,medium,review_2023_h1,Directly parsed compliant rows from official PSX screening table. Exact index membership may differ because defaulter formatting and other exclusions are not consistently machine-readable.,False,True
QUET,2023-12-26,2024-06-25,2023-12-26,official_full_screening_table,medium,review_2023_h1,Directly parsed compliant rows from official PSX screening table. Exact index membership may differ because defaulter formatting and other exclusions are not consistently machine-readable.,False,True
QUICE,2023-12-26,2024-06-25,2023-12-26,official_full_screening_table,medium,review_2023_h1,Directly parsed compliant rows from official PSX screening table. Exact index membership may differ because defaulter formatting and other exclusions are not consistently machine-readable.,False,True
RCML,2023-12-26,2024-06-25,2023-12-26,official_full_screening_table,medium,review_2023_h1,Directly parsed compliant rows from official PSX screening table. Exact index membership may differ because defaulter formatting and other exclusions are not consistently machine-readable.,False,True
REDCO,2023-12-26,2024-06-25,2023-12-26,official_full_screening_table,medium,review_2023_h1,Directly parsed compliant rows from official PSX screening table. Exact index membership may differ because defaulter formatting and other exclusions are not consistently machine-readable.,False,True
RMPL,2023-12-26,2024-06-25,2023-12-26,official_full_screening_table,medium,review_2023_h1,Directly parsed compliant rows from official PSX screening table. Exact index membership may differ because defaulter formatting and other exclusions are not consistently machine-readable.,False,True
RPL,2023-12-26,2024-06-25,2023-12-26,official_full_screening_table,medium,review_2023_h1,Directly parsed compliant rows from official PSX screening table. Exact index membership may differ because defaulter formatting and other exclusions are not consistently machine-readable.,False,True
RUPL,2023-12-26,2024-06-25,2023-12-26,official_full_screening_table,medium,review_2023_h1,Directly parsed compliant rows from official PSX screening table. Exact index membership may differ because defaulter formatting and other exclusions are not consistently machine-readable.,False,True
SANSM,2023-12-26,2024-06-25,2023-12-26,official_full_screening_table,medium,review_2023_h1,Directly parsed compliant rows from official PSX screening table. Exact index membership may differ because defaulter formatting and other exclusions are not consistently machine-readable.,False,True
SAPL,2023-12-26,2024-06-25,2023-12-26,official_full_screening_table,medium,review_2023_h1,Directly parsed compliant rows from official PSX screening table. Exact index membership may differ because defaulter formatting and other exclusions are not consistently machine-readable.,False,True
SARC,2023-12-26,2024-06-25,2023-12-26,official_full_screening_table,medium,review_2023_h1,Directly parsed compliant rows from official PSX screening table. Exact index membership may differ because defaulter formatting and other exclusions are not consistently machine-readable.,False,True
SASML,2023-12-26,2024-06-25,2023-12-26,official_full_screening_table,medium,review_2023_h1,Directly parsed compliant rows from official PSX screening table. Exact index membership may differ because defaulter formatting and other exclusions are not consistently machine-readable.,False,True
SAZEW,2023-12-26,2024-06-25,2023-12-26,official_full_screening_table,medium,review_2023_h1,Directly parsed compliant rows from official PSX screening table. Exact index membership may differ because defaulter formatting and other exclusions are not consistently machine-readable.,False,True
SCL,2023-12-26,2024-06-25,2023-12-26,official_full_screening_table,medium,review_2023_h1,Directly parsed compliant rows from official PSX screening table. Exact index membership may differ because defaulter formatting and other exclusions are not consistently machine-readable.,False,True
SEARL,2023-12-26,2024-06-25,2023-12-26,official_full_screening_table,medium,review_2023_h1,Directly parsed compliant rows from official PSX screening table. Exact index membership may differ because defaulter formatting and other exclusions are not consistently machine-readable.,False,True
SERT,2023-12-26,2024-06-25,2023-12-26,official_full_screening_table,medium,review_2023_h1,Directly parsed compliant rows from official PSX screening table. Exact index membership may differ because defaulter formatting and other exclusions are not consistently machine-readable.,False,True
SFL,2023-12-26,2024-06-25,2023-12-26,official_full_screening_table,medium,review_2023_h1,Directly parsed compliant rows from official PSX screening table. Exact index membership may differ because defaulter formatting and other exclusions are not consistently machine-readable.,False,True
SGABL,2023-12-26,2024-06-25,2023-12-26,official_full_screening_table,medium,review_2023_h1,Directly parsed compliant rows from official PSX screening table. Exact index membership may differ because defaulter formatting and other exclusions are not consistently machine-readable.,False,True
SGF,2023-12-26,2024-06-25,2023-12-26,official_full_screening_table,medium,review_2023_h1,Directly parsed compliant rows from official PSX screening table. Exact index membership may differ because defaulter formatting and other exclusions are not consistently machine-readable.,False,True
SGPL,2023-12-26,2024-06-25,2023-12-26,official_full_screening_table,medium,review_2023_h1,Directly parsed compliant rows from official PSX screening table. Exact index membership may differ because defaulter formatting and other exclusions are not consistently machine-readable.,False,True
SHCM,2023-12-26,2024-06-25,2023-12-26,official_full_screening_table,medium,review_2023_h1,Directly parsed compliant rows from official PSX screening table. Exact index membership may differ because defaulter formatting and other exclusions are not consistently machine-readable.,False,True
SHDT,2023-12-26,2024-06-25,2023-12-26,official_full_screening_table,medium,review_2023_h1,Directly parsed compliant rows from official PSX screening table. Exact index membership may differ because defaulter formatting and other exclusions are not consistently machine-readable.,False,True
SHEL,2023-12-26,2024-06-25,2023-12-26,official_full_screening_table,medium,review_2023_h1,Directly parsed compliant rows from official PSX screening table. Exact index membership may differ because defaulter formatting and other exclusions are not consistently machine-readable.,False,True
SHEZ,2023-12-26,2024-06-25,2023-12-26,official_full_screening_table,medium,review_2023_h1,Directly parsed compliant rows from official PSX screening table. Exact index membership may differ because defaulter formatting and other exclusions are not consistently machine-readable.,False,True
SHFA,2023-12-26,2024-06-25,2023-12-26,official_full_screening_table,medium,review_2023_h1,Directly parsed compliant rows from official PSX screening table. Exact index membership may differ because defaulter formatting and other exclusions are not consistently machine-readable.,False,True
SINDM,2023-12-26,2024-06-25,2023-12-26,official_full_screening_table,medium,review_2023_h1,Directly parsed compliant rows from official PSX screening table. Exact index membership may differ because defaulter formatting and other exclusions are not consistently machine-readable.,False,True
SITC,2023-12-26,2024-06-25,2023-12-26,official_full_screening_table,medium,review_2023_h1,Directly parsed compliant rows from official PSX screening table. Exact index membership may differ because defaulter formatting and other exclusions are not consistently machine-readable.,False,True
SMCPL,2023-12-26,2024-06-25,2023-12-26,official_full_screening_table,medium,review_2023_h1,Directly parsed compliant rows from official PSX screening table. Exact index membership may differ because defaulter formatting and other exclusions are not consistently machine-readable.,False,True
SNAI,2023-12-26,2024-06-25,2023-12-26,official_full_screening_table,medium,review_2023_h1,Directly parsed compliant rows from official PSX screening table. Exact index membership may differ because defaulter formatting and other exclusions are not consistently machine-readable.,False,True
SNGP,2023-12-26,2024-06-25,2023-12-26,official_full_screening_table,medium,review_2023_h1,Directly parsed compliant rows from official PSX screening table. Exact index membership may differ because defaulter formatting and other exclusions are not consistently machine-readable.,False,True
SPEL,2023-12-26,2024-06-25,2023-12-26,official_full_screening_table,medium,review_2023_h1,Directly parsed compliant rows from official PSX screening table. Exact index membership may differ because defaulter formatting and other exclusions are not consistently machine-readable.,False,True
SPL,2023-12-26,2024-06-25,2023-12-26,official_full_screening_table,medium,review_2023_h1,Directly parsed compliant rows from official PSX screening table. Exact index membership may differ because defaulter formatting and other exclusions are not consistently machine-readable.,False,True
SPWL,2023-12-26,2024-06-25,2023-12-26,official_full_screening_table,medium,review_2023_h1,Directly parsed compliant rows from official PSX screening table. Exact index membership may differ because defaulter formatting and other exclusions are not consistently machine-readable.,False,True
SSGC,2023-12-26,2024-06-25,2023-12-26,official_full_screening_table,medium,review_2023_h1,Directly parsed compliant rows from official PSX screening table. Exact index membership may differ because defaulter formatting and other exclusions are not consistently machine-readable.,False,True
SSOM,2023-12-26,2024-06-25,2023-12-26,official_full_screening_table,medium,review_2023_h1,Directly parsed compliant rows from official PSX screening table. Exact index membership may differ because defaulter formatting and other exclusions are not consistently machine-readable.,False,True
STCL,2023-12-26,2024-06-25,2023-12-26,official_full_screening_table,medium,review_2023_h1,Directly parsed compliant rows from official PSX screening table. Exact index membership may differ because defaulter formatting and other exclusions are not consistently machine-readable.,False,True
STJT,2023-12-26,2024-06-25,2023-12-26,official_full_screening_table,medium,review_2023_h1,Directly parsed compliant rows from official PSX screening table. Exact index membership may differ because defaulter formatting and other exclusions are not consistently machine-readable.,False,True
STML,2023-12-26,2024-06-25,2023-12-26,official_full_screening_table,medium,review_2023_h1,Directly parsed compliant rows from official PSX screening table. Exact index membership may differ because defaulter formatting and other exclusions are not consistently machine-readable.,False,True
STPL,2023-12-26,2024-06-25,2023-12-26,official_full_screening_table,medium,review_2023_h1,Directly parsed compliant rows from official PSX screening table. Exact index membership may differ because defaulter formatting and other exclusions are not consistently machine-readable.,False,True
SURC,2023-12-26,2024-06-25,2023-12-26,official_full_screening_table,medium,review_2023_h1,Directly parsed compliant rows from official PSX screening table. Exact index membership may differ because defaulter formatting and other exclusions are not consistently machine-readable.,False,True
SUTM,2023-12-26,2024-06-25,2023-12-26,official_full_screening_table,medium,review_2023_h1,Directly parsed compliant rows from official PSX screening table. Exact index membership may differ because defaulter formatting and other exclusions are not consistently machine-readable.,False,True
SYS,2023-12-26,2024-06-25,2023-12-26,official_full_screening_table,medium,review_2023_h1,Directly parsed compliant rows from official PSX screening table. Exact index membership may differ because defaulter formatting and other exclusions are not consistently machine-readable.,False,True
SZTM,2023-12-26,2024-06-25,2023-12-26,official_full_screening_table,medium,review_2023_h1,Directly parsed compliant rows from official PSX screening table. Exact index membership may differ because defaulter formatting and other exclusions are not consistently machine-readable.,False,True
TATM,2023-12-26,2024-06-25,2023-12-26,official_full_screening_table,medium,review_2023_h1,Directly parsed compliant rows from official PSX screening table. Exact index membership may differ because defaulter formatting and other exclusions are not consistently machine-readable.,False,True
TCORP,2023-12-26,2024-06-25,2023-12-26,official_full_screening_table,medium,review_2023_h1,Directly parsed compliant rows from official PSX screening table. Exact index membership may differ because defaulter formatting and other exclusions are not consistently machine-readable.,False,True
TELE,2023-12-26,2024-06-25,2023-12-26,official_full_screening_table,medium,review_2023_h1,Directly parsed compliant rows from official PSX screening table. Exact index membership may differ because defaulter formatting and other exclusions are not consistently machine-readable.,False,True
TGL,2023-12-26,2024-06-25,2023-12-26,official_full_screening_table,medium,review_2023_h1,Directly parsed compliant rows from official PSX screening table. Exact index membership may differ because defaulter formatting and other exclusions are not consistently machine-readable.,False,True
THALL,2023-12-26,2024-06-25,2023-12-26,official_full_screening_table,medium,review_2023_h1,Directly parsed compliant rows from official PSX screening table. Exact index membership may differ because defaulter formatting and other exclusions are not consistently machine-readable.,False,True
THCCL,2023-12-26,2024-06-25,2023-12-26,official_full_screening_table,medium,review_2023_h1,Directly parsed compliant rows from official PSX screening table. Exact index membership may differ because defaulter formatting and other exclusions are not consistently machine-readable.,False,True
TOMCL,2023-12-26,2024-06-25,2023-12-26,official_full_screening_table,medium,review_2023_h1,Directly parsed compliant rows from official PSX screening table. Exact index membership may differ because defaulter formatting and other exclusions are not consistently machine-readable.,False,True
TOWL,2023-12-26,2024-06-25,2023-12-26,official_full_screening_table,medium,review_2023_h1,Directly parsed compliant rows from official PSX screening table. Exact index membership may differ because defaulter formatting and other exclusions are not consistently machine-readable.,False,True
TPLP,2023-12-26,2024-06-25,2023-12-26,official_full_screening_table,medium,review_2023_h1,Directly parsed compliant rows from official PSX screening table. Exact index membership may differ because defaulter formatting and other exclusions are not consistently machine-readable.,False,True
TPLT,2023-12-26,2024-06-25,2023-12-26,official_full_screening_table,medium,review_2023_h1,Directly parsed compliant rows from official PSX screening table. Exact index membership may differ because defaulter formatting and other exclusions are not consistently machine-readable.,False,True
TREET,2023-12-26,2024-06-25,2023-12-26,official_full_screening_table,medium,review_2023_h1,Directly parsed compliant rows from official PSX screening table. Exact index membership may differ because defaulter formatting and other exclusions are not consistently machine-readable.,False,True
TRIPF,2023-12-26,2024-06-25,2023-12-26,official_full_screening_table,medium,review_2023_h1,Directly parsed compliant rows from official PSX screening table. Exact index membership may differ because defaulter formatting and other exclusions are not consistently machine-readable.,False,True
TRSM,2023-12-26,2024-06-25,2023-12-26,official_full_screening_table,medium,review_2023_h1,Directly parsed compliant rows from official PSX screening table. Exact index membership may differ because defaulter formatting and other exclusions are not consistently machine-readable.,False,True
TSML,2023-12-26,2024-06-25,2023-12-26,official_full_screening_table,medium,review_2023_h1,Directly parsed compliant rows from official PSX screening table. Exact index membership may differ because defaulter formatting and other exclusions are not consistently machine-readable.,False,True
UBDL,2023-12-26,2024-06-25,2023-12-26,official_full_screening_table,medium,review_2023_h1,Directly parsed compliant rows from official PSX screening table. Exact index membership may differ because defaulter formatting and other exclusions are not consistently machine-readable.,False,True
UCAPM,2023-12-26,2024-06-25,2023-12-26,official_full_screening_table,medium,review_2023_h1,Directly parsed compliant rows from official PSX screening table. Exact index membership may differ because defaulter formatting and other exclusions are not consistently machine-readable.,False,True
UDPL,2023-12-26,2024-06-25,2023-12-26,official_full_screening_table,medium,review_2023_h1,Directly parsed compliant rows from official PSX screening table. Exact index membership may differ because defaulter formatting and other exclusions are not consistently machine-readable.,False,True
UNITY,2023-12-26,2024-06-25,2023-12-26,official_full_screening_table,medium,review_2023_h1,Directly parsed compliant rows from official PSX screening table. Exact index membership may differ because defaulter formatting and other exclusions are not consistently machine-readable.,False,True
UPFL,2023-12-26,2024-06-25,2023-12-26,official_full_screening_table,medium,review_2023_h1,Directly parsed compliant rows from official PSX screening table. Exact index membership may differ because defaulter formatting and other exclusions are not consistently machine-readable.,False,True
WAHN,2023-12-26,2024-06-25,2023-12-26,official_full_screening_table,medium,review_2023_h1,Directly parsed compliant rows from official PSX screening table. Exact index membership may differ because defaulter formatting and other exclusions are not consistently machine-readable.,False,True
WAVES,2023-12-26,2024-06-25,2023-12-26,official_full_screening_table,medium,review_2023_h1,Directly parsed compliant rows from official PSX screening table. Exact index membership may differ because defaulter formatting and other exclusions are not consistently machine-readable.,False,True
WHALE,2023-12-26,2024-06-25,2023-12-26,official_full_screening_table,medium,review_2023_h1,Directly parsed compliant rows from official PSX screening table. Exact index membership may differ because defaulter formatting and other exclusions are not consistently machine-readable.,False,True
ZAHID,2023-12-26,2024-06-25,2023-12-26,official_full_screening_table,medium,review_2023_h1,Directly parsed compliant rows from official PSX screening table. Exact index membership may differ because defaulter formatting and other exclusions are not consistently machine-readable.,False,True
ZIL,2023-12-26,2024-06-25,2023-12-26,official_full_screening_table,medium,review_2023_h1,Directly parsed compliant rows from official PSX screening table. Exact index membership may differ because defaulter formatting and other exclusions are not consistently machine-readable.,False,True
ZTL,2023-12-26,2024-06-25,2023-12-26,official_full_screening_table,medium,review_2023_h1,Directly parsed compliant rows from official PSX screening table. Exact index membership may differ because defaulter formatting and other exclusions are not consistently machine-readable.,False,True
AABS,2024-06-25,2025-01-03,2024-06-25,official_full_screening_table,medium,review_2023_h2,Directly parsed compliant rows from official PSX screening table. Exact index membership may differ because defaulter formatting and other exclusions are not consistently machine-readable.,False,True
ABOT,2024-06-25,2025-01-03,2024-06-25,official_full_screening_table,medium,review_2023_h2,Directly parsed compliant rows from official PSX screening table. Exact index membership may differ because defaulter formatting and other exclusions are not consistently machine-readable.,False,True
ACPL,2024-06-25,2025-01-03,2024-06-25,official_full_screening_table,medium,review_2023_h2,Directly parsed compliant rows from official PSX screening table. Exact index membership may differ because defaulter formatting and other exclusions are not consistently machine-readable.,False,True
AGIL,2024-06-25,2025-01-03,2024-06-25,official_full_screening_table,medium,review_2023_h2,Directly parsed compliant rows from official PSX screening table. Exact index membership may differ because defaulter formatting and other exclusions are not consistently machine-readable.,False,True
AGP,2024-06-25,2025-01-03,2024-06-25,official_full_screening_table,medium,review_2023_h2,Directly parsed compliant rows from official PSX screening table. Exact index membership may differ because defaulter formatting and other exclusions are not consistently machine-readable.,False,True
AGSML,2024-06-25,2025-01-03,2024-06-25,official_full_screening_table,medium,review_2023_h2,Directly parsed compliant rows from official PSX screening table. Exact index membership may differ because defaulter formatting and other exclusions are not consistently machine-readable.,False,True
AGTL,2024-06-25,2025-01-03,2024-06-25,official_full_screening_table,medium,review_2023_h2,Directly parsed compliant rows from official PSX screening table. Exact index membership may differ because defaulter formatting and other exclusions are not consistently machine-readable.,False,True
AHTM,2024-06-25,2025-01-03,2024-06-25,official_full_screening_table,medium,review_2023_h2,Directly parsed compliant rows from official PSX screening table. Exact index membership may differ because defaulter formatting and other exclusions are not consistently machine-readable.,False,True
AIRLINK,2024-06-25,2025-01-03,2024-06-25,official_full_screening_table,medium,review_2023_h2,Directly parsed compliant rows from official PSX screening table. Exact index membership may differ because defaulter formatting and other exclusions are not consistently machine-readable.,False,True
AKGL,2024-06-25,2025-01-03,2024-06-25,official_full_screening_table,medium,review_2023_h2,Directly parsed compliant rows from official PSX screening table. Exact index membership may differ because defaulter formatting and other exclusions are not consistently machine-readable.,False,True
ALNRS,2024-06-25,2025-01-03,2024-06-25,official_full_screening_table,medium,review_2023_h2,Directly parsed compliant rows from official PSX screening table. Exact index membership may differ because defaulter formatting and other exclusions are not consistently machine-readable.,False,True
ANL,2024-06-25,2025-01-03,2024-06-25,official_full_screening_table,medium,review_2023_h2,Directly parsed compliant rows from official PSX screening table. Exact index membership may differ because defaulter formatting and other exclusions are not consistently machine-readable.,False,True
ANTM,2024-06-25,2025-01-03,2024-06-25,official_full_screening_table,medium,review_2023_h2,Directly parsed compliant rows from official PSX screening table. Exact index membership may differ because defaulter formatting and other exclusions are not consistently machine-readable.,False,True
APL,2024-06-25,2025-01-03,2024-06-25,official_full_screening_table,medium,review_2023_h2,Directly parsed compliant rows from official PSX screening table. Exact index membership may differ because defaulter formatting and other exclusions are not consistently machine-readable.,False,True
ARCTM,2024-06-25,2025-01-03,2024-06-25,official_full_screening_table,medium,review_2023_h2,Directly parsed compliant rows from official PSX screening table. Exact index membership may differ because defaulter formatting and other exclusions are not consistently machine-readable.,False,True
ARM,2024-06-25,2025-01-03,2024-06-25,official_full_screening_table,medium,review_2023_h2,Directly parsed compliant rows from official PSX screening table. Exact index membership may differ because defaulter formatting and other exclusions are not consistently machine-readable.,False,True
ARPL,2024-06-25,2025-01-03,2024-06-25,official_full_screening_table,medium,review_2023_h2,Directly parsed compliant rows from official PSX screening table. Exact index membership may differ because defaulter formatting and other exclusions are not consistently machine-readable.,False,True
ASC,2024-06-25,2025-01-03,2024-06-25,official_full_screening_table,medium,review_2023_h2,Directly parsed compliant rows from official PSX screening table. Exact index membership may differ because defaulter formatting and other exclusions are not consistently machine-readable.,False,True
ASHT,2024-06-25,2025-01-03,2024-06-25,official_full_screening_table,medium,review_2023_h2,Directly parsed compliant rows from official PSX screening table. Exact index membership may differ because defaulter formatting and other exclusions are not consistently machine-readable.,False,True
ASTM,2024-06-25,2025-01-03,2024-06-25,official_full_screening_table,medium,review_2023_h2,Directly parsed compliant rows from official PSX screening table. Exact index membership may differ because defaulter formatting and other exclusions are not consistently machine-readable.,False,True
ATBA,2024-06-25,2025-01-03,2024-06-25,official_full_screening_table,medium,review_2023_h2,Directly parsed compliant rows from official PSX screening table. Exact index membership may differ because defaulter formatting and other exclusions are not consistently machine-readable.,False,True
ATLH,2024-06-25,2025-01-03,2024-06-25,official_full_screening_table,medium,review_2023_h2,Directly parsed compliant rows from official PSX screening table. Exact index membership may differ because defaulter formatting and other exclusions are not consistently machine-readable.,False,True
ATRL,2024-06-25,2025-01-03,2024-06-25,official_full_screening_table,medium,review_2023_h2,Directly parsed compliant rows from official PSX screening table. Exact index membership may differ because defaulter formatting and other exclusions are not consistently machine-readable.,False,True
AVN,2024-06-25,2025-01-03,2024-06-25,official_full_screening_table,medium,review_2023_h2,Directly parsed compliant rows from official PSX screening table. Exact index membership may differ because defaulter formatting and other exclusions are not consistently machine-readable.,False,True
AWTX,2024-06-25,2025-01-03,2024-06-25,official_full_screening_table,medium,review_2023_h2,Directly parsed compliant rows from official PSX screening table. Exact index membership may differ because defaulter formatting and other exclusions are not consistently machine-readable.,False,True
BAFS,2024-06-25,2025-01-03,2024-06-25,official_full_screening_table,medium,review_2023_h2,Directly parsed compliant rows from official PSX screening table. Exact index membership may differ because defaulter formatting and other exclusions are not consistently machine-readable.,False,True
BATA,2024-06-25,2025-01-03,2024-06-25,official_full_screening_table,medium,review_2023_h2,Directly parsed compliant rows from official PSX screening table. Exact index membership may differ because defaulter formatting and other exclusions are not consistently machine-readable.,False,True
BCL,2024-06-25,2025-01-03,2024-06-25,official_full_screening_table,medium,review_2023_h2,Directly parsed compliant rows from official PSX screening table. Exact index membership may differ because defaulter formatting and other exclusions are not consistently machine-readable.,False,True
BECO,2024-06-25,2025-01-03,2024-06-25,official_full_screening_table,medium,review_2023_h2,Directly parsed compliant rows from official PSX screening table. Exact index membership may differ because defaulter formatting and other exclusions are not consistently machine-readable.,False,True
BERG,2024-06-25,2025-01-03,2024-06-25,official_full_screening_table,medium,review_2023_h2,Directly parsed compliant rows from official PSX screening table. Exact index membership may differ because defaulter formatting and other exclusions are not consistently machine-readable.,False,True
BFMOD,2024-06-25,2025-01-03,2024-06-25,official_full_screening_table,medium,review_2023_h2,Directly parsed compliant rows from official PSX screening table. Exact index membership may differ because defaulter formatting and other exclusions are not consistently machine-readable.,False,True
BGL,2024-06-25,2025-01-03,2024-06-25,official_full_screening_table,medium,review_2023_h2,Directly parsed compliant rows from official PSX screening table. Exact index membership may differ because defaulter formatting and other exclusions are not consistently machine-readable.,False,True
BIFO,2024-06-25,2025-01-03,2024-06-25,official_full_screening_table,medium,review_2023_h2,Directly parsed compliant rows from official PSX screening table. Exact index membership may differ because defaulter formatting and other exclusions are not consistently machine-readable.,False,True
BIPL,2024-06-25,2025-01-03,2024-06-25,official_full_screening_table,medium,review_2023_h2,Directly parsed compliant rows from official PSX screening table. Exact index membership may differ because defaulter formatting and other exclusions are not consistently machine-readable.,False,True
BML,2024-06-25,2025-01-03,2024-06-25,official_full_screening_table,medium,review_2023_h2,Directly parsed compliant rows from official PSX screening table. Exact index membership may differ because defaulter formatting and other exclusions are not consistently machine-readable.,False,True
BNL,2024-06-25,2025-01-03,2024-06-25,official_full_screening_table,medium,review_2023_h2,Directly parsed compliant rows from official PSX screening table. Exact index membership may differ because defaulter formatting and other exclusions are not consistently machine-readable.,False,True
BNWM,2024-06-25,2025-01-03,2024-06-25,official_full_screening_table,medium,review_2023_h2,Directly parsed compliant rows from official PSX screening table. Exact index membership may differ because defaulter formatting and other exclusions are not consistently machine-readable.,False,True
BPL,2024-06-25,2025-01-03,2024-06-25,official_full_screening_table,medium,review_2023_h2,Directly parsed compliant rows from official PSX screening table. Exact index membership may differ because defaulter formatting and other exclusions are not consistently machine-readable.,False,True
BRRG,2024-06-25,2025-01-03,2024-06-25,official_full_screening_table,medium,review_2023_h2,Directly parsed compliant rows from official PSX screening table. Exact index membership may differ because defaulter formatting and other exclusions are not consistently machine-readable.,False,True
BTL,2024-06-25,2025-01-03,2024-06-25,official_full_screening_table,medium,review_2023_h2,Directly parsed compliant rows from official PSX screening table. Exact index membership may differ because defaulter formatting and other exclusions are not consistently machine-readable.,False,True
BUXL,2024-06-25,2025-01-03,2024-06-25,official_full_screening_table,medium,review_2023_h2,Directly parsed compliant rows from official PSX screening table. Exact index membership may differ because defaulter formatting and other exclusions are not consistently machine-readable.,False,True
BWCL,2024-06-25,2025-01-03,2024-06-25,official_full_screening_table,medium,review_2023_h2,Directly parsed compliant rows from official PSX screening table. Exact index membership may differ because defaulter formatting and other exclusions are not consistently machine-readable.,False,True
BWHL,2024-06-25,2025-01-03,2024-06-25,official_full_screening_table,medium,review_2023_h2,Directly parsed compliant rows from official PSX screening table. Exact index membership may differ because defaulter formatting and other exclusions are not consistently machine-readable.,False,True
CCM,2024-06-25,2025-01-03,2024-06-25,official_full_screening_table,medium,review_2023_h2,Directly parsed compliant rows from official PSX screening table. Exact index membership may differ because defaulter formatting and other exclusions are not consistently machine-readable.,False,True
CEPB,2024-06-25,2025-01-03,2024-06-25,official_full_screening_table,medium,review_2023_h2,Directly parsed compliant rows from official PSX screening table. Exact index membership may differ because defaulter formatting and other exclusions are not consistently machine-readable.,False,True
CHAS,2024-06-25,2025-01-03,2024-06-25,official_full_screening_table,medium,review_2023_h2,Directly parsed compliant rows from official PSX screening table. Exact index membership may differ because defaulter formatting and other exclusions are not consistently machine-readable.,False,True
CHCC,2024-06-25,2025-01-03,2024-06-25,official_full_screening_table,medium,review_2023_h2,Directly parsed compliant rows from official PSX screening table. Exact index membership may differ because defaulter formatting and other exclusions are not consistently machine-readable.,False,True
CLOV,2024-06-25,2025-01-03,2024-06-25,official_full_screening_table,medium,review_2023_h2,Directly parsed compliant rows from official PSX screening table. Exact index membership may differ because defaulter formatting and other exclusions are not consistently machine-readable.,False,True
CNERGY,2024-06-25,2025-01-03,2024-06-25,official_full_screening_table,medium,review_2023_h2,Directly parsed compliant rows from official PSX screening table. Exact index membership may differ because defaulter formatting and other exclusions are not consistently machine-readable.,False,True
CPHL,2024-06-25,2025-01-03,2024-06-25,official_full_screening_table,medium,review_2023_h2,Directly parsed compliant rows from official PSX screening table. Exact index membership may differ because defaulter formatting and other exclusions are not consistently machine-readable.,False,True
CPPL,2024-06-25,2025-01-03,2024-06-25,official_full_screening_table,medium,review_2023_h2,Directly parsed compliant rows from official PSX screening table. Exact index membership may differ because defaulter formatting and other exclusions are not consistently machine-readable.,False,True
CRTM,2024-06-25,2025-01-03,2024-06-25,official_full_screening_table,medium,review_2023_h2,Directly parsed compliant rows from official PSX screening table. Exact index membership may differ because defaulter formatting and other exclusions are not consistently machine-readable.,False,True
CTM,2024-06-25,2025-01-03,2024-06-25,official_full_screening_table,medium,review_2023_h2,Directly parsed compliant rows from official PSX screening table. Exact index membership may differ because defaulter formatting and other exclusions are not consistently machine-readable.,False,True
DAAG,2024-06-25,2025-01-03,2024-06-25,official_full_screening_table,medium,review_2023_h2,Directly parsed compliant rows from official PSX screening table. Exact index membership may differ because defaulter formatting and other exclusions are not consistently machine-readable.,False,True
DADX,2024-06-25,2025-01-03,2024-06-25,official_full_screening_table,medium,review_2023_h2,Directly parsed compliant rows from official PSX screening table. Exact index membership may differ because defaulter formatting and other exclusions are not consistently machine-readable.,False,True
DBSL,2024-06-25,2025-01-03,2024-06-25,official_full_screening_table,medium,review_2023_h2,Directly parsed compliant rows from official PSX screening table. Exact index membership may differ because defaulter formatting and other exclusions are not consistently machine-readable.,False,True
DCL,2024-06-25,2025-01-03,2024-06-25,official_full_screening_table,medium,review_2023_h2,Directly parsed compliant rows from official PSX screening table. Exact index membership may differ because defaulter formatting and other exclusions are not consistently machine-readable.,False,True
DCR,2024-06-25,2025-01-03,2024-06-25,official_full_screening_table,medium,review_2023_h2,Directly parsed compliant rows from official PSX screening table. Exact index membership may differ because defaulter formatting and other exclusions are not consistently machine-readable.,False,True
DFSM,2024-06-25,2025-01-03,2024-06-25,official_full_screening_table,medium,review_2023_h2,Directly parsed compliant rows from official PSX screening table. Exact index membership may differ because defaulter formatting and other exclusions are not consistently machine-readable.,False,True
DGKC,2024-06-25,2025-01-03,2024-06-25,official_full_screening_table,medium,review_2023_h2,Directly parsed compliant rows from official PSX screening table. Exact index membership may differ because defaulter formatting and other exclusions are not consistently machine-readable.,False,True
DIIL,2024-06-25,2025-01-03,2024-06-25,official_full_screening_table,medium,review_2023_h2,Directly parsed compliant rows from official PSX screening table. Exact index membership may differ because defaulter formatting and other exclusions are not consistently machine-readable.,False,True
DINT,2024-06-25,2025-01-03,2024-06-25,official_full_screening_table,medium,review_2023_h2,Directly parsed compliant rows from official PSX screening table. Exact index membership may differ because defaulter formatting and other exclusions are not consistently machine-readable.,False,True
DMTX,2024-06-25,2025-01-03,2024-06-25,official_full_screening_table,medium,review_2023_h2,Directly parsed compliant rows from official PSX screening table. Exact index membership may differ because defaulter formatting and other exclusions are not consistently machine-readable.,False,True
DOL,2024-06-25,2025-01-03,2024-06-25,official_full_screening_table,medium,review_2023_h2,Directly parsed compliant rows from official PSX screening table. Exact index membership may differ because defaulter formatting and other exclusions are not consistently machine-readable.,False,True
DYNO,2024-06-25,2025-01-03,2024-06-25,official_full_screening_table,medium,review_2023_h2,Directly parsed compliant rows from official PSX screening table. Exact index membership may differ because defaulter formatting and other exclusions are not consistently machine-readable.,False,True
EFERT,2024-06-25,2025-01-03,2024-06-25,official_full_screening_table,medium,review_2023_h2,Directly parsed compliant rows from official PSX screening table. Exact index membership may differ because defaulter formatting and other exclusions are not consistently machine-readable.,False,True
ELCM,2024-06-25,2025-01-03,2024-06-25,official_full_screening_table,medium,review_2023_h2,Directly parsed compliant rows from official PSX screening table. Exact index membership may differ because defaulter formatting and other exclusions are not consistently machine-readable.,False,True
EMCO,2024-06-25,2025-01-03,2024-06-25,official_full_screening_table,medium,review_2023_h2,Directly parsed compliant rows from official PSX screening table. Exact index membership may differ because defaulter formatting and other exclusions are not consistently machine-readable.,False,True
ENGRO,2024-06-25,2025-01-03,2024-06-25,official_full_screening_table,medium,review_2023_h2,Directly parsed compliant rows from official PSX screening table. Exact index membership may differ because defaulter formatting and other exclusions are not consistently machine-readable.,False,True
EPCL,2024-06-25,2025-01-03,2024-06-25,official_full_screening_table,medium,review_2023_h2,Directly parsed compliant rows from official PSX screening table. Exact index membership may differ because defaulter formatting and other exclusions are not consistently machine-readable.,False,True
EXIDE,2024-06-25,2025-01-03,2024-06-25,official_full_screening_table,medium,review_2023_h2,Directly parsed compliant rows from official PSX screening table. Exact index membership may differ because defaulter formatting and other exclusions are not consistently machine-readable.,False,True
FABL,2024-06-25,2025-01-03,2024-06-25,official_full_screening_table,medium,review_2023_h2,Directly parsed compliant rows from official PSX screening table. Exact index membership may differ because defaulter formatting and other exclusions are not consistently machine-readable.,False,True
FANM,2024-06-25,2025-01-03,2024-06-25,official_full_screening_table,medium,review_2023_h2,Directly parsed compliant rows from official PSX screening table. Exact index membership may differ because defaulter formatting and other exclusions are not consistently machine-readable.,False,True
FASM,2024-06-25,2025-01-03,2024-06-25,official_full_screening_table,medium,review_2023_h2,Directly parsed compliant rows from official PSX screening table. Exact index membership may differ because defaulter formatting and other exclusions are not consistently machine-readable.,False,True
FATIMA,2024-06-25,2025-01-03,2024-06-25,official_full_screening_table,medium,review_2023_h2,Directly parsed compliant rows from official PSX screening table. Exact index membership may differ because defaulter formatting and other exclusions are not consistently machine-readable.,False,True
FCCL,2024-06-25,2025-01-03,2024-06-25,official_full_screening_table,medium,review_2023_h2,Directly parsed compliant rows from official PSX screening table. Exact index membership may differ because defaulter formatting and other exclusions are not consistently machine-readable.,False,True
FCEPL,2024-06-25,2025-01-03,2024-06-25,official_full_screening_table,medium,review_2023_h2,Directly parsed compliant rows from official PSX screening table. Exact index membership may differ because defaulter formatting and other exclusions are not consistently machine-readable.,False,True
FECM,2024-06-25,2025-01-03,2024-06-25,official_full_screening_table,medium,review_2023_h2,Directly parsed compliant rows from official PSX screening table. Exact index membership may differ because defaulter formatting and other exclusions are not consistently machine-readable.,False,True
FECTC,2024-06-25,2025-01-03,2024-06-25,official_full_screening_table,medium,review_2023_h2,Directly parsed compliant rows from official PSX screening table. Exact index membership may differ because defaulter formatting and other exclusions are not consistently machine-readable.,False,True
FEM,2024-06-25,2025-01-03,2024-06-25,official_full_screening_table,medium,review_2023_h2,Directly parsed compliant rows from official PSX screening table. Exact index membership may differ because defaulter formatting and other exclusions are not consistently machine-readable.,False,True
FEROZ,2024-06-25,2025-01-03,2024-06-25,official_full_screening_table,medium,review_2023_h2,Directly parsed compliant rows from official PSX screening table. Exact index membership may differ because defaulter formatting and other exclusions are not consistently machine-readable.,False,True
FFBL,2024-06-25,2025-01-03,2024-06-25,official_full_screening_table,medium,review_2023_h2,Directly parsed compliant rows from official PSX screening table. Exact index membership may differ because defaulter formatting and other exclusions are not consistently machine-readable.,False,True
FFL,2024-06-25,2025-01-03,2024-06-25,official_full_screening_table,medium,review_2023_h2,Directly parsed compliant rows from official PSX screening table. Exact index membership may differ because defaulter formatting and other exclusions are not consistently machine-readable.,False,True
FFLM,2024-06-25,2025-01-03,2024-06-25,official_full_screening_table,medium,review_2023_h2,Directly parsed compliant rows from official PSX screening table. Exact index membership may differ because defaulter formatting and other exclusions are not consistently machine-readable.,False,True
FHAM,2024-06-25,2025-01-03,2024-06-25,official_full_screening_table,medium,review_2023_h2,Directly parsed compliant rows from official PSX screening table. Exact index membership may differ because defaulter formatting and other exclusions are not consistently machine-readable.,False,True
FIBLM,2024-06-25,2025-01-03,2024-06-25,official_full_screening_table,medium,review_2023_h2,Directly parsed compliant rows from official PSX screening table. Exact index membership may differ because defaulter formatting and other exclusions are not consistently machine-readable.,False,True
FIL,2024-06-25,2025-01-03,2024-06-25,official_full_screening_table,medium,review_2023_h2,Directly parsed compliant rows from official PSX screening table. Exact index membership may differ because defaulter formatting and other exclusions are not consistently machine-readable.,False,True
FIMM,2024-06-25,2025-01-03,2024-06-25,official_full_screening_table,medium,review_2023_h2,Directly parsed compliant rows from official PSX screening table. Exact index membership may differ because defaulter formatting and other exclusions are not consistently machine-readable.,False,True
FLYNG,2024-06-25,2025-01-03,2024-06-25,official_full_screening_table,medium,review_2023_h2,Directly parsed compliant rows from official PSX screening table. Exact index membership may differ because defaulter formatting and other exclusions are not consistently machine-readable.,False,True
FML,2024-06-25,2025-01-03,2024-06-25,official_full_screening_table,medium,review_2023_h2,Directly parsed compliant rows from official PSX screening table. Exact index membership may differ because defaulter formatting and other exclusions are not consistently machine-readable.,False,True
FNBM,2024-06-25,2025-01-03,2024-06-25,official_full_screening_table,medium,review_2023_h2,Directly parsed compliant rows from official PSX screening table. Exact index membership may differ because defaulter formatting and other exclusions are not consistently machine-readable.,False,True
FPJM,2024-06-25,2025-01-03,2024-06-25,official_full_screening_table,medium,review_2023_h2,Directly parsed compliant rows from official PSX screening table. Exact index membership may differ because defaulter formatting and other exclusions are not consistently machine-readable.,False,True
FPRM,2024-06-25,2025-01-03,2024-06-25,official_full_screening_table,medium,review_2023_h2,Directly parsed compliant rows from official PSX screening table. Exact index membership may differ because defaulter formatting and other exclusions are not consistently machine-readable.,False,True
FRCL,2024-06-25,2025-01-03,2024-06-25,official_full_screening_table,medium,review_2023_h2,Directly parsed compliant rows from official PSX screening table. Exact index membership may differ because defaulter formatting and other exclusions are not consistently machine-readable.,False,True
FRSM,2024-06-25,2025-01-03,2024-06-25,official_full_screening_table,medium,review_2023_h2,Directly parsed compliant rows from official PSX screening table. Exact index membership may differ because defaulter formatting and other exclusions are not consistently machine-readable.,False,True
FTMM,2024-06-25,2025-01-03,2024-06-25,official_full_screening_table,medium,review_2023_h2,Directly parsed compliant rows from official PSX screening table. Exact index membership may differ because defaulter formatting and other exclusions are not consistently machine-readable.,False,True
FTSM,2024-06-25,2025-01-03,2024-06-25,official_full_screening_table,medium,review_2023_h2,Directly parsed compliant rows from official PSX screening table. Exact index membership may differ because defaulter formatting and other exclusions are not consistently machine-readable.,False,True
FUDLM,2024-06-25,2025-01-03,2024-06-25,official_full_screening_table,medium,review_2023_h2,Directly parsed compliant rows from official PSX screening table. Exact index membership may differ because defaulter formatting and other exclusions are not consistently machine-readable.,False,True
GAL,2024-06-25,2025-01-03,2024-06-25,official_full_screening_table,medium,review_2023_h2,Directly parsed compliant rows from official PSX screening table. Exact index membership may differ because defaulter formatting and other exclusions are not consistently machine-readable.,False,True
GAMON,2024-06-25,2025-01-03,2024-06-25,official_full_screening_table,medium,review_2023_h2,Directly parsed compliant rows from official PSX screening table. Exact index membership may differ because defaulter formatting and other exclusions are not consistently machine-readable.,False,True
GATI,2024-06-25,2025-01-03,2024-06-25,official_full_screening_table,medium,review_2023_h2,Directly parsed compliant rows from official PSX screening table. Exact index membership may differ because defaulter formatting and other exclusions are not consistently machine-readable.,False,True
GEMPAPL,2024-06-25,2025-01-03,2024-06-25,official_full_screening_table,medium,review_2023_h2,Directly parsed compliant rows from official PSX screening table. Exact index membership may differ because defaulter formatting and other exclusions are not consistently machine-readable.,False,True
GEMSPNL,2024-06-25,2025-01-03,2024-06-25,official_full_screening_table,medium,review_2023_h2,Directly parsed compliant rows from official PSX screening table. Exact index membership may differ because defaulter formatting and other exclusions are not consistently machine-readable.,False,True
GFIL,2024-06-25,2025-01-03,2024-06-25,official_full_screening_table,medium,review_2023_h2,Directly parsed compliant rows from official PSX screening table. Exact index membership may differ because defaulter formatting and other exclusions are not consistently machine-readable.,False,True
GGGL,2024-06-25,2025-01-03,2024-06-25,official_full_screening_table,medium,review_2023_h2,Directly parsed compliant rows from official PSX screening table. Exact index membership may differ because defaulter formatting and other exclusions are not consistently machine-readable.,False,True
GGL,2024-06-25,2025-01-03,2024-06-25,official_full_screening_table,medium,review_2023_h2,Directly parsed compliant rows from official PSX screening table. Exact index membership may differ because defaulter formatting and other exclusions are not consistently machine-readable.,False,True
GHGL,2024-06-25,2025-01-03,2024-06-25,official_full_screening_table,medium,review_2023_h2,Directly parsed compliant rows from official PSX screening table. Exact index membership may differ because defaulter formatting and other exclusions are not consistently machine-readable.,False,True
GHNI,2024-06-25,2025-01-03,2024-06-25,official_full_screening_table,medium,review_2023_h2,Directly parsed compliant rows from official PSX screening table. Exact index membership may differ because defaulter formatting and other exclusions are not consistently machine-readable.,False,True
GIL,2024-06-25,2025-01-03,2024-06-25,official_full_screening_table,medium,review_2023_h2,Directly parsed compliant rows from official PSX screening table. Exact index membership may differ because defaulter formatting and other exclusions are not consistently machine-readable.,False,True
GLAXO,2024-06-25,2025-01-03,2024-06-25,official_full_screening_table,medium,review_2023_h2,Directly parsed compliant rows from official PSX screening table. Exact index membership may differ because defaulter formatting and other exclusions are not consistently machine-readable.,False,True
GOC,2024-06-25,2025-01-03,2024-06-25,official_full_screening_table,medium,review_2023_h2,Directly parsed compliant rows from official PSX screening table. Exact index membership may differ because defaulter formatting and other exclusions are not consistently machine-readable.,False,True
GTYR,2024-06-25,2025-01-03,2024-06-25,official_full_screening_table,medium,review_2023_h2,Directly parsed compliant rows from official PSX screening table. Exact index membership may differ because defaulter formatting and other exclusions are not consistently machine-readable.,False,True
GVGL,2024-06-25,2025-01-03,2024-06-25,official_full_screening_table,medium,review_2023_h2,Directly parsed compliant rows from official PSX screening table. Exact index membership may differ because defaulter formatting and other exclusions are not consistently machine-readable.,False,True
GWLC,2024-06-25,2025-01-03,2024-06-25,official_full_screening_table,medium,review_2023_h2,Directly parsed compliant rows from official PSX screening table. Exact index membership may differ because defaulter formatting and other exclusions are not consistently machine-readable.,False,True
HAFL,2024-06-25,2025-01-03,2024-06-25,official_full_screening_table,medium,review_2023_h2,Directly parsed compliant rows from official PSX screening table. Exact index membership may differ because defaulter formatting and other exclusions are not consistently machine-readable.,False,True
HALEON,2024-06-25,2025-01-03,2024-06-25,official_full_screening_table,medium,review_2023_h2,Directly parsed compliant rows from official PSX screening table. Exact index membership may differ because defaulter formatting and other exclusions are not consistently machine-readable.,False,True
HATM,2024-06-25,2025-01-03,2024-06-25,official_full_screening_table,medium,review_2023_h2,Directly parsed compliant rows from official PSX screening table. Exact index membership may differ because defaulter formatting and other exclusions are not consistently machine-readable.,False,True
HINO,2024-06-25,2025-01-03,2024-06-25,official_full_screening_table,medium,review_2023_h2,Directly parsed compliant rows from official PSX screening table. Exact index membership may differ because defaulter formatting and other exclusions are not consistently machine-readable.,False,True
HINOON,2024-06-25,2025-01-03,2024-06-25,official_full_screening_table,medium,review_2023_h2,Directly parsed compliant rows from official PSX screening table. Exact index membership may differ because defaulter formatting and other exclusions are not consistently machine-readable.,False,True
HPL,2024-06-25,2025-01-03,2024-06-25,official_full_screening_table,medium,review_2023_h2,Directly parsed compliant rows from official PSX screening table. Exact index membership may differ because defaulter formatting and other exclusions are not consistently machine-readable.,False,True
HRPL,2024-06-25,2025-01-03,2024-06-25,official_full_screening_table,medium,review_2023_h2,Directly parsed compliant rows from official PSX screening table. Exact index membership may differ because defaulter formatting and other exclusions are not consistently machine-readable.,False,True
HTL,2024-06-25,2025-01-03,2024-06-25,official_full_screening_table,medium,review_2023_h2,Directly parsed compliant rows from official PSX screening table. Exact index membership may differ because defaulter formatting and other exclusions are not consistently machine-readable.,False,True
HUBC,2024-06-25,2025-01-03,2024-06-25,official_full_screening_table,medium,review_2023_h2,Directly parsed compliant rows from official PSX screening table. Exact index membership may differ because defaulter formatting and other exclusions are not consistently machine-readable.,False,True
IBFL,2024-06-25,2025-01-03,2024-06-25,official_full_screening_table,medium,review_2023_h2,Directly parsed compliant rows from official PSX screening table. Exact index membership may differ because defaulter formatting and other exclusions are not consistently machine-readable.,False,True
IBLHL,2024-06-25,2025-01-03,2024-06-25,official_full_screening_table,medium,review_2023_h2,Directly parsed compliant rows from official PSX screening table. Exact index membership may differ because defaulter formatting and other exclusions are not consistently machine-readable.,False,True
ICL,2024-06-25,2025-01-03,2024-06-25,official_full_screening_table,medium,review_2023_h2,Directly parsed compliant rows from official PSX screening table. Exact index membership may differ because defaulter formatting and other exclusions are not consistently machine-readable.,False,True
IDSM,2024-06-25,2025-01-03,2024-06-25,official_full_screening_table,medium,review_2023_h2,Directly parsed compliant rows from official PSX screening table. Exact index membership may differ because defaulter formatting and other exclusions are not consistently machine-readable.,False,True
ILP,2024-06-25,2025-01-03,2024-06-25,official_full_screening_table,medium,review_2023_h2,Directly parsed compliant rows from official PSX screening table. Exact index membership may differ because defaulter formatting and other exclusions are not consistently machine-readable.,False,True
IMAGE,2024-06-25,2025-01-03,2024-06-25,official_full_screening_table,medium,review_2023_h2,Directly parsed compliant rows from official PSX screening table. Exact index membership may differ because defaulter formatting and other exclusions are not consistently machine-readable.,False,True
INIL,2024-06-25,2025-01-03,2024-06-25,official_full_screening_table,medium,review_2023_h2,Directly parsed compliant rows from official PSX screening table. Exact index membership may differ because defaulter formatting and other exclusions are not consistently machine-readable.,False,True
INKL,2024-06-25,2025-01-03,2024-06-25,official_full_screening_table,medium,review_2023_h2,Directly parsed compliant rows from official PSX screening table. Exact index membership may differ because defaulter formatting and other exclusions are not consistently machine-readable.,False,True
IPAK,2024-06-25,2025-01-03,2024-06-25,official_full_screening_table,medium,review_2023_h2,Directly parsed compliant rows from official PSX screening table. Exact index membership may differ because defaulter formatting and other exclusions are not consistently machine-readable.,False,True
ISL,2024-06-25,2025-01-03,2024-06-25,official_full_screening_table,medium,review_2023_h2,Directly parsed compliant rows from official PSX screening table. Exact index membership may differ because defaulter formatting and other exclusions are not consistently machine-readable.,False,True
ITTEFAQ,2024-06-25,2025-01-03,2024-06-25,official_full_screening_table,medium,review_2023_h2,Directly parsed compliant rows from official PSX screening table. Exact index membership may differ because defaulter formatting and other exclusions are not consistently machine-readable.,False,True
JATM,2024-06-25,2025-01-03,2024-06-25,official_full_screening_table,medium,review_2023_h2,Directly parsed compliant rows from official PSX screening table. Exact index membership may differ because defaulter formatting and other exclusions are not consistently machine-readable.,False,True
JDMT,2024-06-25,2025-01-03,2024-06-25,official_full_screening_table,medium,review_2023_h2,Directly parsed compliant rows from official PSX screening table. Exact index membership may differ because defaulter formatting and other exclusions are not consistently machine-readable.,False,True
JDWS,2024-06-25,2025-01-03,2024-06-25,official_full_screening_table,medium,review_2023_h2,Directly parsed compliant rows from official PSX screening table. Exact index membership may differ because defaulter formatting and other exclusions are not consistently machine-readable.,False,True
JSML,2024-06-25,2025-01-03,2024-06-25,official_full_screening_table,medium,review_2023_h2,Directly parsed compliant rows from official PSX screening table. Exact index membership may differ because defaulter formatting and other exclusions are not consistently machine-readable.,False,True
JUBS,2024-06-25,2025-01-03,2024-06-25,official_full_screening_table,medium,review_2023_h2,Directly parsed compliant rows from official PSX screening table. Exact index membership may differ because defaulter formatting and other exclusions are not consistently machine-readable.,False,True
JVDC,2024-06-25,2025-01-03,2024-06-25,official_full_screening_table,medium,review_2023_h2,Directly parsed compliant rows from official PSX screening table. Exact index membership may differ because defaulter formatting and other exclusions are not consistently machine-readable.,False,True
KCL,2024-06-25,2025-01-03,2024-06-25,official_full_screening_table,medium,review_2023_h2,Directly parsed compliant rows from official PSX screening table. Exact index membership may differ because defaulter formatting and other exclusions are not consistently machine-readable.,False,True
KEL,2024-06-25,2025-01-03,2024-06-25,official_full_screening_table,medium,review_2023_h2,Directly parsed compliant rows from official PSX screening table. Exact index membership may differ because defaulter formatting and other exclusions are not consistently machine-readable.,False,True
KHYT,2024-06-25,2025-01-03,2024-06-25,official_full_screening_table,medium,review_2023_h2,Directly parsed compliant rows from official PSX screening table. Exact index membership may differ because defaulter formatting and other exclusions are not consistently machine-readable.,False,True
KOHC,2024-06-25,2025-01-03,2024-06-25,official_full_screening_table,medium,review_2023_h2,Directly parsed compliant rows from official PSX screening table. Exact index membership may differ because defaulter formatting and other exclusions are not consistently machine-readable.,False,True
KOHE,2024-06-25,2025-01-03,2024-06-25,official_full_screening_table,medium,review_2023_h2,Directly parsed compliant rows from official PSX screening table. Exact index membership may differ because defaulter formatting and other exclusions are not consistently machine-readable.,False,True
KOHTM,2024-06-25,2025-01-03,2024-06-25,official_full_screening_table,medium,review_2023_h2,Directly parsed compliant rows from official PSX screening table. Exact index membership may differ because defaulter formatting and other exclusions are not consistently machine-readable.,False,True
KPUS,2024-06-25,2025-01-03,2024-06-25,official_full_screening_table,medium,review_2023_h2,Directly parsed compliant rows from official PSX screening table. Exact index membership may differ because defaulter formatting and other exclusions are not consistently machine-readable.,False,True
KSBP,2024-06-25,2025-01-03,2024-06-25,official_full_screening_table,medium,review_2023_h2,Directly parsed compliant rows from official PSX screening table. Exact index membership may differ because defaulter formatting and other exclusions are not consistently machine-readable.,False,True
KSTM,2024-06-25,2025-01-03,2024-06-25,official_full_screening_table,medium,review_2023_h2,Directly parsed compliant rows from official PSX screening table. Exact index membership may differ because defaulter formatting and other exclusions are not consistently machine-readable.,False,True
KTML,2024-06-25,2025-01-03,2024-06-25,official_full_screening_table,medium,review_2023_h2,Directly parsed compliant rows from official PSX screening table. Exact index membership may differ because defaulter formatting and other exclusions are not consistently machine-readable.,False,True
LCI,2024-06-25,2025-01-03,2024-06-25,official_full_screening_table,medium,review_2023_h2,Directly parsed compliant rows from official PSX screening table. Exact index membership may differ because defaulter formatting and other exclusions are not consistently machine-readable.,False,True
LEUL,2024-06-25,2025-01-03,2024-06-25,official_full_screening_table,medium,review_2023_h2,Directly parsed compliant rows from official PSX screening table. Exact index membership may differ because defaulter formatting and other exclusions are not consistently machine-readable.,False,True
LMSM,2024-06-25,2025-01-03,2024-06-25,official_full_screening_table,medium,review_2023_h2,Directly parsed compliant rows from official PSX screening table. Exact index membership may differ because defaulter formatting and other exclusions are not consistently machine-readable.,False,True
LOTCHEM,2024-06-25,2025-01-03,2024-06-25,official_full_screening_table,medium,review_2023_h2,Directly parsed compliant rows from official PSX screening table. Exact index membership may differ because defaulter formatting and other exclusions are not consistently machine-readable.,False,True
LPGL,2024-06-25,2025-01-03,2024-06-25,official_full_screening_table,medium,review_2023_h2,Directly parsed compliant rows from official PSX screening table. Exact index membership may differ because defaulter formatting and other exclusions are not consistently machine-readable.,False,True
LUCK,2024-06-25,2025-01-03,2024-06-25,official_full_screening_table,medium,review_2023_h2,Directly parsed compliant rows from official PSX screening table. Exact index membership may differ because defaulter formatting and other exclusions are not consistently machine-readable.,False,True
MACFL,2024-06-25,2025-01-03,2024-06-25,official_full_screening_table,medium,review_2023_h2,Directly parsed compliant rows from official PSX screening table. Exact index membership may differ because defaulter formatting and other exclusions are not consistently machine-readable.,False,True
MACTER,2024-06-25,2025-01-03,2024-06-25,official_full_screening_table,medium,review_2023_h2,Directly parsed compliant rows from official PSX screening table. Exact index membership may differ because defaulter formatting and other exclusions are not consistently machine-readable.,False,True
MARI,2024-06-25,2025-01-03,2024-06-25,official_full_screening_table,medium,review_2023_h2,Directly parsed compliant rows from official PSX screening table. Exact index membership may differ because defaulter formatting and other exclusions are not consistently machine-readable.,False,True
MEBL,2024-06-25,2025-01-03,2024-06-25,official_full_screening_table,medium,review_2023_h2,Directly parsed compliant rows from official PSX screening table. Exact index membership may differ because defaulter formatting and other exclusions are not consistently machine-readable.,False,True
MERIT,2024-06-25,2025-01-03,2024-06-25,official_full_screening_table,medium,review_2023_h2,Directly parsed compliant rows from official PSX screening table. Exact index membership may differ because defaulter formatting and other exclusions are not consistently machine-readable.,False,True
MFFL,2024-06-25,2025-01-03,2024-06-25,official_full_screening_table,medium,review_2023_h2,Directly parsed compliant rows from official PSX screening table. Exact index membership may differ because defaulter formatting and other exclusions are not consistently machine-readable.,False,True
MIRKS,2024-06-25,2025-01-03,2024-06-25,official_full_screening_table,medium,review_2023_h2,Directly parsed compliant rows from official PSX screening table. Exact index membership may differ because defaulter formatting and other exclusions are not consistently machine-readable.,False,True
MLCF,2024-06-25,2025-01-03,2024-06-25,official_full_screening_table,medium,review_2023_h2,Directly parsed compliant rows from official PSX screening table. Exact index membership may differ because defaulter formatting and other exclusions are not consistently machine-readable.,False,True
MRNS,2024-06-25,2025-01-03,2024-06-25,official_full_screening_table,medium,review_2023_h2,Directly parsed compliant rows from official PSX screening table. Exact index membership may differ because defaulter formatting and other exclusions are not consistently machine-readable.,False,True
MSCL,2024-06-25,2025-01-03,2024-06-25,official_full_screening_table,medium,review_2023_h2,Directly parsed compliant rows from official PSX screening table. Exact index membership may differ because defaulter formatting and other exclusions are not consistently machine-readable.,False,True
MTL,2024-06-25,2025-01-03,2024-06-25,official_full_screening_table,medium,review_2023_h2,Directly parsed compliant rows from official PSX screening table. Exact index membership may differ because defaulter formatting and other exclusions are not consistently machine-readable.,False,True
MUGHAL,2024-06-25,2025-01-03,2024-06-25,official_full_screening_table,medium,review_2023_h2,Directly parsed compliant rows from official PSX screening table. Exact index membership may differ because defaulter formatting and other exclusions are not consistently machine-readable.,False,True
MZNPETF,2024-06-25,2025-01-03,2024-06-25,official_full_screening_table,medium,review_2023_h2,Directly parsed compliant rows from official PSX screening table. Exact index membership may differ because defaulter formatting and other exclusions are not consistently machine-readable.,False,True
NATM,2024-06-25,2025-01-03,2024-06-25,official_full_screening_table,medium,review_2023_h2,Directly parsed compliant rows from official PSX screening table. Exact index membership may differ because defaulter formatting and other exclusions are not consistently machine-readable.,False,True
NCML,2024-06-25,2025-01-03,2024-06-25,official_full_screening_table,medium,review_2023_h2,Directly parsed compliant rows from official PSX screening table. Exact index membership may differ because defaulter formatting and other exclusions are not consistently machine-readable.,False,True
NESTLE,2024-06-25,2025-01-03,2024-06-25,official_full_screening_table,medium,review_2023_h2,Directly parsed compliant rows from official PSX screening table. Exact index membership may differ because defaulter formatting and other exclusions are not consistently machine-readable.,False,True
NETSOL,2024-06-25,2025-01-03,2024-06-25,official_full_screening_table,medium,review_2023_h2,Directly parsed compliant rows from official PSX screening table. Exact index membership may differ because defaulter formatting and other exclusions are not consistently machine-readable.,False,True
NML,2024-06-25,2025-01-03,2024-06-25,official_full_screening_table,medium,review_2023_h2,Directly parsed compliant rows from official PSX screening table. Exact index membership may differ because defaulter formatting and other exclusions are not consistently machine-readable.,False,True
NONS,2024-06-25,2025-01-03,2024-06-25,official_full_screening_table,medium,review_2023_h2,Directly parsed compliant rows from official PSX screening table. Exact index membership may differ because defaulter formatting and other exclusions are not consistently machine-readable.,False,True
NRL,2024-06-25,2025-01-03,2024-06-25,official_full_screening_table,medium,review_2023_h2,Directly parsed compliant rows from official PSX screening table. Exact index membership may differ because defaulter formatting and other exclusions are not consistently machine-readable.,False,True
NRSL,2024-06-25,2025-01-03,2024-06-25,official_full_screening_table,medium,review_2023_h2,Directly parsed compliant rows from official PSX screening table. Exact index membership may differ because defaulter formatting and other exclusions are not consistently machine-readable.,False,True
NSRM,2024-06-25,2025-01-03,2024-06-25,official_full_screening_table,medium,review_2023_h2,Directly parsed compliant rows from official PSX screening table. Exact index membership may differ because defaulter formatting and other exclusions are not consistently machine-readable.,False,True
OBOY,2024-06-25,2025-01-03,2024-06-25,official_full_screening_table,medium,review_2023_h2,Directly parsed compliant rows from official PSX screening table. Exact index membership may differ because defaulter formatting and other exclusions are not consistently machine-readable.,False,True
OCTOPUS,2024-06-25,2025-01-03,2024-06-25,official_full_screening_table,medium,review_2023_h2,Directly parsed compliant rows from official PSX screening table. Exact index membership may differ because defaulter formatting and other exclusions are not consistently machine-readable.,False,True
OLPM,2024-06-25,2025-01-03,2024-06-25,official_full_screening_table,medium,review_2023_h2,Directly parsed compliant rows from official PSX screening table. Exact index membership may differ because defaulter formatting and other exclusions are not consistently machine-readable.,False,True
OML,2024-06-25,2025-01-03,2024-06-25,official_full_screening_table,medium,review_2023_h2,Directly parsed compliant rows from official PSX screening table. Exact index membership may differ because defaulter formatting and other exclusions are not consistently machine-readable.,False,True
ORM,2024-06-25,2025-01-03,2024-06-25,official_full_screening_table,medium,review_2023_h2,Directly parsed compliant rows from official PSX screening table. Exact index membership may differ because defaulter formatting and other exclusions are not consistently machine-readable.,False,True
PABC,2024-06-25,2025-01-03,2024-06-25,official_full_screening_table,medium,review_2023_h2,Directly parsed compliant rows from official PSX screening table. Exact index membership may differ because defaulter formatting and other exclusions are not consistently machine-readable.,False,True
PAEL,2024-06-25,2025-01-03,2024-06-25,official_full_screening_table,medium,review_2023_h2,Directly parsed compliant rows from official PSX screening table. Exact index membership may differ because defaulter formatting and other exclusions are not consistently machine-readable.,False,True
PAKD,2024-06-25,2025-01-03,2024-06-25,official_full_screening_table,medium,review_2023_h2,Directly parsed compliant rows from official PSX screening table. Exact index membership may differ because defaulter formatting and other exclusions are not consistently machine-readable.,False,True
PAKOXY,2024-06-25,2025-01-03,2024-06-25,official_full_screening_table,medium,review_2023_h2,Directly parsed compliant rows from official PSX screening table. Exact index membership may differ because defaulter formatting and other exclusions are not consistently machine-readable.,False,True
PIBTL,2024-06-25,2025-01-03,2024-06-25,official_full_screening_table,medium,review_2023_h2,Directly parsed compliant rows from official PSX screening table. Exact index membership may differ because defaulter formatting and other exclusions are not consistently machine-readable.,False,True
PIM,2024-06-25,2025-01-03,2024-06-25,official_full_screening_table,medium,review_2023_h2,Directly parsed compliant rows from official PSX screening table. Exact index membership may differ because defaulter formatting and other exclusions are not consistently machine-readable.,False,True
PIOC,2024-06-25,2025-01-03,2024-06-25,official_full_screening_table,medium,review_2023_h2,Directly parsed compliant rows from official PSX screening table. Exact index membership may differ because defaulter formatting and other exclusions are not consistently machine-readable.,False,True
PKGS,2024-06-25,2025-01-03,2024-06-25,official_full_screening_table,medium,review_2023_h2,Directly parsed compliant rows from official PSX screening table. Exact index membership may differ because defaulter formatting and other exclusions are not consistently machine-readable.,False,True
PMI,2024-06-25,2025-01-03,2024-06-25,official_full_screening_table,medium,review_2023_h2,Directly parsed compliant rows from official PSX screening table. Exact index membership may differ because defaulter formatting and other exclusions are not consistently machine-readable.,False,True
PMRS,2024-06-25,2025-01-03,2024-06-25,official_full_screening_table,medium,review_2023_h2,Directly parsed compliant rows from official PSX screening table. Exact index membership may differ because defaulter formatting and other exclusions are not consistently machine-readable.,False,True
POML,2024-06-25,2025-01-03,2024-06-25,official_full_screening_table,medium,review_2023_h2,Directly parsed compliant rows from official PSX screening table. Exact index membership may differ because defaulter formatting and other exclusions are not consistently machine-readable.,False,True
POWER,2024-06-25,2025-01-03,2024-06-25,official_full_screening_table,medium,review_2023_h2,Directly parsed compliant rows from official PSX screening table. Exact index membership may differ because defaulter formatting and other exclusions are not consistently machine-readable.,False,True
PPL,2024-06-25,2025-01-03,2024-06-25,official_full_screening_table,medium,review_2023_h2,Directly parsed compliant rows from official PSX screening table. Exact index membership may differ because defaulter formatting and other exclusions are not consistently machine-readable.,False,True
PPP,2024-06-25,2025-01-03,2024-06-25,official_full_screening_table,medium,review_2023_h2,Directly parsed compliant rows from official PSX screening table. Exact index membership may differ because defaulter formatting and other exclusions are not consistently machine-readable.,False,True
PREMA,2024-06-25,2025-01-03,2024-06-25,official_full_screening_table,medium,review_2023_h2,Directly parsed compliant rows from official PSX screening table. Exact index membership may differ because defaulter formatting and other exclusions are not consistently machine-readable.,False,True
PRL,2024-06-25,2025-01-03,2024-06-25,official_full_screening_table,medium,review_2023_h2,Directly parsed compliant rows from official PSX screening table. Exact index membership may differ because defaulter formatting and other exclusions are not consistently machine-readable.,False,True
PSEL,2024-06-25,2025-01-03,2024-06-25,official_full_screening_table,medium,review_2023_h2,Directly parsed compliant rows from official PSX screening table. Exact index membership may differ because defaulter formatting and other exclusions are not consistently machine-readable.,False,True
PSO,2024-06-25,2025-01-03,2024-06-25,official_full_screening_table,medium,review_2023_h2,Directly parsed compliant rows from official PSX screening table. Exact index membership may differ because defaulter formatting and other exclusions are not consistently machine-readable.,False,True
PSYL,2024-06-25,2025-01-03,2024-06-25,official_full_screening_table,medium,review_2023_h2,Directly parsed compliant rows from official PSX screening table. Exact index membership may differ because defaulter formatting and other exclusions are not consistently machine-readable.,False,True
PTL,2024-06-25,2025-01-03,2024-06-25,official_full_screening_table,medium,review_2023_h2,Directly parsed compliant rows from official PSX screening table. Exact index membership may differ because defaulter formatting and other exclusions are not consistently machine-readable.,False,True
QUET,2024-06-25,2025-01-03,2024-06-25,official_full_screening_table,medium,review_2023_h2,Directly parsed compliant rows from official PSX screening table. Exact index membership may differ because defaulter formatting and other exclusions are not consistently machine-readable.,False,True
QUICE,2024-06-25,2025-01-03,2024-06-25,official_full_screening_table,medium,review_2023_h2,Directly parsed compliant rows from official PSX screening table. Exact index membership may differ because defaulter formatting and other exclusions are not consistently machine-readable.,False,True
RCML,2024-06-25,2025-01-03,2024-06-25,official_full_screening_table,medium,review_2023_h2,Directly parsed compliant rows from official PSX screening table. Exact index membership may differ because defaulter formatting and other exclusions are not consistently machine-readable.,False,True
REDCO,2024-06-25,2025-01-03,2024-06-25,official_full_screening_table,medium,review_2023_h2,Directly parsed compliant rows from official PSX screening table. Exact index membership may differ because defaulter formatting and other exclusions are not consistently machine-readable.,False,True
RMPL,2024-06-25,2025-01-03,2024-06-25,official_full_screening_table,medium,review_2023_h2,Directly parsed compliant rows from official PSX screening table. Exact index membership may differ because defaulter formatting and other exclusions are not consistently machine-readable.,False,True
RPL,2024-06-25,2025-01-03,2024-06-25,official_full_screening_table,medium,review_2023_h2,Directly parsed compliant rows from official PSX screening table. Exact index membership may differ because defaulter formatting and other exclusions are not consistently machine-readable.,False,True
RUBY,2024-06-25,2025-01-03,2024-06-25,official_full_screening_table,medium,review_2023_h2,Directly parsed compliant rows from official PSX screening table. Exact index membership may differ because defaulter formatting and other exclusions are not consistently machine-readable.,False,True
RUPL,2024-06-25,2025-01-03,2024-06-25,official_full_screening_table,medium,review_2023_h2,Directly parsed compliant rows from official PSX screening table. Exact index membership may differ because defaulter formatting and other exclusions are not consistently machine-readable.,False,True
SANSM,2024-06-25,2025-01-03,2024-06-25,official_full_screening_table,medium,review_2023_h2,Directly parsed compliant rows from official PSX screening table. Exact index membership may differ because defaulter formatting and other exclusions are not consistently machine-readable.,False,True
SARC,2024-06-25,2025-01-03,2024-06-25,official_full_screening_table,medium,review_2023_h2,Directly parsed compliant rows from official PSX screening table. Exact index membership may differ because defaulter formatting and other exclusions are not consistently machine-readable.,False,True
SASML,2024-06-25,2025-01-03,2024-06-25,official_full_screening_table,medium,review_2023_h2,Directly parsed compliant rows from official PSX screening table. Exact index membership may differ because defaulter formatting and other exclusions are not consistently machine-readable.,False,True
SAZEW,2024-06-25,2025-01-03,2024-06-25,official_full_screening_table,medium,review_2023_h2,Directly parsed compliant rows from official PSX screening table. Exact index membership may differ because defaulter formatting and other exclusions are not consistently machine-readable.,False,True
SCL,2024-06-25,2025-01-03,2024-06-25,official_full_screening_table,medium,review_2023_h2,Directly parsed compliant rows from official PSX screening table. Exact index membership may differ because defaulter formatting and other exclusions are not consistently machine-readable.,False,True
SEARL,2024-06-25,2025-01-03,2024-06-25,official_full_screening_table,medium,review_2023_h2,Directly parsed compliant rows from official PSX screening table. Exact index membership may differ because defaulter formatting and other exclusions are not consistently machine-readable.,False,True
SERT,2024-06-25,2025-01-03,2024-06-25,official_full_screening_table,medium,review_2023_h2,Directly parsed compliant rows from official PSX screening table. Exact index membership may differ because defaulter formatting and other exclusions are not consistently machine-readable.,False,True
SGABL,2024-06-25,2025-01-03,2024-06-25,official_full_screening_table,medium,review_2023_h2,Directly parsed compliant rows from official PSX screening table. Exact index membership may differ because defaulter formatting and other exclusions are not consistently machine-readable.,False,True
SGF,2024-06-25,2025-01-03,2024-06-25,official_full_screening_table,medium,review_2023_h2,Directly parsed compliant rows from official PSX screening table. Exact index membership may differ because defaulter formatting and other exclusions are not consistently machine-readable.,False,True
SGPL,2024-06-25,2025-01-03,2024-06-25,official_full_screening_table,medium,review_2023_h2,Directly parsed compliant rows from official PSX screening table. Exact index membership may differ because defaulter formatting and other exclusions are not consistently machine-readable.,False,True
SHCM,2024-06-25,2025-01-03,2024-06-25,official_full_screening_table,medium,review_2023_h2,Directly parsed compliant rows from official PSX screening table. Exact index membership may differ because defaulter formatting and other exclusions are not consistently machine-readable.,False,True
SHDT,2024-06-25,2025-01-03,2024-06-25,official_full_screening_table,medium,review_2023_h2,Directly parsed compliant rows from official PSX screening table. Exact index membership may differ because defaulter formatting and other exclusions are not consistently machine-readable.,False,True
SHEL,2024-06-25,2025-01-03,2024-06-25,official_full_screening_table,medium,review_2023_h2,Directly parsed compliant rows from official PSX screening table. Exact index membership may differ because defaulter formatting and other exclusions are not consistently machine-readable.,False,True
SHEZ,2024-06-25,2025-01-03,2024-06-25,official_full_screening_table,medium,review_2023_h2,Directly parsed compliant rows from official PSX screening table. Exact index membership may differ because defaulter formatting and other exclusions are not consistently machine-readable.,False,True
SHFA,2024-06-25,2025-01-03,2024-06-25,official_full_screening_table,medium,review_2023_h2,Directly parsed compliant rows from official PSX screening table. Exact index membership may differ because defaulter formatting and other exclusions are not consistently machine-readable.,False,True
SHJS,2024-06-25,2025-01-03,2024-06-25,official_full_screening_table,medium,review_2023_h2,Directly parsed compliant rows from official PSX screening table. Exact index membership may differ because defaulter formatting and other exclusions are not consistently machine-readable.,False,True
SHSML,2024-06-25,2025-01-03,2024-06-25,official_full_screening_table,medium,review_2023_h2,Directly parsed compliant rows from official PSX screening table. Exact index membership may differ because defaulter formatting and other exclusions are not consistently machine-readable.,False,True
SINDM,2024-06-25,2025-01-03,2024-06-25,official_full_screening_table,medium,review_2023_h2,Directly parsed compliant rows from official PSX screening table. Exact index membership may differ because defaulter formatting and other exclusions are not consistently machine-readable.,False,True
SITC,2024-06-25,2025-01-03,2024-06-25,official_full_screening_table,medium,review_2023_h2,Directly parsed compliant rows from official PSX screening table. Exact index membership may differ because defaulter formatting and other exclusions are not consistently machine-readable.,False,True
SKRS,2024-06-25,2025-01-03,2024-06-25,official_full_screening_table,medium,review_2023_h2,Directly parsed compliant rows from official PSX screening table. Exact index membership may differ because defaulter formatting and other exclusions are not consistently machine-readable.,False,True
SLGL,2024-06-25,2025-01-03,2024-06-25,official_full_screening_table,medium,review_2023_h2,Directly parsed compliant rows from official PSX screening table. Exact index membership may differ because defaulter formatting and other exclusions are not consistently machine-readable.,False,True
SMCPL,2024-06-25,2025-01-03,2024-06-25,official_full_screening_table,medium,review_2023_h2,Directly parsed compliant rows from official PSX screening table. Exact index membership may differ because defaulter formatting and other exclusions are not consistently machine-readable.,False,True
SML,2024-06-25,2025-01-03,2024-06-25,official_full_screening_table,medium,review_2023_h2,Directly parsed compliant rows from official PSX screening table. Exact index membership may differ because defaulter formatting and other exclusions are not consistently machine-readable.,False,True
SNAI,2024-06-25,2025-01-03,2024-06-25,official_full_screening_table,medium,review_2023_h2,Directly parsed compliant rows from official PSX screening table. Exact index membership may differ because defaulter formatting and other exclusions are not consistently machine-readable.,False,True
SNGP,2024-06-25,2025-01-03,2024-06-25,official_full_screening_table,medium,review_2023_h2,Directly parsed compliant rows from official PSX screening table. Exact index membership may differ because defaulter formatting and other exclusions are not consistently machine-readable.,False,True
SPEL,2024-06-25,2025-01-03,2024-06-25,official_full_screening_table,medium,review_2023_h2,Directly parsed compliant rows from official PSX screening table. Exact index membership may differ because defaulter formatting and other exclusions are not consistently machine-readable.,False,True
SPL,2024-06-25,2025-01-03,2024-06-25,official_full_screening_table,medium,review_2023_h2,Directly parsed compliant rows from official PSX screening table. Exact index membership may differ because defaulter formatting and other exclusions are not consistently machine-readable.,False,True
SSGC,2024-06-25,2025-01-03,2024-06-25,official_full_screening_table,medium,review_2023_h2,Directly parsed compliant rows from official PSX screening table. Exact index membership may differ because defaulter formatting and other exclusions are not consistently machine-readable.,False,True
SSML,2024-06-25,2025-01-03,2024-06-25,official_full_screening_table,medium,review_2023_h2,Directly parsed compliant rows from official PSX screening table. Exact index membership may differ because defaulter formatting and other exclusions are not consistently machine-readable.,False,True
SSOM,2024-06-25,2025-01-03,2024-06-25,official_full_screening_table,medium,review_2023_h2,Directly parsed compliant rows from official PSX screening table. Exact index membership may differ because defaulter formatting and other exclusions are not consistently machine-readable.,False,True
STCL,2024-06-25,2025-01-03,2024-06-25,official_full_screening_table,medium,review_2023_h2,Directly parsed compliant rows from official PSX screening table. Exact index membership may differ because defaulter formatting and other exclusions are not consistently machine-readable.,False,True
STJT,2024-06-25,2025-01-03,2024-06-25,official_full_screening_table,medium,review_2023_h2,Directly parsed compliant rows from official PSX screening table. Exact index membership may differ because defaulter formatting and other exclusions are not consistently machine-readable.,False,True
STML,2024-06-25,2025-01-03,2024-06-25,official_full_screening_table,medium,review_2023_h2,Directly parsed compliant rows from official PSX screening table. Exact index membership may differ because defaulter formatting and other exclusions are not consistently machine-readable.,False,True
SUHJ,2024-06-25,2025-01-03,2024-06-25,official_full_screening_table,medium,review_2023_h2,Directly parsed compliant rows from official PSX screening table. Exact index membership may differ because defaulter formatting and other exclusions are not consistently machine-readable.,False,True
SURC,2024-06-25,2025-01-03,2024-06-25,official_full_screening_table,medium,review_2023_h2,Directly parsed compliant rows from official PSX screening table. Exact index membership may differ because defaulter formatting and other exclusions are not consistently machine-readable.,False,True
SYM,2024-06-25,2025-01-03,2024-06-25,official_full_screening_table,medium,review_2023_h2,Directly parsed compliant rows from official PSX screening table. Exact index membership may differ because defaulter formatting and other exclusions are not consistently machine-readable.,False,True
SYS,2024-06-25,2025-01-03,2024-06-25,official_full_screening_table,medium,review_2023_h2,Directly parsed compliant rows from official PSX screening table. Exact index membership may differ because defaulter formatting and other exclusions are not consistently machine-readable.,False,True
SZTM,2024-06-25,2025-01-03,2024-06-25,official_full_screening_table,medium,review_2023_h2,Directly parsed compliant rows from official PSX screening table. Exact index membership may differ because defaulter formatting and other exclusions are not consistently machine-readable.,False,True
TCORP,2024-06-25,2025-01-03,2024-06-25,official_full_screening_table,medium,review_2023_h2,Directly parsed compliant rows from official PSX screening table. Exact index membership may differ because defaulter formatting and other exclusions are not consistently machine-readable.,False,True
TELE,2024-06-25,2025-01-03,2024-06-25,official_full_screening_table,medium,review_2023_h2,Directly parsed compliant rows from official PSX screening table. Exact index membership may differ because defaulter formatting and other exclusions are not consistently machine-readable.,False,True
TGL,2024-06-25,2025-01-03,2024-06-25,official_full_screening_table,medium,review_2023_h2,Directly parsed compliant rows from official PSX screening table. Exact index membership may differ because defaulter formatting and other exclusions are not consistently machine-readable.,False,True
THCCL,2024-06-25,2025-01-03,2024-06-25,official_full_screening_table,medium,review_2023_h2,Directly parsed compliant rows from official PSX screening table. Exact index membership may differ because defaulter formatting and other exclusions are not consistently machine-readable.,False,True
TICL,2024-06-25,2025-01-03,2024-06-25,official_full_screening_table,medium,review_2023_h2,Directly parsed compliant rows from official PSX screening table. Exact index membership may differ because defaulter formatting and other exclusions are not consistently machine-readable.,False,True
TOMCL,2024-06-25,2025-01-03,2024-06-25,official_full_screening_table,medium,review_2023_h2,Directly parsed compliant rows from official PSX screening table. Exact index membership may differ because defaulter formatting and other exclusions are not consistently machine-readable.,False,True
TOWL,2024-06-25,2025-01-03,2024-06-25,official_full_screening_table,medium,review_2023_h2,Directly parsed compliant rows from official PSX screening table. Exact index membership may differ because defaulter formatting and other exclusions are not consistently machine-readable.,False,True
TPLP,2024-06-25,2025-01-03,2024-06-25,official_full_screening_table,medium,review_2023_h2,Directly parsed compliant rows from official PSX screening table. Exact index membership may differ because defaulter formatting and other exclusions are not consistently machine-readable.,False,True
TPLRF1,2024-06-25,2025-01-03,2024-06-25,official_full_screening_table,medium,review_2023_h2,Directly parsed compliant rows from official PSX screening table. Exact index membership may differ because defaulter formatting and other exclusions are not consistently machine-readable.,False,True
TPLT,2024-06-25,2025-01-03,2024-06-25,official_full_screening_table,medium,review_2023_h2,Directly parsed compliant rows from official PSX screening table. Exact index membership may differ because defaulter formatting and other exclusions are not consistently machine-readable.,False,True
TREET,2024-06-25,2025-01-03,2024-06-25,official_full_screening_table,medium,review_2023_h2,Directly parsed compliant rows from official PSX screening table. Exact index membership may differ because defaulter formatting and other exclusions are not consistently machine-readable.,False,True
TRSM,2024-06-25,2025-01-03,2024-06-25,official_full_screening_table,medium,review_2023_h2,Directly parsed compliant rows from official PSX screening table. Exact index membership may differ because defaulter formatting and other exclusions are not consistently machine-readable.,False,True
UBDL,2024-06-25,2025-01-03,2024-06-25,official_full_screening_table,medium,review_2023_h2,Directly parsed compliant rows from official PSX screening table. Exact index membership may differ because defaulter formatting and other exclusions are not consistently machine-readable.,False,True
UCAPM,2024-06-25,2025-01-03,2024-06-25,official_full_screening_table,medium,review_2023_h2,Directly parsed compliant rows from official PSX screening table. Exact index membership may differ because defaulter formatting and other exclusions are not consistently machine-readable.,False,True
UNITY,2024-06-25,2025-01-03,2024-06-25,official_full_screening_table,medium,review_2023_h2,Directly parsed compliant rows from official PSX screening table. Exact index membership may differ because defaulter formatting and other exclusions are not consistently machine-readable.,False,True
UPFL,2024-06-25,2025-01-03,2024-06-25,official_full_screening_table,medium,review_2023_h2,Directly parsed compliant rows from official PSX screening table. Exact index membership may differ because defaulter formatting and other exclusions are not consistently machine-readable.,False,True
WAHN,2024-06-25,2025-01-03,2024-06-25,official_full_screening_table,medium,review_2023_h2,Directly parsed compliant rows from official PSX screening table. Exact index membership may differ because defaulter formatting and other exclusions are not consistently machine-readable.,False,True
WAVES,2024-06-25,2025-01-03,2024-06-25,official_full_screening_table,medium,review_2023_h2,Directly parsed compliant rows from official PSX screening table. Exact index membership may differ because defaulter formatting and other exclusions are not consistently machine-readable.,False,True
ZAHID,2024-06-25,2025-01-03,2024-06-25,official_full_screening_table,medium,review_2023_h2,Directly parsed compliant rows from official PSX screening table. Exact index membership may differ because defaulter formatting and other exclusions are not consistently machine-readable.,False,True
ZIL,2024-06-25,2025-01-03,2024-06-25,official_full_screening_table,medium,review_2023_h2,Directly parsed compliant rows from official PSX screening table. Exact index membership may differ because defaulter formatting and other exclusions are not consistently machine-readable.,False,True
ZTL,2024-06-25,2025-01-03,2024-06-25,official_full_screening_table,medium,review_2023_h2,Directly parsed compliant rows from official PSX screening table. Exact index membership may differ because defaulter formatting and other exclusions are not consistently machine-readable.,False,True
AABS,2025-01-03,2025-06-10,2025-01-03,official_full_screening_table,medium,review_2024_h1,Directly parsed compliant rows from official PSX screening table. Exact index membership may differ because defaulter formatting and other exclusions are not consistently machine-readable.,False,True
ABOT,2025-01-03,2025-06-10,2025-01-03,official_full_screening_table,medium,review_2024_h1,Directly parsed compliant rows from official PSX screening table. Exact index membership may differ because defaulter formatting and other exclusions are not consistently machine-readable.,False,True
ACPL,2025-01-03,2025-06-10,2025-01-03,official_full_screening_table,medium,review_2024_h1,Directly parsed compliant rows from official PSX screening table. Exact index membership may differ because defaulter formatting and other exclusions are not consistently machine-readable.,False,True
ADAMS,2025-01-03,2025-06-10,2025-01-03,official_full_screening_table,medium,review_2024_h1,Directly parsed compliant rows from official PSX screening table. Exact index membership may differ because defaulter formatting and other exclusions are not consistently machine-readable.,False,True
AGIL,2025-01-03,2025-06-10,2025-01-03,official_full_screening_table,medium,review_2024_h1,Directly parsed compliant rows from official PSX screening table. Exact index membership may differ because defaulter formatting and other exclusions are not consistently machine-readable.,False,True
AGP,2025-01-03,2025-06-10,2025-01-03,official_full_screening_table,medium,review_2024_h1,Directly parsed compliant rows from official PSX screening table. Exact index membership may differ because defaulter formatting and other exclusions are not consistently machine-readable.,False,True
AGSML,2025-01-03,2025-06-10,2025-01-03,official_full_screening_table,medium,review_2024_h1,Directly parsed compliant rows from official PSX screening table. Exact index membership may differ because defaulter formatting and other exclusions are not consistently machine-readable.,False,True
AGTL,2025-01-03,2025-06-10,2025-01-03,official_full_screening_table,medium,review_2024_h1,Directly parsed compliant rows from official PSX screening table. Exact index membership may differ because defaulter formatting and other exclusions are not consistently machine-readable.,False,True
AHTM,2025-01-03,2025-06-10,2025-01-03,official_full_screening_table,medium,review_2024_h1,Directly parsed compliant rows from official PSX screening table. Exact index membership may differ because defaulter formatting and other exclusions are not consistently machine-readable.,False,True
AIRLINK,2025-01-03,2025-06-10,2025-01-03,official_full_screening_table,medium,review_2024_h1,Directly parsed compliant rows from official PSX screening table. Exact index membership may differ because defaulter formatting and other exclusions are not consistently machine-readable.,False,True
AKGL,2025-01-03,2025-06-10,2025-01-03,official_full_screening_table,medium,review_2024_h1,Directly parsed compliant rows from official PSX screening table. Exact index membership may differ because defaulter formatting and other exclusions are not consistently machine-readable.,False,True
ALNRS,2025-01-03,2025-06-10,2025-01-03,official_full_screening_table,medium,review_2024_h1,Directly parsed compliant rows from official PSX screening table. Exact index membership may differ because defaulter formatting and other exclusions are not consistently machine-readable.,False,True
ANL,2025-01-03,2025-06-10,2025-01-03,official_full_screening_table,medium,review_2024_h1,Directly parsed compliant rows from official PSX screening table. Exact index membership may differ because defaulter formatting and other exclusions are not consistently machine-readable.,False,True
ANTM,2025-01-03,2025-06-10,2025-01-03,official_full_screening_table,medium,review_2024_h1,Directly parsed compliant rows from official PSX screening table. Exact index membership may differ because defaulter formatting and other exclusions are not consistently machine-readable.,False,True
APL,2025-01-03,2025-06-10,2025-01-03,official_full_screening_table,medium,review_2024_h1,Directly parsed compliant rows from official PSX screening table. Exact index membership may differ because defaulter formatting and other exclusions are not consistently machine-readable.,False,True
ARCTM,2025-01-03,2025-06-10,2025-01-03,official_full_screening_table,medium,review_2024_h1,Directly parsed compliant rows from official PSX screening table. Exact index membership may differ because defaulter formatting and other exclusions are not consistently machine-readable.,False,True
ARPL,2025-01-03,2025-06-10,2025-01-03,official_full_screening_table,medium,review_2024_h1,Directly parsed compliant rows from official PSX screening table. Exact index membership may differ because defaulter formatting and other exclusions are not consistently machine-readable.,False,True
ASC,2025-01-03,2025-06-10,2025-01-03,official_full_screening_table,medium,review_2024_h1,Directly parsed compliant rows from official PSX screening table. Exact index membership may differ because defaulter formatting and other exclusions are not consistently machine-readable.,False,True
ASHT,2025-01-03,2025-06-10,2025-01-03,official_full_screening_table,medium,review_2024_h1,Directly parsed compliant rows from official PSX screening table. Exact index membership may differ because defaulter formatting and other exclusions are not consistently machine-readable.,False,True
ASTL,2025-01-03,2025-06-10,2025-01-03,official_full_screening_table,medium,review_2024_h1,Directly parsed compliant rows from official PSX screening table. Exact index membership may differ because defaulter formatting and other exclusions are not consistently machine-readable.,False,True
ASTM,2025-01-03,2025-06-10,2025-01-03,official_full_screening_table,medium,review_2024_h1,Directly parsed compliant rows from official PSX screening table. Exact index membership may differ because defaulter formatting and other exclusions are not consistently machine-readable.,False,True
ATBA,2025-01-03,2025-06-10,2025-01-03,official_full_screening_table,medium,review_2024_h1,Directly parsed compliant rows from official PSX screening table. Exact index membership may differ because defaulter formatting and other exclusions are not consistently machine-readable.,False,True
ATLH,2025-01-03,2025-06-10,2025-01-03,official_full_screening_table,medium,review_2024_h1,Directly parsed compliant rows from official PSX screening table. Exact index membership may differ because defaulter formatting and other exclusions are not consistently machine-readable.,False,True
ATRL,2025-01-03,2025-06-10,2025-01-03,official_full_screening_table,medium,review_2024_h1,Directly parsed compliant rows from official PSX screening table. Exact index membership may differ because defaulter formatting and other exclusions are not consistently machine-readable.,False,True
AVN,2025-01-03,2025-06-10,2025-01-03,official_full_screening_table,medium,review_2024_h1,Directly parsed compliant rows from official PSX screening table. Exact index membership may differ because defaulter formatting and other exclusions are not consistently machine-readable.,False,True
AWTX,2025-01-03,2025-06-10,2025-01-03,official_full_screening_table,medium,review_2024_h1,Directly parsed compliant rows from official PSX screening table. Exact index membership may differ because defaulter formatting and other exclusions are not consistently machine-readable.,False,True
BATA,2025-01-03,2025-06-10,2025-01-03,official_full_screening_table,medium,review_2024_h1,Directly parsed compliant rows from official PSX screening table. Exact index membership may differ because defaulter formatting and other exclusions are not consistently machine-readable.,False,True
BBFL,2025-01-03,2025-06-10,2025-01-03,official_full_screening_table,medium,review_2024_h1,Directly parsed compliant rows from official PSX screening table. Exact index membership may differ because defaulter formatting and other exclusions are not consistently machine-readable.,False,True
BCL,2025-01-03,2025-06-10,2025-01-03,official_full_screening_table,medium,review_2024_h1,Directly parsed compliant rows from official PSX screening table. Exact index membership may differ because defaulter formatting and other exclusions are not consistently machine-readable.,False,True
BECO,2025-01-03,2025-06-10,2025-01-03,official_full_screening_table,medium,review_2024_h1,Directly parsed compliant rows from official PSX screening table. Exact index membership may differ because defaulter formatting and other exclusions are not consistently machine-readable.,False,True
BERG,2025-01-03,2025-06-10,2025-01-03,official_full_screening_table,medium,review_2024_h1,Directly parsed compliant rows from official PSX screening table. Exact index membership may differ because defaulter formatting and other exclusions are not consistently machine-readable.,False,True
BFBIO,2025-01-03,2025-06-10,2025-01-03,official_full_screening_table,medium,review_2024_h1,Directly parsed compliant rows from official PSX screening table. Exact index membership may differ because defaulter formatting and other exclusions are not consistently machine-readable.,False,True
BFMOD,2025-01-03,2025-06-10,2025-01-03,official_full_screening_table,medium,review_2024_h1,Directly parsed compliant rows from official PSX screening table. Exact index membership may differ because defaulter formatting and other exclusions are not consistently machine-readable.,False,True
BGL,2025-01-03,2025-06-10,2025-01-03,official_full_screening_table,medium,review_2024_h1,Directly parsed compliant rows from official PSX screening table. Exact index membership may differ because defaulter formatting and other exclusions are not consistently machine-readable.,False,True
BIFO,2025-01-03,2025-06-10,2025-01-03,official_full_screening_table,medium,review_2024_h1,Directly parsed compliant rows from official PSX screening table. Exact index membership may differ because defaulter formatting and other exclusions are not consistently machine-readable.,False,True
BIPL,2025-01-03,2025-06-10,2025-01-03,official_full_screening_table,medium,review_2024_h1,Directly parsed compliant rows from official PSX screening table. Exact index membership may differ because defaulter formatting and other exclusions are not consistently machine-readable.,False,True
BNL,2025-01-03,2025-06-10,2025-01-03,official_full_screening_table,medium,review_2024_h1,Directly parsed compliant rows from official PSX screening table. Exact index membership may differ because defaulter formatting and other exclusions are not consistently machine-readable.,False,True
BNWM,2025-01-03,2025-06-10,2025-01-03,official_full_screening_table,medium,review_2024_h1,Directly parsed compliant rows from official PSX screening table. Exact index membership may differ because defaulter formatting and other exclusions are not consistently machine-readable.,False,True
BPL,2025-01-03,2025-06-10,2025-01-03,official_full_screening_table,medium,review_2024_h1,Directly parsed compliant rows from official PSX screening table. Exact index membership may differ because defaulter formatting and other exclusions are not consistently machine-readable.,False,True
BRRG,2025-01-03,2025-06-10,2025-01-03,official_full_screening_table,medium,review_2024_h1,Directly parsed compliant rows from official PSX screening table. Exact index membership may differ because defaulter formatting and other exclusions are not consistently machine-readable.,False,True
BTL,2025-01-03,2025-06-10,2025-01-03,official_full_screening_table,medium,review_2024_h1,Directly parsed compliant rows from official PSX screening table. Exact index membership may differ because defaulter formatting and other exclusions are not consistently machine-readable.,False,True
BUXL,2025-01-03,2025-06-10,2025-01-03,official_full_screening_table,medium,review_2024_h1,Directly parsed compliant rows from official PSX screening table. Exact index membership may differ because defaulter formatting and other exclusions are not consistently machine-readable.,False,True
BWCL,2025-01-03,2025-06-10,2025-01-03,official_full_screening_table,medium,review_2024_h1,Directly parsed compliant rows from official PSX screening table. Exact index membership may differ because defaulter formatting and other exclusions are not consistently machine-readable.,False,True
BWHL,2025-01-03,2025-06-10,2025-01-03,official_full_screening_table,medium,review_2024_h1,Directly parsed compliant rows from official PSX screening table. Exact index membership may differ because defaulter formatting and other exclusions are not consistently machine-readable.,False,True
CCM,2025-01-03,2025-06-10,2025-01-03,official_full_screening_table,medium,review_2024_h1,Directly parsed compliant rows from official PSX screening table. Exact index membership may differ because defaulter formatting and other exclusions are not consistently machine-readable.,False,True
CEPB,2025-01-03,2025-06-10,2025-01-03,official_full_screening_table,medium,review_2024_h1,Directly parsed compliant rows from official PSX screening table. Exact index membership may differ because defaulter formatting and other exclusions are not consistently machine-readable.,False,True
CFL,2025-01-03,2025-06-10,2025-01-03,official_full_screening_table,medium,review_2024_h1,Directly parsed compliant rows from official PSX screening table. Exact index membership may differ because defaulter formatting and other exclusions are not consistently machine-readable.,False,True
CHCC,2025-01-03,2025-06-10,2025-01-03,official_full_screening_table,medium,review_2024_h1,Directly parsed compliant rows from official PSX screening table. Exact index membership may differ because defaulter formatting and other exclusions are not consistently machine-readable.,False,True
CLOV,2025-01-03,2025-06-10,2025-01-03,official_full_screening_table,medium,review_2024_h1,Directly parsed compliant rows from official PSX screening table. Exact index membership may differ because defaulter formatting and other exclusions are not consistently machine-readable.,False,True
CLVL,2025-01-03,2025-06-10,2025-01-03,official_full_screening_table,medium,review_2024_h1,Directly parsed compliant rows from official PSX screening table. Exact index membership may differ because defaulter formatting and other exclusions are not consistently machine-readable.,False,True
CNERGY,2025-01-03,2025-06-10,2025-01-03,official_full_screening_table,medium,review_2024_h1,Directly parsed compliant rows from official PSX screening table. Exact index membership may differ because defaulter formatting and other exclusions are not consistently machine-readable.,False,True
CPHL,2025-01-03,2025-06-10,2025-01-03,official_full_screening_table,medium,review_2024_h1,Directly parsed compliant rows from official PSX screening table. Exact index membership may differ because defaulter formatting and other exclusions are not consistently machine-readable.,False,True
CPPL,2025-01-03,2025-06-10,2025-01-03,official_full_screening_table,medium,review_2024_h1,Directly parsed compliant rows from official PSX screening table. Exact index membership may differ because defaulter formatting and other exclusions are not consistently machine-readable.,False,True
CRTM,2025-01-03,2025-06-10,2025-01-03,official_full_screening_table,medium,review_2024_h1,Directly parsed compliant rows from official PSX screening table. Exact index membership may differ because defaulter formatting and other exclusions are not consistently machine-readable.,False,True
CSAP,2025-01-03,2025-06-10,2025-01-03,official_full_screening_table,medium,review_2024_h1,Directly parsed compliant rows from official PSX screening table. Exact index membership may differ because defaulter formatting and other exclusions are not consistently machine-readable.,False,True
CTM,2025-01-03,2025-06-10,2025-01-03,official_full_screening_table,medium,review_2024_h1,Directly parsed compliant rows from official PSX screening table. Exact index membership may differ because defaulter formatting and other exclusions are not consistently machine-readable.,False,True
DAAG,2025-01-03,2025-06-10,2025-01-03,official_full_screening_table,medium,review_2024_h1,Directly parsed compliant rows from official PSX screening table. Exact index membership may differ because defaulter formatting and other exclusions are not consistently machine-readable.,False,True
DADX,2025-01-03,2025-06-10,2025-01-03,official_full_screening_table,medium,review_2024_h1,Directly parsed compliant rows from official PSX screening table. Exact index membership may differ because defaulter formatting and other exclusions are not consistently machine-readable.,False,True
DAWH,2025-01-03,2025-06-10,2025-01-03,official_full_screening_table,medium,review_2024_h1,Directly parsed compliant rows from official PSX screening table. Exact index membership may differ because defaulter formatting and other exclusions are not consistently machine-readable.,False,True
DBSL,2025-01-03,2025-06-10,2025-01-03,official_full_screening_table,medium,review_2024_h1,Directly parsed compliant rows from official PSX screening table. Exact index membership may differ because defaulter formatting and other exclusions are not consistently machine-readable.,False,True
DCL,2025-01-03,2025-06-10,2025-01-03,official_full_screening_table,medium,review_2024_h1,Directly parsed compliant rows from official PSX screening table. Exact index membership may differ because defaulter formatting and other exclusions are not consistently machine-readable.,False,True
DCR,2025-01-03,2025-06-10,2025-01-03,official_full_screening_table,medium,review_2024_h1,Directly parsed compliant rows from official PSX screening table. Exact index membership may differ because defaulter formatting and other exclusions are not consistently machine-readable.,False,True
DFSM,2025-01-03,2025-06-10,2025-01-03,official_full_screening_table,medium,review_2024_h1,Directly parsed compliant rows from official PSX screening table. Exact index membership may differ because defaulter formatting and other exclusions are not consistently machine-readable.,False,True
DGKC,2025-01-03,2025-06-10,2025-01-03,official_full_screening_table,medium,review_2024_h1,Directly parsed compliant rows from official PSX screening table. Exact index membership may differ because defaulter formatting and other exclusions are not consistently machine-readable.,False,True
DIIL,2025-01-03,2025-06-10,2025-01-03,official_full_screening_table,medium,review_2024_h1,Directly parsed compliant rows from official PSX screening table. Exact index membership may differ because defaulter formatting and other exclusions are not consistently machine-readable.,False,True
DINT,2025-01-03,2025-06-10,2025-01-03,official_full_screening_table,medium,review_2024_h1,Directly parsed compliant rows from official PSX screening table. Exact index membership may differ because defaulter formatting and other exclusions are not consistently machine-readable.,False,True
DMTX,2025-01-03,2025-06-10,2025-01-03,official_full_screening_table,medium,review_2024_h1,Directly parsed compliant rows from official PSX screening table. Exact index membership may differ because defaulter formatting and other exclusions are not consistently machine-readable.,False,True
DNCC,2025-01-03,2025-06-10,2025-01-03,official_full_screening_table,medium,review_2024_h1,Directly parsed compliant rows from official PSX screening table. Exact index membership may differ because defaulter formatting and other exclusions are not consistently machine-readable.,False,True
DOL,2025-01-03,2025-06-10,2025-01-03,official_full_screening_table,medium,review_2024_h1,Directly parsed compliant rows from official PSX screening table. Exact index membership may differ because defaulter formatting and other exclusions are not consistently machine-readable.,False,True
DWSM,2025-01-03,2025-06-10,2025-01-03,official_full_screening_table,medium,review_2024_h1,Directly parsed compliant rows from official PSX screening table. Exact index membership may differ because defaulter formatting and other exclusions are not consistently machine-readable.,False,True
DYNO,2025-01-03,2025-06-10,2025-01-03,official_full_screening_table,medium,review_2024_h1,Directly parsed compliant rows from official PSX screening table. Exact index membership may differ because defaulter formatting and other exclusions are not consistently machine-readable.,False,True
EFERT,2025-01-03,2025-06-10,2025-01-03,official_full_screening_table,medium,review_2024_h1,Directly parsed compliant rows from official PSX screening table. Exact index membership may differ because defaulter formatting and other exclusions are not consistently machine-readable.,False,True
ELCM,2025-01-03,2025-06-10,2025-01-03,official_full_screening_table,medium,review_2024_h1,Directly parsed compliant rows from official PSX screening table. Exact index membership may differ because defaulter formatting and other exclusions are not consistently machine-readable.,False,True
EMCO,2025-01-03,2025-06-10,2025-01-03,official_full_screening_table,medium,review_2024_h1,Directly parsed compliant rows from official PSX screening table. Exact index membership may differ because defaulter formatting and other exclusions are not consistently machine-readable.,False,True
ENGRO,2025-01-03,2025-06-10,2025-01-03,official_full_screening_table,medium,review_2024_h1,Directly parsed compliant rows from official PSX screening table. Exact index membership may differ because defaulter formatting and other exclusions are not consistently machine-readable.,False,True
EPCL,2025-01-03,2025-06-10,2025-01-03,official_full_screening_table,medium,review_2024_h1,Directly parsed compliant rows from official PSX screening table. Exact index membership may differ because defaulter formatting and other exclusions are not consistently machine-readable.,False,True
EXIDE,2025-01-03,2025-06-10,2025-01-03,official_full_screening_table,medium,review_2024_h1,Directly parsed compliant rows from official PSX screening table. Exact index membership may differ because defaulter formatting and other exclusions are not consistently machine-readable.,False,True
FABL,2025-01-03,2025-06-10,2025-01-03,official_full_screening_table,medium,review_2024_h1,Directly parsed compliant rows from official PSX screening table. Exact index membership may differ because defaulter formatting and other exclusions are not consistently machine-readable.,False,True
FANM,2025-01-03,2025-06-10,2025-01-03,official_full_screening_table,medium,review_2024_h1,Directly parsed compliant rows from official PSX screening table. Exact index membership may differ because defaulter formatting and other exclusions are not consistently machine-readable.,False,True
FATIMA,2025-01-03,2025-06-10,2025-01-03,official_full_screening_table,medium,review_2024_h1,Directly parsed compliant rows from official PSX screening table. Exact index membership may differ because defaulter formatting and other exclusions are not consistently machine-readable.,False,True
FCCL,2025-01-03,2025-06-10,2025-01-03,official_full_screening_table,medium,review_2024_h1,Directly parsed compliant rows from official PSX screening table. Exact index membership may differ because defaulter formatting and other exclusions are not consistently machine-readable.,False,True
FCEPL,2025-01-03,2025-06-10,2025-01-03,official_full_screening_table,medium,review_2024_h1,Directly parsed compliant rows from official PSX screening table. Exact index membership may differ because defaulter formatting and other exclusions are not consistently machine-readable.,False,True
FCL,2025-01-03,2025-06-10,2025-01-03,official_full_screening_table,medium,review_2024_h1,Directly parsed compliant rows from official PSX screening table. Exact index membership may differ because defaulter formatting and other exclusions are not consistently machine-readable.,False,True
FECM,2025-01-03,2025-06-10,2025-01-03,official_full_screening_table,medium,review_2024_h1,Directly parsed compliant rows from official PSX screening table. Exact index membership may differ because defaulter formatting and other exclusions are not consistently machine-readable.,False,True
FECTC,2025-01-03,2025-06-10,2025-01-03,official_full_screening_table,medium,review_2024_h1,Directly parsed compliant rows from official PSX screening table. Exact index membership may differ because defaulter formatting and other exclusions are not consistently machine-readable.,False,True
FEM,2025-01-03,2025-06-10,2025-01-03,official_full_screening_table,medium,review_2024_h1,Directly parsed compliant rows from official PSX screening table. Exact index membership may differ because defaulter formatting and other exclusions are not consistently machine-readable.,False,True
FEROZ,2025-01-03,2025-06-10,2025-01-03,official_full_screening_table,medium,review_2024_h1,Directly parsed compliant rows from official PSX screening table. Exact index membership may differ because defaulter formatting and other exclusions are not consistently machine-readable.,False,True
FFL,2025-01-03,2025-06-10,2025-01-03,official_full_screening_table,medium,review_2024_h1,Directly parsed compliant rows from official PSX screening table. Exact index membership may differ because defaulter formatting and other exclusions are not consistently machine-readable.,False,True
FFLM,2025-01-03,2025-06-10,2025-01-03,official_full_screening_table,medium,review_2024_h1,Directly parsed compliant rows from official PSX screening table. Exact index membership may differ because defaulter formatting and other exclusions are not consistently machine-readable.,False,True
FHAM,2025-01-03,2025-06-10,2025-01-03,official_full_screening_table,medium,review_2024_h1,Directly parsed compliant rows from official PSX screening table. Exact index membership may differ because defaulter formatting and other exclusions are not consistently machine-readable.,False,True
FIBLM,2025-01-03,2025-06-10,2025-01-03,official_full_screening_table,medium,review_2024_h1,Directly parsed compliant rows from official PSX screening table. Exact index membership may differ because defaulter formatting and other exclusions are not consistently machine-readable.,False,True
FIL,2025-01-03,2025-06-10,2025-01-03,official_full_screening_table,medium,review_2024_h1,Directly parsed compliant rows from official PSX screening table. Exact index membership may differ because defaulter formatting and other exclusions are not consistently machine-readable.,False,True
FIMM,2025-01-03,2025-06-10,2025-01-03,official_full_screening_table,medium,review_2024_h1,Directly parsed compliant rows from official PSX screening table. Exact index membership may differ because defaulter formatting and other exclusions are not consistently machine-readable.,False,True
FLYNG,2025-01-03,2025-06-10,2025-01-03,official_full_screening_table,medium,review_2024_h1,Directly parsed compliant rows from official PSX screening table. Exact index membership may differ because defaulter formatting and other exclusions are not consistently machine-readable.,False,True
FML,2025-01-03,2025-06-10,2025-01-03,official_full_screening_table,medium,review_2024_h1,Directly parsed compliant rows from official PSX screening table. Exact index membership may differ because defaulter formatting and other exclusions are not consistently machine-readable.,False,True
FNBM,2025-01-03,2025-06-10,2025-01-03,official_full_screening_table,medium,review_2024_h1,Directly parsed compliant rows from official PSX screening table. Exact index membership may differ because defaulter formatting and other exclusions are not consistently machine-readable.,False,True
FPJM,2025-01-03,2025-06-10,2025-01-03,official_full_screening_table,medium,review_2024_h1,Directly parsed compliant rows from official PSX screening table. Exact index membership may differ because defaulter formatting and other exclusions are not consistently machine-readable.,False,True
FPRM,2025-01-03,2025-06-10,2025-01-03,official_full_screening_table,medium,review_2024_h1,Directly parsed compliant rows from official PSX screening table. Exact index membership may differ because defaulter formatting and other exclusions are not consistently machine-readable.,False,True
FRCL,2025-01-03,2025-06-10,2025-01-03,official_full_screening_table,medium,review_2024_h1,Directly parsed compliant rows from official PSX screening table. Exact index membership may differ because defaulter formatting and other exclusions are not consistently machine-readable.,False,True
FRSM,2025-01-03,2025-06-10,2025-01-03,official_full_screening_table,medium,review_2024_h1,Directly parsed compliant rows from official PSX screening table. Exact index membership may differ because defaulter formatting and other exclusions are not consistently machine-readable.,False,True
FTMM,2025-01-03,2025-06-10,2025-01-03,official_full_screening_table,medium,review_2024_h1,Directly parsed compliant rows from official PSX screening table. Exact index membership may differ because defaulter formatting and other exclusions are not consistently machine-readable.,False,True
FTSM,2025-01-03,2025-06-10,2025-01-03,official_full_screening_table,medium,review_2024_h1,Directly parsed compliant rows from official PSX screening table. Exact index membership may differ because defaulter formatting and other exclusions are not consistently machine-readable.,False,True
FZCM,2025-01-03,2025-06-10,2025-01-03,official_full_screening_table,medium,review_2024_h1,Directly parsed compliant rows from official PSX screening table. Exact index membership may differ because defaulter formatting and other exclusions are not consistently machine-readable.,False,True
GAL,2025-01-03,2025-06-10,2025-01-03,official_full_screening_table,medium,review_2024_h1,Directly parsed compliant rows from official PSX screening table. Exact index membership may differ because defaulter formatting and other exclusions are not consistently machine-readable.,False,True
GAMON,2025-01-03,2025-06-10,2025-01-03,official_full_screening_table,medium,review_2024_h1,Directly parsed compliant rows from official PSX screening table. Exact index membership may differ because defaulter formatting and other exclusions are not consistently machine-readable.,False,True
GATI,2025-01-03,2025-06-10,2025-01-03,official_full_screening_table,medium,review_2024_h1,Directly parsed compliant rows from official PSX screening table. Exact index membership may differ because defaulter formatting and other exclusions are not consistently machine-readable.,False,True
GATM,2025-01-03,2025-06-10,2025-01-03,official_full_screening_table,medium,review_2024_h1,Directly parsed compliant rows from official PSX screening table. Exact index membership may differ because defaulter formatting and other exclusions are not consistently machine-readable.,False,True
GEMBLUEX,2025-01-03,2025-06-10,2025-01-03,official_full_screening_table,medium,review_2024_h1,Directly parsed compliant rows from official PSX screening table. Exact index membership may differ because defaulter formatting and other exclusions are not consistently machine-readable.,False,True
GEMMEL,2025-01-03,2025-06-10,2025-01-03,official_full_screening_table,medium,review_2024_h1,Directly parsed compliant rows from official PSX screening table. Exact index membership may differ because defaulter formatting and other exclusions are not consistently machine-readable.,False,True
GEMPAPL,2025-01-03,2025-06-10,2025-01-03,official_full_screening_table,medium,review_2024_h1,Directly parsed compliant rows from official PSX screening table. Exact index membership may differ because defaulter formatting and other exclusions are not consistently machine-readable.,False,True
GEMSPNL,2025-01-03,2025-06-10,2025-01-03,official_full_screening_table,medium,review_2024_h1,Directly parsed compliant rows from official PSX screening table. Exact index membership may differ because defaulter formatting and other exclusions are not consistently machine-readable.,False,True
GFIL,2025-01-03,2025-06-10,2025-01-03,official_full_screening_table,medium,review_2024_h1,Directly parsed compliant rows from official PSX screening table. Exact index membership may differ because defaulter formatting and other exclusions are not consistently machine-readable.,False,True
GGGL,2025-01-03,2025-06-10,2025-01-03,official_full_screening_table,medium,review_2024_h1,Directly parsed compliant rows from official PSX screening table. Exact index membership may differ because defaulter formatting and other exclusions are not consistently machine-readable.,False,True
GGL,2025-01-03,2025-06-10,2025-01-03,official_full_screening_table,medium,review_2024_h1,Directly parsed compliant rows from official PSX screening table. Exact index membership may differ because defaulter formatting and other exclusions are not consistently machine-readable.,False,True
GHGL,2025-01-03,2025-06-10,2025-01-03,official_full_screening_table,medium,review_2024_h1,Directly parsed compliant rows from official PSX screening table. Exact index membership may differ because defaulter formatting and other exclusions are not consistently machine-readable.,False,True
GHNI,2025-01-03,2025-06-10,2025-01-03,official_full_screening_table,medium,review_2024_h1,Directly parsed compliant rows from official PSX screening table. Exact index membership may differ because defaulter formatting and other exclusions are not consistently machine-readable.,False,True
GIL,2025-01-03,2025-06-10,2025-01-03,official_full_screening_table,medium,review_2024_h1,Directly parsed compliant rows from official PSX screening table. Exact index membership may differ because defaulter formatting and other exclusions are not consistently machine-readable.,False,True
GLAXO,2025-01-03,2025-06-10,2025-01-03,official_full_screening_table,medium,review_2024_h1,Directly parsed compliant rows from official PSX screening table. Exact index membership may differ because defaulter formatting and other exclusions are not consistently machine-readable.,False,True
GOC,2025-01-03,2025-06-10,2025-01-03,official_full_screening_table,medium,review_2024_h1,Directly parsed compliant rows from official PSX screening table. Exact index membership may differ because defaulter formatting and other exclusions are not consistently machine-readable.,False,True
GTYR,2025-01-03,2025-06-10,2025-01-03,official_full_screening_table,medium,review_2024_h1,Directly parsed compliant rows from official PSX screening table. Exact index membership may differ because defaulter formatting and other exclusions are not consistently machine-readable.,False,True
GVGL,2025-01-03,2025-06-10,2025-01-03,official_full_screening_table,medium,review_2024_h1,Directly parsed compliant rows from official PSX screening table. Exact index membership may differ because defaulter formatting and other exclusions are not consistently machine-readable.,False,True
GWLC,2025-01-03,2025-06-10,2025-01-03,official_full_screening_table,medium,review_2024_h1,Directly parsed compliant rows from official PSX screening table. Exact index membership may differ because defaulter formatting and other exclusions are not consistently machine-readable.,False,True
HAEL,2025-01-03,2025-06-10,2025-01-03,official_full_screening_table,medium,review_2024_h1,Directly parsed compliant rows from official PSX screening table. Exact index membership may differ because defaulter formatting and other exclusions are not consistently machine-readable.,False,True
HAFL,2025-01-03,2025-06-10,2025-01-03,official_full_screening_table,medium,review_2024_h1,Directly parsed compliant rows from official PSX screening table. Exact index membership may differ because defaulter formatting and other exclusions are not consistently machine-readable.,False,True
HALEON,2025-01-03,2025-06-10,2025-01-03,official_full_screening_table,medium,review_2024_h1,Directly parsed compliant rows from official PSX screening table. Exact index membership may differ because defaulter formatting and other exclusions are not consistently machine-readable.,False,True
HATM,2025-01-03,2025-06-10,2025-01-03,official_full_screening_table,medium,review_2024_h1,Directly parsed compliant rows from official PSX screening table. Exact index membership may differ because defaulter formatting and other exclusions are not consistently machine-readable.,False,True
HCAR,2025-01-03,2025-06-10,2025-01-03,official_full_screening_table,medium,review_2024_h1,Directly parsed compliant rows from official PSX screening table. Exact index membership may differ because defaulter formatting and other exclusions are not consistently machine-readable.,False,True
HINO,2025-01-03,2025-06-10,2025-01-03,official_full_screening_table,medium,review_2024_h1,Directly parsed compliant rows from official PSX screening table. Exact index membership may differ because defaulter formatting and other exclusions are not consistently machine-readable.,False,True
HINOON,2025-01-03,2025-06-10,2025-01-03,official_full_screening_table,medium,review_2024_h1,Directly parsed compliant rows from official PSX screening table. Exact index membership may differ because defaulter formatting and other exclusions are not consistently machine-readable.,False,True
HPL,2025-01-03,2025-06-10,2025-01-03,official_full_screening_table,medium,review_2024_h1,Directly parsed compliant rows from official PSX screening table. Exact index membership may differ because defaulter formatting and other exclusions are not consistently machine-readable.,False,True
HRPL,2025-01-03,2025-06-10,2025-01-03,official_full_screening_table,medium,review_2024_h1,Directly parsed compliant rows from official PSX screening table. Exact index membership may differ because defaulter formatting and other exclusions are not consistently machine-readable.,False,True
HTL,2025-01-03,2025-06-10,2025-01-03,official_full_screening_table,medium,review_2024_h1,Directly parsed compliant rows from official PSX screening table. Exact index membership may differ because defaulter formatting and other exclusions are not consistently machine-readable.,False,True
HUBC,2025-01-03,2025-06-10,2025-01-03,official_full_screening_table,medium,review_2024_h1,Directly parsed compliant rows from official PSX screening table. Exact index membership may differ because defaulter formatting and other exclusions are not consistently machine-readable.,False,True
IBFL,2025-01-03,2025-06-10,2025-01-03,official_full_screening_table,medium,review_2024_h1,Directly parsed compliant rows from official PSX screening table. Exact index membership may differ because defaulter formatting and other exclusions are not consistently machine-readable.,False,True
IBLHL,2025-01-03,2025-06-10,2025-01-03,official_full_screening_table,medium,review_2024_h1,Directly parsed compliant rows from official PSX screening table. Exact index membership may differ because defaulter formatting and other exclusions are not consistently machine-readable.,False,True
ICL,2025-01-03,2025-06-10,2025-01-03,official_full_screening_table,medium,review_2024_h1,Directly parsed compliant rows from official PSX screening table. Exact index membership may differ because defaulter formatting and other exclusions are not consistently machine-readable.,False,True
IDSM,2025-01-03,2025-06-10,2025-01-03,official_full_screening_table,medium,review_2024_h1,Directly parsed compliant rows from official PSX screening table. Exact index membership may differ because defaulter formatting and other exclusions are not consistently machine-readable.,False,True
ILP,2025-01-03,2025-06-10,2025-01-03,official_full_screening_table,medium,review_2024_h1,Directly parsed compliant rows from official PSX screening table. Exact index membership may differ because defaulter formatting and other exclusions are not consistently machine-readable.,False,True
IMAGE,2025-01-03,2025-06-10,2025-01-03,official_full_screening_table,medium,review_2024_h1,Directly parsed compliant rows from official PSX screening table. Exact index membership may differ because defaulter formatting and other exclusions are not consistently machine-readable.,False,True
INIL,2025-01-03,2025-06-10,2025-01-03,official_full_screening_table,medium,review_2024_h1,Directly parsed compliant rows from official PSX screening table. Exact index membership may differ because defaulter formatting and other exclusions are not consistently machine-readable.,False,True
INKL,2025-01-03,2025-06-10,2025-01-03,official_full_screening_table,medium,review_2024_h1,Directly parsed compliant rows from official PSX screening table. Exact index membership may differ because defaulter formatting and other exclusions are not consistently machine-readable.,False,True
IPAK,2025-01-03,2025-06-10,2025-01-03,official_full_screening_table,medium,review_2024_h1,Directly parsed compliant rows from official PSX screening table. Exact index membership may differ because defaulter formatting and other exclusions are not consistently machine-readable.,False,True
ISL,2025-01-03,2025-06-10,2025-01-03,official_full_screening_table,medium,review_2024_h1,Directly parsed compliant rows from official PSX screening table. Exact index membership may differ because defaulter formatting and other exclusions are not consistently machine-readable.,False,True
ITTEFAQ,2025-01-03,2025-06-10,2025-01-03,official_full_screening_table,medium,review_2024_h1,Directly parsed compliant rows from official PSX screening table. Exact index membership may differ because defaulter formatting and other exclusions are not consistently machine-readable.,False,True
JDMT,2025-01-03,2025-06-10,2025-01-03,official_full_screening_table,medium,review_2024_h1,Directly parsed compliant rows from official PSX screening table. Exact index membership may differ because defaulter formatting and other exclusions are not consistently machine-readable.,False,True
JDWS,2025-01-03,2025-06-10,2025-01-03,official_full_screening_table,medium,review_2024_h1,Directly parsed compliant rows from official PSX screening table. Exact index membership may differ because defaulter formatting and other exclusions are not consistently machine-readable.,False,True
JSML,2025-01-03,2025-06-10,2025-01-03,official_full_screening_table,medium,review_2024_h1,Directly parsed compliant rows from official PSX screening table. Exact index membership may differ because defaulter formatting and other exclusions are not consistently machine-readable.,False,True
JUBS,2025-01-03,2025-06-10,2025-01-03,official_full_screening_table,medium,review_2024_h1,Directly parsed compliant rows from official PSX screening table. Exact index membership may differ because defaulter formatting and other exclusions are not consistently machine-readable.,False,True
JVDC,2025-01-03,2025-06-10,2025-01-03,official_full_screening_table,medium,review_2024_h1,Directly parsed compliant rows from official PSX screening table. Exact index membership may differ because defaulter formatting and other exclusions are not consistently machine-readable.,False,True
KCL,2025-01-03,2025-06-10,2025-01-03,official_full_screening_table,medium,review_2024_h1,Directly parsed compliant rows from official PSX screening table. Exact index membership may differ because defaulter formatting and other exclusions are not consistently machine-readable.,False,True
KEL,2025-01-03,2025-06-10,2025-01-03,official_full_screening_table,medium,review_2024_h1,Directly parsed compliant rows from official PSX screening table. Exact index membership may differ because defaulter formatting and other exclusions are not consistently machine-readable.,False,True
KHYT,2025-01-03,2025-06-10,2025-01-03,official_full_screening_table,medium,review_2024_h1,Directly parsed compliant rows from official PSX screening table. Exact index membership may differ because defaulter formatting and other exclusions are not consistently machine-readable.,False,True
KML,2025-01-03,2025-06-10,2025-01-03,official_full_screening_table,medium,review_2024_h1,Directly parsed compliant rows from official PSX screening table. Exact index membership may differ because defaulter formatting and other exclusions are not consistently machine-readable.,False,True
KOHC,2025-01-03,2025-06-10,2025-01-03,official_full_screening_table,medium,review_2024_h1,Directly parsed compliant rows from official PSX screening table. Exact index membership may differ because defaulter formatting and other exclusions are not consistently machine-readable.,False,True
KOHE,2025-01-03,2025-06-10,2025-01-03,official_full_screening_table,medium,review_2024_h1,Directly parsed compliant rows from official PSX screening table. Exact index membership may differ because defaulter formatting and other exclusions are not consistently machine-readable.,False,True
KOHTM,2025-01-03,2025-06-10,2025-01-03,official_full_screening_table,medium,review_2024_h1,Directly parsed compliant rows from official PSX screening table. Exact index membership may differ because defaulter formatting and other exclusions are not consistently machine-readable.,False,True
KPUS,2025-01-03,2025-06-10,2025-01-03,official_full_screening_table,medium,review_2024_h1,Directly parsed compliant rows from official PSX screening table. Exact index membership may differ because defaulter formatting and other exclusions are not consistently machine-readable.,False,True
KSBP,2025-01-03,2025-06-10,2025-01-03,official_full_screening_table,medium,review_2024_h1,Directly parsed compliant rows from official PSX screening table. Exact index membership may differ because defaulter formatting and other exclusions are not consistently machine-readable.,False,True
KSTM,2025-01-03,2025-06-10,2025-01-03,official_full_screening_table,medium,review_2024_h1,Directly parsed compliant rows from official PSX screening table. Exact index membership may differ because defaulter formatting and other exclusions are not consistently machine-readable.,False,True
KTML,2025-01-03,2025-06-10,2025-01-03,official_full_screening_table,medium,review_2024_h1,Directly parsed compliant rows from official PSX screening table. Exact index membership may differ because defaulter formatting and other exclusions are not consistently machine-readable.,False,True
LCI,2025-01-03,2025-06-10,2025-01-03,official_full_screening_table,medium,review_2024_h1,Directly parsed compliant rows from official PSX screening table. Exact index membership may differ because defaulter formatting and other exclusions are not consistently machine-readable.,False,True
LEUL,2025-01-03,2025-06-10,2025-01-03,official_full_screening_table,medium,review_2024_h1,Directly parsed compliant rows from official PSX screening table. Exact index membership may differ because defaulter formatting and other exclusions are not consistently machine-readable.,False,True
LIVEN,2025-01-03,2025-06-10,2025-01-03,official_full_screening_table,medium,review_2024_h1,Directly parsed compliant rows from official PSX screening table. Exact index membership may differ because defaulter formatting and other exclusions are not consistently machine-readable.,False,True
LOTCHEM,2025-01-03,2025-06-10,2025-01-03,official_full_screening_table,medium,review_2024_h1,Directly parsed compliant rows from official PSX screening table. Exact index membership may differ because defaulter formatting and other exclusions are not consistently machine-readable.,False,True
LPGL,2025-01-03,2025-06-10,2025-01-03,official_full_screening_table,medium,review_2024_h1,Directly parsed compliant rows from official PSX screening table. Exact index membership may differ because defaulter formatting and other exclusions are not consistently machine-readable.,False,True
LPL,2025-01-03,2025-06-10,2025-01-03,official_full_screening_table,medium,review_2024_h1,Directly parsed compliant rows from official PSX screening table. Exact index membership may differ because defaulter formatting and other exclusions are not consistently machine-readable.,False,True
LUCK,2025-01-03,2025-06-10,2025-01-03,official_full_screening_table,medium,review_2024_h1,Directly parsed compliant rows from official PSX screening table. Exact index membership may differ because defaulter formatting and other exclusions are not consistently machine-readable.,False,True
MACFL,2025-01-03,2025-06-10,2025-01-03,official_full_screening_table,medium,review_2024_h1,Directly parsed compliant rows from official PSX screening table. Exact index membership may differ because defaulter formatting and other exclusions are not consistently machine-readable.,False,True
MACTER,2025-01-03,2025-06-10,2025-01-03,official_full_screening_table,medium,review_2024_h1,Directly parsed compliant rows from official PSX screening table. Exact index membership may differ because defaulter formatting and other exclusions are not consistently machine-readable.,False,True
MARI,2025-01-03,2025-06-10,2025-01-03,official_full_screening_table,medium,review_2024_h1,Directly parsed compliant rows from official PSX screening table. Exact index membership may differ because defaulter formatting and other exclusions are not consistently machine-readable.,False,True
MEBL,2025-01-03,2025-06-10,2025-01-03,official_full_screening_table,medium,review_2024_h1,Directly parsed compliant rows from official PSX screening table. Exact index membership may differ because defaulter formatting and other exclusions are not consistently machine-readable.,False,True
MERIT,2025-01-03,2025-06-10,2025-01-03,official_full_screening_table,medium,review_2024_h1,Directly parsed compliant rows from official PSX screening table. Exact index membership may differ because defaulter formatting and other exclusions are not consistently machine-readable.,False,True
MFFL,2025-01-03,2025-06-10,2025-01-03,official_full_screening_table,medium,review_2024_h1,Directly parsed compliant rows from official PSX screening table. Exact index membership may differ because defaulter formatting and other exclusions are not consistently machine-readable.,False,True
MIIETF,2025-01-03,2025-06-10,2025-01-03,official_full_screening_table,medium,review_2024_h1,Directly parsed compliant rows from official PSX screening table. Exact index membership may differ because defaulter formatting and other exclusions are not consistently machine-readable.,False,True
MLCF,2025-01-03,2025-06-10,2025-01-03,official_full_screening_table,medium,review_2024_h1,Directly parsed compliant rows from official PSX screening table. Exact index membership may differ because defaulter formatting and other exclusions are not consistently machine-readable.,False,True
MQTM,2025-01-03,2025-06-10,2025-01-03,official_full_screening_table,medium,review_2024_h1,Directly parsed compliant rows from official PSX screening table. Exact index membership may differ because defaulter formatting and other exclusions are not consistently machine-readable.,False,True
MSCL,2025-01-03,2025-06-10,2025-01-03,official_full_screening_table,medium,review_2024_h1,Directly parsed compliant rows from official PSX screening table. Exact index membership may differ because defaulter formatting and other exclusions are not consistently machine-readable.,False,True
MTL,2025-01-03,2025-06-10,2025-01-03,official_full_screening_table,medium,review_2024_h1,Directly parsed compliant rows from official PSX screening table. Exact index membership may differ because defaulter formatting and other exclusions are not consistently machine-readable.,False,True
MUBT,2025-01-03,2025-06-10,2025-01-03,official_full_screening_table,medium,review_2024_h1,Directly parsed compliant rows from official PSX screening table. Exact index membership may differ because defaulter formatting and other exclusions are not consistently machine-readable.,False,True
MUGHAL,2025-01-03,2025-06-10,2025-01-03,official_full_screening_table,medium,review_2024_h1,Directly parsed compliant rows from official PSX screening table. Exact index membership may differ because defaulter formatting and other exclusions are not consistently machine-readable.,False,True
MZNPETF,2025-01-03,2025-06-10,2025-01-03,official_full_screening_table,medium,review_2024_h1,Directly parsed compliant rows from official PSX screening table. Exact index membership may differ because defaulter formatting and other exclusions are not consistently machine-readable.,False,True
NATF,2025-01-03,2025-06-10,2025-01-03,official_full_screening_table,medium,review_2024_h1,Directly parsed compliant rows from official PSX screening table. Exact index membership may differ because defaulter formatting and other exclusions are not consistently machine-readable.,False,True
NATM,2025-01-03,2025-06-10,2025-01-03,official_full_screening_table,medium,review_2024_h1,Directly parsed compliant rows from official PSX screening table. Exact index membership may differ because defaulter formatting and other exclusions are not consistently machine-readable.,False,True
NCML,2025-01-03,2025-06-10,2025-01-03,official_full_screening_table,medium,review_2024_h1,Directly parsed compliant rows from official PSX screening table. Exact index membership may differ because defaulter formatting and other exclusions are not consistently machine-readable.,False,True
NESTLE,2025-01-03,2025-06-10,2025-01-03,official_full_screening_table,medium,review_2024_h1,Directly parsed compliant rows from official PSX screening table. Exact index membership may differ because defaulter formatting and other exclusions are not consistently machine-readable.,False,True
NETSOL,2025-01-03,2025-06-10,2025-01-03,official_full_screening_table,medium,review_2024_h1,Directly parsed compliant rows from official PSX screening table. Exact index membership may differ because defaulter formatting and other exclusions are not consistently machine-readable.,False,True
NML,2025-01-03,2025-06-10,2025-01-03,official_full_screening_table,medium,review_2024_h1,Directly parsed compliant rows from official PSX screening table. Exact index membership may differ because defaulter formatting and other exclusions are not consistently machine-readable.,False,True
NRL,2025-01-03,2025-06-10,2025-01-03,official_full_screening_table,medium,review_2024_h1,Directly parsed compliant rows from official PSX screening table. Exact index membership may differ because defaulter formatting and other exclusions are not consistently machine-readable.,False,True
NRSL,2025-01-03,2025-06-10,2025-01-03,official_full_screening_table,medium,review_2024_h1,Directly parsed compliant rows from official PSX screening table. Exact index membership may differ because defaulter formatting and other exclusions are not consistently machine-readable.,False,True
NSRM,2025-01-03,2025-06-10,2025-01-03,official_full_screening_table,medium,review_2024_h1,Directly parsed compliant rows from official PSX screening table. Exact index membership may differ because defaulter formatting and other exclusions are not consistently machine-readable.,False,True
OBOY,2025-01-03,2025-06-10,2025-01-03,official_full_screening_table,medium,review_2024_h1,Directly parsed compliant rows from official PSX screening table. Exact index membership may differ because defaulter formatting and other exclusions are not consistently machine-readable.,False,True
OCTOPUS,2025-01-03,2025-06-10,2025-01-03,official_full_screening_table,medium,review_2024_h1,Directly parsed compliant rows from official PSX screening table. Exact index membership may differ because defaulter formatting and other exclusions are not consistently machine-readable.,False,True
OGDC,2025-01-03,2025-06-10,2025-01-03,official_full_screening_table,medium,review_2024_h1,Directly parsed compliant rows from official PSX screening table. Exact index membership may differ because defaulter formatting and other exclusions are not consistently machine-readable.,False,True
OLPM,2025-01-03,2025-06-10,2025-01-03,official_full_screening_table,medium,review_2024_h1,Directly parsed compliant rows from official PSX screening table. Exact index membership may differ because defaulter formatting and other exclusions are not consistently machine-readable.,False,True
OML,2025-01-03,2025-06-10,2025-01-03,official_full_screening_table,medium,review_2024_h1,Directly parsed compliant rows from official PSX screening table. Exact index membership may differ because defaulter formatting and other exclusions are not consistently machine-readable.,False,True
ORM,2025-01-03,2025-06-10,2025-01-03,official_full_screening_table,medium,review_2024_h1,Directly parsed compliant rows from official PSX screening table. Exact index membership may differ because defaulter formatting and other exclusions are not consistently machine-readable.,False,True
PABC,2025-01-03,2025-06-10,2025-01-03,official_full_screening_table,medium,review_2024_h1,Directly parsed compliant rows from official PSX screening table. Exact index membership may differ because defaulter formatting and other exclusions are not consistently machine-readable.,False,True
PAEL,2025-01-03,2025-06-10,2025-01-03,official_full_screening_table,medium,review_2024_h1,Directly parsed compliant rows from official PSX screening table. Exact index membership may differ because defaulter formatting and other exclusions are not consistently machine-readable.,False,True
PAKD,2025-01-03,2025-06-10,2025-01-03,official_full_screening_table,medium,review_2024_h1,Directly parsed compliant rows from official PSX screening table. Exact index membership may differ because defaulter formatting and other exclusions are not consistently machine-readable.,False,True
PAKOXY,2025-01-03,2025-06-10,2025-01-03,official_full_screening_table,medium,review_2024_h1,Directly parsed compliant rows from official PSX screening table. Exact index membership may differ because defaulter formatting and other exclusions are not consistently machine-readable.,False,True
PIBTL,2025-01-03,2025-06-10,2025-01-03,official_full_screening_table,medium,review_2024_h1,Directly parsed compliant rows from official PSX screening table. Exact index membership may differ because defaulter formatting and other exclusions are not consistently machine-readable.,False,True
PIM,2025-01-03,2025-06-10,2025-01-03,official_full_screening_table,medium,review_2024_h1,Directly parsed compliant rows from official PSX screening table. Exact index membership may differ because defaulter formatting and other exclusions are not consistently machine-readable.,False,True
PIOC,2025-01-03,2025-06-10,2025-01-03,official_full_screening_table,medium,review_2024_h1,Directly parsed compliant rows from official PSX screening table. Exact index membership may differ because defaulter formatting and other exclusions are not consistently machine-readable.,False,True
PKGS,2025-01-03,2025-06-10,2025-01-03,official_full_screening_table,medium,review_2024_h1,Directly parsed compliant rows from official PSX screening table. Exact index membership may differ because defaulter formatting and other exclusions are not consistently machine-readable.,False,True
PMI,2025-01-03,2025-06-10,2025-01-03,official_full_screening_table,medium,review_2024_h1,Directly parsed compliant rows from official PSX screening table. Exact index membership may differ because defaulter formatting and other exclusions are not consistently machine-readable.,False,True
POML,2025-01-03,2025-06-10,2025-01-03,official_full_screening_table,medium,review_2024_h1,Directly parsed compliant rows from official PSX screening table. Exact index membership may differ because defaulter formatting and other exclusions are not consistently machine-readable.,False,True
POWER,2025-01-03,2025-06-10,2025-01-03,official_full_screening_table,medium,review_2024_h1,Directly parsed compliant rows from official PSX screening table. Exact index membership may differ because defaulter formatting and other exclusions are not consistently machine-readable.,False,True
PPL,2025-01-03,2025-06-10,2025-01-03,official_full_screening_table,medium,review_2024_h1,Directly parsed compliant rows from official PSX screening table. Exact index membership may differ because defaulter formatting and other exclusions are not consistently machine-readable.,False,True
PPP,2025-01-03,2025-06-10,2025-01-03,official_full_screening_table,medium,review_2024_h1,Directly parsed compliant rows from official PSX screening table. Exact index membership may differ because defaulter formatting and other exclusions are not consistently machine-readable.,False,True
PREMA,2025-01-03,2025-06-10,2025-01-03,official_full_screening_table,medium,review_2024_h1,Directly parsed compliant rows from official PSX screening table. Exact index membership may differ because defaulter formatting and other exclusions are not consistently machine-readable.,False,True
PRL,2025-01-03,2025-06-10,2025-01-03,official_full_screening_table,medium,review_2024_h1,Directly parsed compliant rows from official PSX screening table. Exact index membership may differ because defaulter formatting and other exclusions are not consistently machine-readable.,False,True
PSEL,2025-01-03,2025-06-10,2025-01-03,official_full_screening_table,medium,review_2024_h1,Directly parsed compliant rows from official PSX screening table. Exact index membership may differ because defaulter formatting and other exclusions are not consistently machine-readable.,False,True
PSO,2025-01-03,2025-06-10,2025-01-03,official_full_screening_table,medium,review_2024_h1,Directly parsed compliant rows from official PSX screening table. Exact index membership may differ because defaulter formatting and other exclusions are not consistently machine-readable.,False,True
PSYL,2025-01-03,2025-06-10,2025-01-03,official_full_screening_table,medium,review_2024_h1,Directly parsed compliant rows from official PSX screening table. Exact index membership may differ because defaulter formatting and other exclusions are not consistently machine-readable.,False,True
PTL,2025-01-03,2025-06-10,2025-01-03,official_full_screening_table,medium,review_2024_h1,Directly parsed compliant rows from official PSX screening table. Exact index membership may differ because defaulter formatting and other exclusions are not consistently machine-readable.,False,True
QUET,2025-01-03,2025-06-10,2025-01-03,official_full_screening_table,medium,review_2024_h1,Directly parsed compliant rows from official PSX screening table. Exact index membership may differ because defaulter formatting and other exclusions are not consistently machine-readable.,False,True
QUICE,2025-01-03,2025-06-10,2025-01-03,official_full_screening_table,medium,review_2024_h1,Directly parsed compliant rows from official PSX screening table. Exact index membership may differ because defaulter formatting and other exclusions are not consistently machine-readable.,False,True
RCML,2025-01-03,2025-06-10,2025-01-03,official_full_screening_table,medium,review_2024_h1,Directly parsed compliant rows from official PSX screening table. Exact index membership may differ because defaulter formatting and other exclusions are not consistently machine-readable.,False,True
REDCO,2025-01-03,2025-06-10,2025-01-03,official_full_screening_table,medium,review_2024_h1,Directly parsed compliant rows from official PSX screening table. Exact index membership may differ because defaulter formatting and other exclusions are not consistently machine-readable.,False,True
REWM,2025-01-03,2025-06-10,2025-01-03,official_full_screening_table,medium,review_2024_h1,Directly parsed compliant rows from official PSX screening table. Exact index membership may differ because defaulter formatting and other exclusions are not consistently machine-readable.,False,True
RMPL,2025-01-03,2025-06-10,2025-01-03,official_full_screening_table,medium,review_2024_h1,Directly parsed compliant rows from official PSX screening table. Exact index membership may differ because defaulter formatting and other exclusions are not consistently machine-readable.,False,True
RPL,2025-01-03,2025-06-10,2025-01-03,official_full_screening_table,medium,review_2024_h1,Directly parsed compliant rows from official PSX screening table. Exact index membership may differ because defaulter formatting and other exclusions are not consistently machine-readable.,False,True
RUBY,2025-01-03,2025-06-10,2025-01-03,official_full_screening_table,medium,review_2024_h1,Directly parsed compliant rows from official PSX screening table. Exact index membership may differ because defaulter formatting and other exclusions are not consistently machine-readable.,False,True
RUPL,2025-01-03,2025-06-10,2025-01-03,official_full_screening_table,medium,review_2024_h1,Directly parsed compliant rows from official PSX screening table. Exact index membership may differ because defaulter formatting and other exclusions are not consistently machine-readable.,False,True
SANSM,2025-01-03,2025-06-10,2025-01-03,official_full_screening_table,medium,review_2024_h1,Directly parsed compliant rows from official PSX screening table. Exact index membership may differ because defaulter formatting and other exclusions are not consistently machine-readable.,False,True
SARC,2025-01-03,2025-06-10,2025-01-03,official_full_screening_table,medium,review_2024_h1,Directly parsed compliant rows from official PSX screening table. Exact index membership may differ because defaulter formatting and other exclusions are not consistently machine-readable.,False,True
SASML,2025-01-03,2025-06-10,2025-01-03,official_full_screening_table,medium,review_2024_h1,Directly parsed compliant rows from official PSX screening table. Exact index membership may differ because defaulter formatting and other exclusions are not consistently machine-readable.,False,True
SAZEW,2025-01-03,2025-06-10,2025-01-03,official_full_screening_table,medium,review_2024_h1,Directly parsed compliant rows from official PSX screening table. Exact index membership may differ because defaulter formatting and other exclusions are not consistently machine-readable.,False,True
SCL,2025-01-03,2025-06-10,2025-01-03,official_full_screening_table,medium,review_2024_h1,Directly parsed compliant rows from official PSX screening table. Exact index membership may differ because defaulter formatting and other exclusions are not consistently machine-readable.,False,True
SEARL,2025-01-03,2025-06-10,2025-01-03,official_full_screening_table,medium,review_2024_h1,Directly parsed compliant rows from official PSX screening table. Exact index membership may differ because defaulter formatting and other exclusions are not consistently machine-readable.,False,True
SERT,2025-01-03,2025-06-10,2025-01-03,official_full_screening_table,medium,review_2024_h1,Directly parsed compliant rows from official PSX screening table. Exact index membership may differ because defaulter formatting and other exclusions are not consistently machine-readable.,False,True
SFL,2025-01-03,2025-06-10,2025-01-03,official_full_screening_table,medium,review_2024_h1,Directly parsed compliant rows from official PSX screening table. Exact index membership may differ because defaulter formatting and other exclusions are not consistently machine-readable.,False,True
SGABL,2025-01-03,2025-06-10,2025-01-03,official_full_screening_table,medium,review_2024_h1,Directly parsed compliant rows from official PSX screening table. Exact index membership may differ because defaulter formatting and other exclusions are not consistently machine-readable.,False,True
SGF,2025-01-03,2025-06-10,2025-01-03,official_full_screening_table,medium,review_2024_h1,Directly parsed compliant rows from official PSX screening table. Exact index membership may differ because defaulter formatting and other exclusions are not consistently machine-readable.,False,True
SHCM,2025-01-03,2025-06-10,2025-01-03,official_full_screening_table,medium,review_2024_h1,Directly parsed compliant rows from official PSX screening table. Exact index membership may differ because defaulter formatting and other exclusions are not consistently machine-readable.,False,True
SHDT,2025-01-03,2025-06-10,2025-01-03,official_full_screening_table,medium,review_2024_h1,Directly parsed compliant rows from official PSX screening table. Exact index membership may differ because defaulter formatting and other exclusions are not consistently machine-readable.,False,True
SHEL,2025-01-03,2025-06-10,2025-01-03,official_full_screening_table,medium,review_2024_h1,Directly parsed compliant rows from official PSX screening table. Exact index membership may differ because defaulter formatting and other exclusions are not consistently machine-readable.,False,True
SHEZ,2025-01-03,2025-06-10,2025-01-03,official_full_screening_table,medium,review_2024_h1,Directly parsed compliant rows from official PSX screening table. Exact index membership may differ because defaulter formatting and other exclusions are not consistently machine-readable.,False,True
SHFA,2025-01-03,2025-06-10,2025-01-03,official_full_screening_table,medium,review_2024_h1,Directly parsed compliant rows from official PSX screening table. Exact index membership may differ because defaulter formatting and other exclusions are not consistently machine-readable.,False,True
SHSML,2025-01-03,2025-06-10,2025-01-03,official_full_screening_table,medium,review_2024_h1,Directly parsed compliant rows from official PSX screening table. Exact index membership may differ because defaulter formatting and other exclusions are not consistently machine-readable.,False,True
SINDM,2025-01-03,2025-06-10,2025-01-03,official_full_screening_table,medium,review_2024_h1,Directly parsed compliant rows from official PSX screening table. Exact index membership may differ because defaulter formatting and other exclusions are not consistently machine-readable.,False,True
SITC,2025-01-03,2025-06-10,2025-01-03,official_full_screening_table,medium,review_2024_h1,Directly parsed compliant rows from official PSX screening table. Exact index membership may differ because defaulter formatting and other exclusions are not consistently machine-readable.,False,True
SKRS,2025-01-03,2025-06-10,2025-01-03,official_full_screening_table,medium,review_2024_h1,Directly parsed compliant rows from official PSX screening table. Exact index membership may differ because defaulter formatting and other exclusions are not consistently machine-readable.,False,True
SLGL,2025-01-03,2025-06-10,2025-01-03,official_full_screening_table,medium,review_2024_h1,Directly parsed compliant rows from official PSX screening table. Exact index membership may differ because defaulter formatting and other exclusions are not consistently machine-readable.,False,True
SMCPL,2025-01-03,2025-06-10,2025-01-03,official_full_screening_table,medium,review_2024_h1,Directly parsed compliant rows from official PSX screening table. Exact index membership may differ because defaulter formatting and other exclusions are not consistently machine-readable.,False,True
SML,2025-01-03,2025-06-10,2025-01-03,official_full_screening_table,medium,review_2024_h1,Directly parsed compliant rows from official PSX screening table. Exact index membership may differ because defaulter formatting and other exclusions are not consistently machine-readable.,False,True
SNAI,2025-01-03,2025-06-10,2025-01-03,official_full_screening_table,medium,review_2024_h1,Directly parsed compliant rows from official PSX screening table. Exact index membership may differ because defaulter formatting and other exclusions are not consistently machine-readable.,False,True
SNGP,2025-01-03,2025-06-10,2025-01-03,official_full_screening_table,medium,review_2024_h1,Directly parsed compliant rows from official PSX screening table. Exact index membership may differ because defaulter formatting and other exclusions are not consistently machine-readable.,False,True
SPEL,2025-01-03,2025-06-10,2025-01-03,official_full_screening_table,medium,review_2024_h1,Directly parsed compliant rows from official PSX screening table. Exact index membership may differ because defaulter formatting and other exclusions are not consistently machine-readable.,False,True
SPL,2025-01-03,2025-06-10,2025-01-03,official_full_screening_table,medium,review_2024_h1,Directly parsed compliant rows from official PSX screening table. Exact index membership may differ because defaulter formatting and other exclusions are not consistently machine-readable.,False,True
SSGC,2025-01-03,2025-06-10,2025-01-03,official_full_screening_table,medium,review_2024_h1,Directly parsed compliant rows from official PSX screening table. Exact index membership may differ because defaulter formatting and other exclusions are not consistently machine-readable.,False,True
SSML,2025-01-03,2025-06-10,2025-01-03,official_full_screening_table,medium,review_2024_h1,Directly parsed compliant rows from official PSX screening table. Exact index membership may differ because defaulter formatting and other exclusions are not consistently machine-readable.,False,True
SSOM,2025-01-03,2025-06-10,2025-01-03,official_full_screening_table,medium,review_2024_h1,Directly parsed compliant rows from official PSX screening table. Exact index membership may differ because defaulter formatting and other exclusions are not consistently machine-readable.,False,True
STCL,2025-01-03,2025-06-10,2025-01-03,official_full_screening_table,medium,review_2024_h1,Directly parsed compliant rows from official PSX screening table. Exact index membership may differ because defaulter formatting and other exclusions are not consistently machine-readable.,False,True
STJT,2025-01-03,2025-06-10,2025-01-03,official_full_screening_table,medium,review_2024_h1,Directly parsed compliant rows from official PSX screening table. Exact index membership may differ because defaulter formatting and other exclusions are not consistently machine-readable.,False,True
STML,2025-01-03,2025-06-10,2025-01-03,official_full_screening_table,medium,review_2024_h1,Directly parsed compliant rows from official PSX screening table. Exact index membership may differ because defaulter formatting and other exclusions are not consistently machine-readable.,False,True
SUHJ,2025-01-03,2025-06-10,2025-01-03,official_full_screening_table,medium,review_2024_h1,Directly parsed compliant rows from official PSX screening table. Exact index membership may differ because defaulter formatting and other exclusions are not consistently machine-readable.,False,True
SURC,2025-01-03,2025-06-10,2025-01-03,official_full_screening_table,medium,review_2024_h1,Directly parsed compliant rows from official PSX screening table. Exact index membership may differ because defaulter formatting and other exclusions are not consistently machine-readable.,False,True
SUTM,2025-01-03,2025-06-10,2025-01-03,official_full_screening_table,medium,review_2024_h1,Directly parsed compliant rows from official PSX screening table. Exact index membership may differ because defaulter formatting and other exclusions are not consistently machine-readable.,False,True
SYM,2025-01-03,2025-06-10,2025-01-03,official_full_screening_table,medium,review_2024_h1,Directly parsed compliant rows from official PSX screening table. Exact index membership may differ because defaulter formatting and other exclusions are not consistently machine-readable.,False,True
SYS,2025-01-03,2025-06-10,2025-01-03,official_full_screening_table,medium,review_2024_h1,Directly parsed compliant rows from official PSX screening table. Exact index membership may differ because defaulter formatting and other exclusions are not consistently machine-readable.,False,True
SZTM,2025-01-03,2025-06-10,2025-01-03,official_full_screening_table,medium,review_2024_h1,Directly parsed compliant rows from official PSX screening table. Exact index membership may differ because defaulter formatting and other exclusions are not consistently machine-readable.,False,True
TCORP,2025-01-03,2025-06-10,2025-01-03,official_full_screening_table,medium,review_2024_h1,Directly parsed compliant rows from official PSX screening table. Exact index membership may differ because defaulter formatting and other exclusions are not consistently machine-readable.,False,True
TELE,2025-01-03,2025-06-10,2025-01-03,official_full_screening_table,medium,review_2024_h1,Directly parsed compliant rows from official PSX screening table. Exact index membership may differ because defaulter formatting and other exclusions are not consistently machine-readable.,False,True
TGL,2025-01-03,2025-06-10,2025-01-03,official_full_screening_table,medium,review_2024_h1,Directly parsed compliant rows from official PSX screening table. Exact index membership may differ because defaulter formatting and other exclusions are not consistently machine-readable.,False,True
THCCL,2025-01-03,2025-06-10,2025-01-03,official_full_screening_table,medium,review_2024_h1,Directly parsed compliant rows from official PSX screening table. Exact index membership may differ because defaulter formatting and other exclusions are not consistently machine-readable.,False,True
TOMCL,2025-01-03,2025-06-10,2025-01-03,official_full_screening_table,medium,review_2024_h1,Directly parsed compliant rows from official PSX screening table. Exact index membership may differ because defaulter formatting and other exclusions are not consistently machine-readable.,False,True
TOWL,2025-01-03,2025-06-10,2025-01-03,official_full_screening_table,medium,review_2024_h1,Directly parsed compliant rows from official PSX screening table. Exact index membership may differ because defaulter formatting and other exclusions are not consistently machine-readable.,False,True
TPLP,2025-01-03,2025-06-10,2025-01-03,official_full_screening_table,medium,review_2024_h1,Directly parsed compliant rows from official PSX screening table. Exact index membership may differ because defaulter formatting and other exclusions are not consistently machine-readable.,False,True
TPLRF1,2025-01-03,2025-06-10,2025-01-03,official_full_screening_table,medium,review_2024_h1,Directly parsed compliant rows from official PSX screening table. Exact index membership may differ because defaulter formatting and other exclusions are not consistently machine-readable.,False,True
TPLT,2025-01-03,2025-06-10,2025-01-03,official_full_screening_table,medium,review_2024_h1,Directly parsed compliant rows from official PSX screening table. Exact index membership may differ because defaulter formatting and other exclusions are not consistently machine-readable.,False,True
TREET,2025-01-03,2025-06-10,2025-01-03,official_full_screening_table,medium,review_2024_h1,Directly parsed compliant rows from official PSX screening table. Exact index membership may differ because defaulter formatting and other exclusions are not consistently machine-readable.,False,True
TRSM,2025-01-03,2025-06-10,2025-01-03,official_full_screening_table,medium,review_2024_h1,Directly parsed compliant rows from official PSX screening table. Exact index membership may differ because defaulter formatting and other exclusions are not consistently machine-readable.,False,True
UBDL,2025-01-03,2025-06-10,2025-01-03,official_full_screening_table,medium,review_2024_h1,Directly parsed compliant rows from official PSX screening table. Exact index membership may differ because defaulter formatting and other exclusions are not consistently machine-readable.,False,True
UCAPM,2025-01-03,2025-06-10,2025-01-03,official_full_screening_table,medium,review_2024_h1,Directly parsed compliant rows from official PSX screening table. Exact index membership may differ because defaulter formatting and other exclusions are not consistently machine-readable.,False,True
UDPL,2025-01-03,2025-06-10,2025-01-03,official_full_screening_table,medium,review_2024_h1,Directly parsed compliant rows from official PSX screening table. Exact index membership may differ because defaulter formatting and other exclusions are not consistently machine-readable.,False,True
UNITY,2025-01-03,2025-06-10,2025-01-03,official_full_screening_table,medium,review_2024_h1,Directly parsed compliant rows from official PSX screening table. Exact index membership may differ because defaulter formatting and other exclusions are not consistently machine-readable.,False,True
UPFL,2025-01-03,2025-06-10,2025-01-03,official_full_screening_table,medium,review_2024_h1,Directly parsed compliant rows from official PSX screening table. Exact index membership may differ because defaulter formatting and other exclusions are not consistently machine-readable.,False,True
WAHN,2025-01-03,2025-06-10,2025-01-03,official_full_screening_table,medium,review_2024_h1,Directly parsed compliant rows from official PSX screening table. Exact index membership may differ because defaulter formatting and other exclusions are not consistently machine-readable.,False,True
WAVES,2025-01-03,2025-06-10,2025-01-03,official_full_screening_table,medium,review_2024_h1,Directly parsed compliant rows from official PSX screening table. Exact index membership may differ because defaulter formatting and other exclusions are not consistently machine-readable.,False,True
WAVESAPP,2025-01-03,2025-06-10,2025-01-03,official_full_screening_table,medium,review_2024_h1,Directly parsed compliant rows from official PSX screening table. Exact index membership may differ because defaulter formatting and other exclusions are not consistently machine-readable.,False,True
YOUW,2025-01-03,2025-06-10,2025-01-03,official_full_screening_table,medium,review_2024_h1,Directly parsed compliant rows from official PSX screening table. Exact index membership may differ because defaulter formatting and other exclusions are not consistently machine-readable.,False,True
ZAHID,2025-01-03,2025-06-10,2025-01-03,official_full_screening_table,medium,review_2024_h1,Directly parsed compliant rows from official PSX screening table. Exact index membership may differ because defaulter formatting and other exclusions are not consistently machine-readable.,False,True
ZIL,2025-01-03,2025-06-10,2025-01-03,official_full_screening_table,medium,review_2024_h1,Directly parsed compliant rows from official PSX screening table. Exact index membership may differ because defaulter formatting and other exclusions are not consistently machine-readable.,False,True
ZTL,2025-01-03,2025-06-10,2025-01-03,official_full_screening_table,medium,review_2024_h1,Directly parsed compliant rows from official PSX screening table. Exact index membership may differ because defaulter formatting and other exclusions are not consistently machine-readable.,False,True
AABS,2025-06-10,2025-12-02,2025-01-03,carried_forward_screening_snapshot,low,review_2024_h1,Carried forward from 2025-01-03; no trustworthy full screening table was available for this notice date.,False,True
ABOT,2025-06-10,2025-12-02,2025-01-03,carried_forward_screening_snapshot,low,review_2024_h1,Carried forward from 2025-01-03; no trustworthy full screening table was available for this notice date.,False,True
ACPL,2025-06-10,2025-12-02,2025-01-03,carried_forward_screening_snapshot,low,review_2024_h1,Carried forward from 2025-01-03; no trustworthy full screening table was available for this notice date.,False,True
ADAMS,2025-06-10,2025-12-02,2025-01-03,carried_forward_screening_snapshot,low,review_2024_h1,Carried forward from 2025-01-03; no trustworthy full screening table was available for this notice date.,False,True
AGIL,2025-06-10,2025-12-02,2025-01-03,carried_forward_screening_snapshot,low,review_2024_h1,Carried forward from 2025-01-03; no trustworthy full screening table was available for this notice date.,False,True
AGP,2025-06-10,2025-12-02,2025-01-03,carried_forward_screening_snapshot,low,review_2024_h1,Carried forward from 2025-01-03; no trustworthy full screening table was available for this notice date.,False,True
AGSML,2025-06-10,2025-12-02,2025-01-03,carried_forward_screening_snapshot,low,review_2024_h1,Carried forward from 2025-01-03; no trustworthy full screening table was available for this notice date.,False,True
AGTL,2025-06-10,2025-12-02,2025-01-03,carried_forward_screening_snapshot,low,review_2024_h1,Carried forward from 2025-01-03; no trustworthy full screening table was available for this notice date.,False,True
AHTM,2025-06-10,2025-12-02,2025-01-03,carried_forward_screening_snapshot,low,review_2024_h1,Carried forward from 2025-01-03; no trustworthy full screening table was available for this notice date.,False,True
AIRLINK,2025-06-10,2025-12-02,2025-01-03,carried_forward_screening_snapshot,low,review_2024_h1,Carried forward from 2025-01-03; no trustworthy full screening table was available for this notice date.,False,True
AKGL,2025-06-10,2025-12-02,2025-01-03,carried_forward_screening_snapshot,low,review_2024_h1,Carried forward from 2025-01-03; no trustworthy full screening table was available for this notice date.,False,True
ALNRS,2025-06-10,2025-12-02,2025-01-03,carried_forward_screening_snapshot,low,review_2024_h1,Carried forward from 2025-01-03; no trustworthy full screening table was available for this notice date.,False,True
ANL,2025-06-10,2025-12-02,2025-01-03,carried_forward_screening_snapshot,low,review_2024_h1,Carried forward from 2025-01-03; no trustworthy full screening table was available for this notice date.,False,True
ANTM,2025-06-10,2025-12-02,2025-01-03,carried_forward_screening_snapshot,low,review_2024_h1,Carried forward from 2025-01-03; no trustworthy full screening table was available for this notice date.,False,True
APL,2025-06-10,2025-12-02,2025-01-03,carried_forward_screening_snapshot,low,review_2024_h1,Carried forward from 2025-01-03; no trustworthy full screening table was available for this notice date.,False,True
ARCTM,2025-06-10,2025-12-02,2025-01-03,carried_forward_screening_snapshot,low,review_2024_h1,Carried forward from 2025-01-03; no trustworthy full screening table was available for this notice date.,False,True
ARPL,2025-06-10,2025-12-02,2025-01-03,carried_forward_screening_snapshot,low,review_2024_h1,Carried forward from 2025-01-03; no trustworthy full screening table was available for this notice date.,False,True
ASC,2025-06-10,2025-12-02,2025-01-03,carried_forward_screening_snapshot,low,review_2024_h1,Carried forward from 2025-01-03; no trustworthy full screening table was available for this notice date.,False,True
ASHT,2025-06-10,2025-12-02,2025-01-03,carried_forward_screening_snapshot,low,review_2024_h1,Carried forward from 2025-01-03; no trustworthy full screening table was available for this notice date.,False,True
ASTL,2025-06-10,2025-12-02,2025-01-03,carried_forward_screening_snapshot,low,review_2024_h1,Carried forward from 2025-01-03; no trustworthy full screening table was available for this notice date.,False,True
ASTM,2025-06-10,2025-12-02,2025-01-03,carried_forward_screening_snapshot,low,review_2024_h1,Carried forward from 2025-01-03; no trustworthy full screening table was available for this notice date.,False,True
ATBA,2025-06-10,2025-12-02,2025-01-03,carried_forward_screening_snapshot,low,review_2024_h1,Carried forward from 2025-01-03; no trustworthy full screening table was available for this notice date.,False,True
ATLH,2025-06-10,2025-12-02,2025-01-03,carried_forward_screening_snapshot,low,review_2024_h1,Carried forward from 2025-01-03; no trustworthy full screening table was available for this notice date.,False,True
ATRL,2025-06-10,2025-12-02,2025-01-03,carried_forward_screening_snapshot,low,review_2024_h1,Carried forward from 2025-01-03; no trustworthy full screening table was available for this notice date.,False,True
AVN,2025-06-10,2025-12-02,2025-01-03,carried_forward_screening_snapshot,low,review_2024_h1,Carried forward from 2025-01-03; no trustworthy full screening table was available for this notice date.,False,True
AWTX,2025-06-10,2025-12-02,2025-01-03,carried_forward_screening_snapshot,low,review_2024_h1,Carried forward from 2025-01-03; no trustworthy full screening table was available for this notice date.,False,True
BATA,2025-06-10,2025-12-02,2025-01-03,carried_forward_screening_snapshot,low,review_2024_h1,Carried forward from 2025-01-03; no trustworthy full screening table was available for this notice date.,False,True
BBFL,2025-06-10,2025-12-02,2025-01-03,carried_forward_screening_snapshot,low,review_2024_h1,Carried forward from 2025-01-03; no trustworthy full screening table was available for this notice date.,False,True
BCL,2025-06-10,2025-12-02,2025-01-03,carried_forward_screening_snapshot,low,review_2024_h1,Carried forward from 2025-01-03; no trustworthy full screening table was available for this notice date.,False,True
BECO,2025-06-10,2025-12-02,2025-01-03,carried_forward_screening_snapshot,low,review_2024_h1,Carried forward from 2025-01-03; no trustworthy full screening table was available for this notice date.,False,True
BERG,2025-06-10,2025-12-02,2025-01-03,carried_forward_screening_snapshot,low,review_2024_h1,Carried forward from 2025-01-03; no trustworthy full screening table was available for this notice date.,False,True
BFBIO,2025-06-10,2025-12-02,2025-01-03,carried_forward_screening_snapshot,low,review_2024_h1,Carried forward from 2025-01-03; no trustworthy full screening table was available for this notice date.,False,True
BFMOD,2025-06-10,2025-12-02,2025-01-03,carried_forward_screening_snapshot,low,review_2024_h1,Carried forward from 2025-01-03; no trustworthy full screening table was available for this notice date.,False,True
BGL,2025-06-10,2025-12-02,2025-01-03,carried_forward_screening_snapshot,low,review_2024_h1,Carried forward from 2025-01-03; no trustworthy full screening table was available for this notice date.,False,True
BIFO,2025-06-10,2025-12-02,2025-01-03,carried_forward_screening_snapshot,low,review_2024_h1,Carried forward from 2025-01-03; no trustworthy full screening table was available for this notice date.,False,True
BIPL,2025-06-10,2025-12-02,2025-01-03,carried_forward_screening_snapshot,low,review_2024_h1,Carried forward from 2025-01-03; no trustworthy full screening table was available for this notice date.,False,True
BNL,2025-06-10,2025-12-02,2025-01-03,carried_forward_screening_snapshot,low,review_2024_h1,Carried forward from 2025-01-03; no trustworthy full screening table was available for this notice date.,False,True
BNWM,2025-06-10,2025-12-02,2025-01-03,carried_forward_screening_snapshot,low,review_2024_h1,Carried forward from 2025-01-03; no trustworthy full screening table was available for this notice date.,False,True
BPL,2025-06-10,2025-12-02,2025-01-03,carried_forward_screening_snapshot,low,review_2024_h1,Carried forward from 2025-01-03; no trustworthy full screening table was available for this notice date.,False,True
BRRG,2025-06-10,2025-12-02,2025-01-03,carried_forward_screening_snapshot,low,review_2024_h1,Carried forward from 2025-01-03; no trustworthy full screening table was available for this notice date.,False,True
BTL,2025-06-10,2025-12-02,2025-01-03,carried_forward_screening_snapshot,low,review_2024_h1,Carried forward from 2025-01-03; no trustworthy full screening table was available for this notice date.,False,True
BUXL,2025-06-10,2025-12-02,2025-01-03,carried_forward_screening_snapshot,low,review_2024_h1,Carried forward from 2025-01-03; no trustworthy full screening table was available for this notice date.,False,True
BWCL,2025-06-10,2025-12-02,2025-01-03,carried_forward_screening_snapshot,low,review_2024_h1,Carried forward from 2025-01-03; no trustworthy full screening table was available for this notice date.,False,True
BWHL,2025-06-10,2025-12-02,2025-01-03,carried_forward_screening_snapshot,low,review_2024_h1,Carried forward from 2025-01-03; no trustworthy full screening table was available for this notice date.,False,True
CCM,2025-06-10,2025-12-02,2025-01-03,carried_forward_screening_snapshot,low,review_2024_h1,Carried forward from 2025-01-03; no trustworthy full screening table was available for this notice date.,False,True
CEPB,2025-06-10,2025-12-02,2025-01-03,carried_forward_screening_snapshot,low,review_2024_h1,Carried forward from 2025-01-03; no trustworthy full screening table was available for this notice date.,False,True
CFL,2025-06-10,2025-12-02,2025-01-03,carried_forward_screening_snapshot,low,review_2024_h1,Carried forward from 2025-01-03; no trustworthy full screening table was available for this notice date.,False,True
CHCC,2025-06-10,2025-12-02,2025-01-03,carried_forward_screening_snapshot,low,review_2024_h1,Carried forward from 2025-01-03; no trustworthy full screening table was available for this notice date.,False,True
CLOV,2025-06-10,2025-12-02,2025-01-03,carried_forward_screening_snapshot,low,review_2024_h1,Carried forward from 2025-01-03; no trustworthy full screening table was available for this notice date.,False,True
CLVL,2025-06-10,2025-12-02,2025-01-03,carried_forward_screening_snapshot,low,review_2024_h1,Carried forward from 2025-01-03; no trustworthy full screening table was available for this notice date.,False,True
CNERGY,2025-06-10,2025-12-02,2025-01-03,carried_forward_screening_snapshot,low,review_2024_h1,Carried forward from 2025-01-03; no trustworthy full screening table was available for this notice date.,False,True
CPHL,2025-06-10,2025-12-02,2025-01-03,carried_forward_screening_snapshot,low,review_2024_h1,Carried forward from 2025-01-03; no trustworthy full screening table was available for this notice date.,False,True
CPPL,2025-06-10,2025-12-02,2025-01-03,carried_forward_screening_snapshot,low,review_2024_h1,Carried forward from 2025-01-03; no trustworthy full screening table was available for this notice date.,False,True
CRTM,2025-06-10,2025-12-02,2025-01-03,carried_forward_screening_snapshot,low,review_2024_h1,Carried forward from 2025-01-03; no trustworthy full screening table was available for this notice date.,False,True
CSAP,2025-06-10,2025-12-02,2025-01-03,carried_forward_screening_snapshot,low,review_2024_h1,Carried forward from 2025-01-03; no trustworthy full screening table was available for this notice date.,False,True
CTM,2025-06-10,2025-12-02,2025-01-03,carried_forward_screening_snapshot,low,review_2024_h1,Carried forward from 2025-01-03; no trustworthy full screening table was available for this notice date.,False,True
DAAG,2025-06-10,2025-12-02,2025-01-03,carried_forward_screening_snapshot,low,review_2024_h1,Carried forward from 2025-01-03; no trustworthy full screening table was available for this notice date.,False,True
DADX,2025-06-10,2025-12-02,2025-01-03,carried_forward_screening_snapshot,low,review_2024_h1,Carried forward from 2025-01-03; no trustworthy full screening table was available for this notice date.,False,True
DAWH,2025-06-10,2025-12-02,2025-01-03,carried_forward_screening_snapshot,low,review_2024_h1,Carried forward from 2025-01-03; no trustworthy full screening table was available for this notice date.,False,True
DBSL,2025-06-10,2025-12-02,2025-01-03,carried_forward_screening_snapshot,low,review_2024_h1,Carried forward from 2025-01-03; no trustworthy full screening table was available for this notice date.,False,True
DCL,2025-06-10,2025-12-02,2025-01-03,carried_forward_screening_snapshot,low,review_2024_h1,Carried forward from 2025-01-03; no trustworthy full screening table was available for this notice date.,False,True
DCR,2025-06-10,2025-12-02,2025-01-03,carried_forward_screening_snapshot,low,review_2024_h1,Carried forward from 2025-01-03; no trustworthy full screening table was available for this notice date.,False,True
DFSM,2025-06-10,2025-12-02,2025-01-03,carried_forward_screening_snapshot,low,review_2024_h1,Carried forward from 2025-01-03; no trustworthy full screening table was available for this notice date.,False,True
DGKC,2025-06-10,2025-12-02,2025-01-03,carried_forward_screening_snapshot,low,review_2024_h1,Carried forward from 2025-01-03; no trustworthy full screening table was available for this notice date.,False,True
DIIL,2025-06-10,2025-12-02,2025-01-03,carried_forward_screening_snapshot,low,review_2024_h1,Carried forward from 2025-01-03; no trustworthy full screening table was available for this notice date.,False,True
DINT,2025-06-10,2025-12-02,2025-01-03,carried_forward_screening_snapshot,low,review_2024_h1,Carried forward from 2025-01-03; no trustworthy full screening table was available for this notice date.,False,True
DMTX,2025-06-10,2025-12-02,2025-01-03,carried_forward_screening_snapshot,low,review_2024_h1,Carried forward from 2025-01-03; no trustworthy full screening table was available for this notice date.,False,True
DNCC,2025-06-10,2025-12-02,2025-01-03,carried_forward_screening_snapshot,low,review_2024_h1,Carried forward from 2025-01-03; no trustworthy full screening table was available for this notice date.,False,True
DOL,2025-06-10,2025-12-02,2025-01-03,carried_forward_screening_snapshot,low,review_2024_h1,Carried forward from 2025-01-03; no trustworthy full screening table was available for this notice date.,False,True
DWSM,2025-06-10,2025-12-02,2025-01-03,carried_forward_screening_snapshot,low,review_2024_h1,Carried forward from 2025-01-03; no trustworthy full screening table was available for this notice date.,False,True
DYNO,2025-06-10,2025-12-02,2025-01-03,carried_forward_screening_snapshot,low,review_2024_h1,Carried forward from 2025-01-03; no trustworthy full screening table was available for this notice date.,False,True
EFERT,2025-06-10,2025-12-02,2025-01-03,carried_forward_screening_snapshot,low,review_2024_h1,Carried forward from 2025-01-03; no trustworthy full screening table was available for this notice date.,False,True
ELCM,2025-06-10,2025-12-02,2025-01-03,carried_forward_screening_snapshot,low,review_2024_h1,Carried forward from 2025-01-03; no trustworthy full screening table was available for this notice date.,False,True
EMCO,2025-06-10,2025-12-02,2025-01-03,carried_forward_screening_snapshot,low,review_2024_h1,Carried forward from 2025-01-03; no trustworthy full screening table was available for this notice date.,False,True
ENGRO,2025-06-10,2025-12-02,2025-01-03,carried_forward_screening_snapshot,low,review_2024_h1,Carried forward from 2025-01-03; no trustworthy full screening table was available for this notice date.,False,True
EPCL,2025-06-10,2025-12-02,2025-01-03,carried_forward_screening_snapshot,low,review_2024_h1,Carried forward from 2025-01-03; no trustworthy full screening table was available for this notice date.,False,True
EXIDE,2025-06-10,2025-12-02,2025-01-03,carried_forward_screening_snapshot,low,review_2024_h1,Carried forward from 2025-01-03; no trustworthy full screening table was available for this notice date.,False,True
FABL,2025-06-10,2025-12-02,2025-01-03,carried_forward_screening_snapshot,low,review_2024_h1,Carried forward from 2025-01-03; no trustworthy full screening table was available for this notice date.,False,True
FANM,2025-06-10,2025-12-02,2025-01-03,carried_forward_screening_snapshot,low,review_2024_h1,Carried forward from 2025-01-03; no trustworthy full screening table was available for this notice date.,False,True
FATIMA,2025-06-10,2025-12-02,2025-01-03,carried_forward_screening_snapshot,low,review_2024_h1,Carried forward from 2025-01-03; no trustworthy full screening table was available for this notice date.,False,True
FCCL,2025-06-10,2025-12-02,2025-01-03,carried_forward_screening_snapshot,low,review_2024_h1,Carried forward from 2025-01-03; no trustworthy full screening table was available for this notice date.,False,True
FCEPL,2025-06-10,2025-12-02,2025-01-03,carried_forward_screening_snapshot,low,review_2024_h1,Carried forward from 2025-01-03; no trustworthy full screening table was available for this notice date.,False,True
FCL,2025-06-10,2025-12-02,2025-01-03,carried_forward_screening_snapshot,low,review_2024_h1,Carried forward from 2025-01-03; no trustworthy full screening table was available for this notice date.,False,True
FECM,2025-06-10,2025-12-02,2025-01-03,carried_forward_screening_snapshot,low,review_2024_h1,Carried forward from 2025-01-03; no trustworthy full screening table was available for this notice date.,False,True
FECTC,2025-06-10,2025-12-02,2025-01-03,carried_forward_screening_snapshot,low,review_2024_h1,Carried forward from 2025-01-03; no trustworthy full screening table was available for this notice date.,False,True
FEM,2025-06-10,2025-12-02,2025-01-03,carried_forward_screening_snapshot,low,review_2024_h1,Carried forward from 2025-01-03; no trustworthy full screening table was available for this notice date.,False,True
FEROZ,2025-06-10,2025-12-02,2025-01-03,carried_forward_screening_snapshot,low,review_2024_h1,Carried forward from 2025-01-03; no trustworthy full screening table was available for this notice date.,False,True
FFL,2025-06-10,2025-12-02,2025-01-03,carried_forward_screening_snapshot,low,review_2024_h1,Carried forward from 2025-01-03; no trustworthy full screening table was available for this notice date.,False,True
FFLM,2025-06-10,2025-12-02,2025-01-03,carried_forward_screening_snapshot,low,review_2024_h1,Carried forward from 2025-01-03; no trustworthy full screening table was available for this notice date.,False,True
FHAM,2025-06-10,2025-12-02,2025-01-03,carried_forward_screening_snapshot,low,review_2024_h1,Carried forward from 2025-01-03; no trustworthy full screening table was available for this notice date.,False,True
FIBLM,2025-06-10,2025-12-02,2025-01-03,carried_forward_screening_snapshot,low,review_2024_h1,Carried forward from 2025-01-03; no trustworthy full screening table was available for this notice date.,False,True
FIL,2025-06-10,2025-12-02,2025-01-03,carried_forward_screening_snapshot,low,review_2024_h1,Carried forward from 2025-01-03; no trustworthy full screening table was available for this notice date.,False,True
FIMM,2025-06-10,2025-12-02,2025-01-03,carried_forward_screening_snapshot,low,review_2024_h1,Carried forward from 2025-01-03; no trustworthy full screening table was available for this notice date.,False,True
FLYNG,2025-06-10,2025-12-02,2025-01-03,carried_forward_screening_snapshot,low,review_2024_h1,Carried forward from 2025-01-03; no trustworthy full screening table was available for this notice date.,False,True
FML,2025-06-10,2025-12-02,2025-01-03,carried_forward_screening_snapshot,low,review_2024_h1,Carried forward from 2025-01-03; no trustworthy full screening table was available for this notice date.,False,True
FNBM,2025-06-10,2025-12-02,2025-01-03,carried_forward_screening_snapshot,low,review_2024_h1,Carried forward from 2025-01-03; no trustworthy full screening table was available for this notice date.,False,True
FPJM,2025-06-10,2025-12-02,2025-01-03,carried_forward_screening_snapshot,low,review_2024_h1,Carried forward from 2025-01-03; no trustworthy full screening table was available for this notice date.,False,True
FPRM,2025-06-10,2025-12-02,2025-01-03,carried_forward_screening_snapshot,low,review_2024_h1,Carried forward from 2025-01-03; no trustworthy full screening table was available for this notice date.,False,True
FRCL,2025-06-10,2025-12-02,2025-01-03,carried_forward_screening_snapshot,low,review_2024_h1,Carried forward from 2025-01-03; no trustworthy full screening table was available for this notice date.,False,True
FRSM,2025-06-10,2025-12-02,2025-01-03,carried_forward_screening_snapshot,low,review_2024_h1,Carried forward from 2025-01-03; no trustworthy full screening table was available for this notice date.,False,True
FTMM,2025-06-10,2025-12-02,2025-01-03,carried_forward_screening_snapshot,low,review_2024_h1,Carried forward from 2025-01-03; no trustworthy full screening table was available for this notice date.,False,True
FTSM,2025-06-10,2025-12-02,2025-01-03,carried_forward_screening_snapshot,low,review_2024_h1,Carried forward from 2025-01-03; no trustworthy full screening table was available for this notice date.,False,True
FZCM,2025-06-10,2025-12-02,2025-01-03,carried_forward_screening_snapshot,low,review_2024_h1,Carried forward from 2025-01-03; no trustworthy full screening table was available for this notice date.,False,True
GAL,2025-06-10,2025-12-02,2025-01-03,carried_forward_screening_snapshot,low,review_2024_h1,Carried forward from 2025-01-03; no trustworthy full screening table was available for this notice date.,False,True
GAMON,2025-06-10,2025-12-02,2025-01-03,carried_forward_screening_snapshot,low,review_2024_h1,Carried forward from 2025-01-03; no trustworthy full screening table was available for this notice date.,False,True
GATI,2025-06-10,2025-12-02,2025-01-03,carried_forward_screening_snapshot,low,review_2024_h1,Carried forward from 2025-01-03; no trustworthy full screening table was available for this notice date.,False,True
GATM,2025-06-10,2025-12-02,2025-01-03,carried_forward_screening_snapshot,low,review_2024_h1,Carried forward from 2025-01-03; no trustworthy full screening table was available for this notice date.,False,True
GEMBLUEX,2025-06-10,2025-12-02,2025-01-03,carried_forward_screening_snapshot,low,review_2024_h1,Carried forward from 2025-01-03; no trustworthy full screening table was available for this notice date.,False,True
GEMMEL,2025-06-10,2025-12-02,2025-01-03,carried_forward_screening_snapshot,low,review_2024_h1,Carried forward from 2025-01-03; no trustworthy full screening table was available for this notice date.,False,True
GEMPAPL,2025-06-10,2025-12-02,2025-01-03,carried_forward_screening_snapshot,low,review_2024_h1,Carried forward from 2025-01-03; no trustworthy full screening table was available for this notice date.,False,True
GEMSPNL,2025-06-10,2025-12-02,2025-01-03,carried_forward_screening_snapshot,low,review_2024_h1,Carried forward from 2025-01-03; no trustworthy full screening table was available for this notice date.,False,True
GFIL,2025-06-10,2025-12-02,2025-01-03,carried_forward_screening_snapshot,low,review_2024_h1,Carried forward from 2025-01-03; no trustworthy full screening table was available for this notice date.,False,True
GGGL,2025-06-10,2025-12-02,2025-01-03,carried_forward_screening_snapshot,low,review_2024_h1,Carried forward from 2025-01-03; no trustworthy full screening table was available for this notice date.,False,True
GGL,2025-06-10,2025-12-02,2025-01-03,carried_forward_screening_snapshot,low,review_2024_h1,Carried forward from 2025-01-03; no trustworthy full screening table was available for this notice date.,False,True
GHGL,2025-06-10,2025-12-02,2025-01-03,carried_forward_screening_snapshot,low,review_2024_h1,Carried forward from 2025-01-03; no trustworthy full screening table was available for this notice date.,False,True
GHNI,2025-06-10,2025-12-02,2025-01-03,carried_forward_screening_snapshot,low,review_2024_h1,Carried forward from 2025-01-03; no trustworthy full screening table was available for this notice date.,False,True
GIL,2025-06-10,2025-12-02,2025-01-03,carried_forward_screening_snapshot,low,review_2024_h1,Carried forward from 2025-01-03; no trustworthy full screening table was available for this notice date.,False,True
GLAXO,2025-06-10,2025-12-02,2025-01-03,carried_forward_screening_snapshot,low,review_2024_h1,Carried forward from 2025-01-03; no trustworthy full screening table was available for this notice date.,False,True
GOC,2025-06-10,2025-12-02,2025-01-03,carried_forward_screening_snapshot,low,review_2024_h1,Carried forward from 2025-01-03; no trustworthy full screening table was available for this notice date.,False,True
GTYR,2025-06-10,2025-12-02,2025-01-03,carried_forward_screening_snapshot,low,review_2024_h1,Carried forward from 2025-01-03; no trustworthy full screening table was available for this notice date.,False,True
GVGL,2025-06-10,2025-12-02,2025-01-03,carried_forward_screening_snapshot,low,review_2024_h1,Carried forward from 2025-01-03; no trustworthy full screening table was available for this notice date.,False,True
GWLC,2025-06-10,2025-12-02,2025-01-03,carried_forward_screening_snapshot,low,review_2024_h1,Carried forward from 2025-01-03; no trustworthy full screening table was available for this notice date.,False,True
HAEL,2025-06-10,2025-12-02,2025-01-03,carried_forward_screening_snapshot,low,review_2024_h1,Carried forward from 2025-01-03; no trustworthy full screening table was available for this notice date.,False,True
HAFL,2025-06-10,2025-12-02,2025-01-03,carried_forward_screening_snapshot,low,review_2024_h1,Carried forward from 2025-01-03; no trustworthy full screening table was available for this notice date.,False,True
HALEON,2025-06-10,2025-12-02,2025-01-03,carried_forward_screening_snapshot,low,review_2024_h1,Carried forward from 2025-01-03; no trustworthy full screening table was available for this notice date.,False,True
HATM,2025-06-10,2025-12-02,2025-01-03,carried_forward_screening_snapshot,low,review_2024_h1,Carried forward from 2025-01-03; no trustworthy full screening table was available for this notice date.,False,True
HCAR,2025-06-10,2025-12-02,2025-01-03,carried_forward_screening_snapshot,low,review_2024_h1,Carried forward from 2025-01-03; no trustworthy full screening table was available for this notice date.,False,True
HINO,2025-06-10,2025-12-02,2025-01-03,carried_forward_screening_snapshot,low,review_2024_h1,Carried forward from 2025-01-03; no trustworthy full screening table was available for this notice date.,False,True
HINOON,2025-06-10,2025-12-02,2025-01-03,carried_forward_screening_snapshot,low,review_2024_h1,Carried forward from 2025-01-03; no trustworthy full screening table was available for this notice date.,False,True
HPL,2025-06-10,2025-12-02,2025-01-03,carried_forward_screening_snapshot,low,review_2024_h1,Carried forward from 2025-01-03; no trustworthy full screening table was available for this notice date.,False,True
HRPL,2025-06-10,2025-12-02,2025-01-03,carried_forward_screening_snapshot,low,review_2024_h1,Carried forward from 2025-01-03; no trustworthy full screening table was available for this notice date.,False,True
HTL,2025-06-10,2025-12-02,2025-01-03,carried_forward_screening_snapshot,low,review_2024_h1,Carried forward from 2025-01-03; no trustworthy full screening table was available for this notice date.,False,True
HUBC,2025-06-10,2025-12-02,2025-01-03,carried_forward_screening_snapshot,low,review_2024_h1,Carried forward from 2025-01-03; no trustworthy full screening table was available for this notice date.,False,True
IBFL,2025-06-10,2025-12-02,2025-01-03,carried_forward_screening_snapshot,low,review_2024_h1,Carried forward from 2025-01-03; no trustworthy full screening table was available for this notice date.,False,True
IBLHL,2025-06-10,2025-12-02,2025-01-03,carried_forward_screening_snapshot,low,review_2024_h1,Carried forward from 2025-01-03; no trustworthy full screening table was available for this notice date.,False,True
ICL,2025-06-10,2025-12-02,2025-01-03,carried_forward_screening_snapshot,low,review_2024_h1,Carried forward from 2025-01-03; no trustworthy full screening table was available for this notice date.,False,True
IDSM,2025-06-10,2025-12-02,2025-01-03,carried_forward_screening_snapshot,low,review_2024_h1,Carried forward from 2025-01-03; no trustworthy full screening table was available for this notice date.,False,True
ILP,2025-06-10,2025-12-02,2025-01-03,carried_forward_screening_snapshot,low,review_2024_h1,Carried forward from 2025-01-03; no trustworthy full screening table was available for this notice date.,False,True
IMAGE,2025-06-10,2025-12-02,2025-01-03,carried_forward_screening_snapshot,low,review_2024_h1,Carried forward from 2025-01-03; no trustworthy full screening table was available for this notice date.,False,True
INIL,2025-06-10,2025-12-02,2025-01-03,carried_forward_screening_snapshot,low,review_2024_h1,Carried forward from 2025-01-03; no trustworthy full screening table was available for this notice date.,False,True
INKL,2025-06-10,2025-12-02,2025-01-03,carried_forward_screening_snapshot,low,review_2024_h1,Carried forward from 2025-01-03; no trustworthy full screening table was available for this notice date.,False,True
IPAK,2025-06-10,2025-12-02,2025-01-03,carried_forward_screening_snapshot,low,review_2024_h1,Carried forward from 2025-01-03; no trustworthy full screening table was available for this notice date.,False,True
ISL,2025-06-10,2025-12-02,2025-01-03,carried_forward_screening_snapshot,low,review_2024_h1,Carried forward from 2025-01-03; no trustworthy full screening table was available for this notice date.,False,True
ITTEFAQ,2025-06-10,2025-12-02,2025-01-03,carried_forward_screening_snapshot,low,review_2024_h1,Carried forward from 2025-01-03; no trustworthy full screening table was available for this notice date.,False,True
JDMT,2025-06-10,2025-12-02,2025-01-03,carried_forward_screening_snapshot,low,review_2024_h1,Carried forward from 2025-01-03; no trustworthy full screening table was available for this notice date.,False,True
JDWS,2025-06-10,2025-12-02,2025-01-03,carried_forward_screening_snapshot,low,review_2024_h1,Carried forward from 2025-01-03; no trustworthy full screening table was available for this notice date.,False,True
JSML,2025-06-10,2025-12-02,2025-01-03,carried_forward_screening_snapshot,low,review_2024_h1,Carried forward from 2025-01-03; no trustworthy full screening table was available for this notice date.,False,True
JUBS,2025-06-10,2025-12-02,2025-01-03,carried_forward_screening_snapshot,low,review_2024_h1,Carried forward from 2025-01-03; no trustworthy full screening table was available for this notice date.,False,True
JVDC,2025-06-10,2025-12-02,2025-01-03,carried_forward_screening_snapshot,low,review_2024_h1,Carried forward from 2025-01-03; no trustworthy full screening table was available for this notice date.,False,True
KCL,2025-06-10,2025-12-02,2025-01-03,carried_forward_screening_snapshot,low,review_2024_h1,Carried forward from 2025-01-03; no trustworthy full screening table was available for this notice date.,False,True
KEL,2025-06-10,2025-12-02,2025-01-03,carried_forward_screening_snapshot,low,review_2024_h1,Carried forward from 2025-01-03; no trustworthy full screening table was available for this notice date.,False,True
KHYT,2025-06-10,2025-12-02,2025-01-03,carried_forward_screening_snapshot,low,review_2024_h1,Carried forward from 2025-01-03; no trustworthy full screening table was available for this notice date.,False,True
KML,2025-06-10,2025-12-02,2025-01-03,carried_forward_screening_snapshot,low,review_2024_h1,Carried forward from 2025-01-03; no trustworthy full screening table was available for this notice date.,False,True
KOHC,2025-06-10,2025-12-02,2025-01-03,carried_forward_screening_snapshot,low,review_2024_h1,Carried forward from 2025-01-03; no trustworthy full screening table was available for this notice date.,False,True
KOHE,2025-06-10,2025-12-02,2025-01-03,carried_forward_screening_snapshot,low,review_2024_h1,Carried forward from 2025-01-03; no trustworthy full screening table was available for this notice date.,False,True
KOHTM,2025-06-10,2025-12-02,2025-01-03,carried_forward_screening_snapshot,low,review_2024_h1,Carried forward from 2025-01-03; no trustworthy full screening table was available for this notice date.,False,True
KPUS,2025-06-10,2025-12-02,2025-01-03,carried_forward_screening_snapshot,low,review_2024_h1,Carried forward from 2025-01-03; no trustworthy full screening table was available for this notice date.,False,True
KSBP,2025-06-10,2025-12-02,2025-01-03,carried_forward_screening_snapshot,low,review_2024_h1,Carried forward from 2025-01-03; no trustworthy full screening table was available for this notice date.,False,True
KSTM,2025-06-10,2025-12-02,2025-01-03,carried_forward_screening_snapshot,low,review_2024_h1,Carried forward from 2025-01-03; no trustworthy full screening table was available for this notice date.,False,True
KTML,2025-06-10,2025-12-02,2025-01-03,carried_forward_screening_snapshot,low,review_2024_h1,Carried forward from 2025-01-03; no trustworthy full screening table was available for this notice date.,False,True
LCI,2025-06-10,2025-12-02,2025-01-03,carried_forward_screening_snapshot,low,review_2024_h1,Carried forward from 2025-01-03; no trustworthy full screening table was available for this notice date.,False,True
LEUL,2025-06-10,2025-12-02,2025-01-03,carried_forward_screening_snapshot,low,review_2024_h1,Carried forward from 2025-01-03; no trustworthy full screening table was available for this notice date.,False,True
LIVEN,2025-06-10,2025-12-02,2025-01-03,carried_forward_screening_snapshot,low,review_2024_h1,Carried forward from 2025-01-03; no trustworthy full screening table was available for this notice date.,False,True
LOTCHEM,2025-06-10,2025-12-02,2025-01-03,carried_forward_screening_snapshot,low,review_2024_h1,Carried forward from 2025-01-03; no trustworthy full screening table was available for this notice date.,False,True
LPGL,2025-06-10,2025-12-02,2025-01-03,carried_forward_screening_snapshot,low,review_2024_h1,Carried forward from 2025-01-03; no trustworthy full screening table was available for this notice date.,False,True
LPL,2025-06-10,2025-12-02,2025-01-03,carried_forward_screening_snapshot,low,review_2024_h1,Carried forward from 2025-01-03; no trustworthy full screening table was available for this notice date.,False,True
LUCK,2025-06-10,2025-12-02,2025-01-03,carried_forward_screening_snapshot,low,review_2024_h1,Carried forward from 2025-01-03; no trustworthy full screening table was available for this notice date.,False,True
MACFL,2025-06-10,2025-12-02,2025-01-03,carried_forward_screening_snapshot,low,review_2024_h1,Carried forward from 2025-01-03; no trustworthy full screening table was available for this notice date.,False,True
MACTER,2025-06-10,2025-12-02,2025-01-03,carried_forward_screening_snapshot,low,review_2024_h1,Carried forward from 2025-01-03; no trustworthy full screening table was available for this notice date.,False,True
MARI,2025-06-10,2025-12-02,2025-01-03,carried_forward_screening_snapshot,low,review_2024_h1,Carried forward from 2025-01-03; no trustworthy full screening table was available for this notice date.,False,True
MEBL,2025-06-10,2025-12-02,2025-01-03,carried_forward_screening_snapshot,low,review_2024_h1,Carried forward from 2025-01-03; no trustworthy full screening table was available for this notice date.,False,True
MERIT,2025-06-10,2025-12-02,2025-01-03,carried_forward_screening_snapshot,low,review_2024_h1,Carried forward from 2025-01-03; no trustworthy full screening table was available for this notice date.,False,True
MFFL,2025-06-10,2025-12-02,2025-01-03,carried_forward_screening_snapshot,low,review_2024_h1,Carried forward from 2025-01-03; no trustworthy full screening table was available for this notice date.,False,True
MIIETF,2025-06-10,2025-12-02,2025-01-03,carried_forward_screening_snapshot,low,review_2024_h1,Carried forward from 2025-01-03; no trustworthy full screening table was available for this notice date.,False,True
MLCF,2025-06-10,2025-12-02,2025-01-03,carried_forward_screening_snapshot,low,review_2024_h1,Carried forward from 2025-01-03; no trustworthy full screening table was available for this notice date.,False,True
MQTM,2025-06-10,2025-12-02,2025-01-03,carried_forward_screening_snapshot,low,review_2024_h1,Carried forward from 2025-01-03; no trustworthy full screening table was available for this notice date.,False,True
MSCL,2025-06-10,2025-12-02,2025-01-03,carried_forward_screening_snapshot,low,review_2024_h1,Carried forward from 2025-01-03; no trustworthy full screening table was available for this notice date.,False,True
MTL,2025-06-10,2025-12-02,2025-01-03,carried_forward_screening_snapshot,low,review_2024_h1,Carried forward from 2025-01-03; no trustworthy full screening table was available for this notice date.,False,True
MUBT,2025-06-10,2025-12-02,2025-01-03,carried_forward_screening_snapshot,low,review_2024_h1,Carried forward from 2025-01-03; no trustworthy full screening table was available for this notice date.,False,True
MUGHAL,2025-06-10,2025-12-02,2025-01-03,carried_forward_screening_snapshot,low,review_2024_h1,Carried forward from 2025-01-03; no trustworthy full screening table was available for this notice date.,False,True
MZNPETF,2025-06-10,2025-12-02,2025-01-03,carried_forward_screening_snapshot,low,review_2024_h1,Carried forward from 2025-01-03; no trustworthy full screening table was available for this notice date.,False,True
NATF,2025-06-10,2025-12-02,2025-01-03,carried_forward_screening_snapshot,low,review_2024_h1,Carried forward from 2025-01-03; no trustworthy full screening table was available for this notice date.,False,True
NATM,2025-06-10,2025-12-02,2025-01-03,carried_forward_screening_snapshot,low,review_2024_h1,Carried forward from 2025-01-03; no trustworthy full screening table was available for this notice date.,False,True
NCML,2025-06-10,2025-12-02,2025-01-03,carried_forward_screening_snapshot,low,review_2024_h1,Carried forward from 2025-01-03; no trustworthy full screening table was available for this notice date.,False,True
NESTLE,2025-06-10,2025-12-02,2025-01-03,carried_forward_screening_snapshot,low,review_2024_h1,Carried forward from 2025-01-03; no trustworthy full screening table was available for this notice date.,False,True
NETSOL,2025-06-10,2025-12-02,2025-01-03,carried_forward_screening_snapshot,low,review_2024_h1,Carried forward from 2025-01-03; no trustworthy full screening table was available for this notice date.,False,True
NML,2025-06-10,2025-12-02,2025-01-03,carried_forward_screening_snapshot,low,review_2024_h1,Carried forward from 2025-01-03; no trustworthy full screening table was available for this notice date.,False,True
NRL,2025-06-10,2025-12-02,2025-01-03,carried_forward_screening_snapshot,low,review_2024_h1,Carried forward from 2025-01-03; no trustworthy full screening table was available for this notice date.,False,True
NRSL,2025-06-10,2025-12-02,2025-01-03,carried_forward_screening_snapshot,low,review_2024_h1,Carried forward from 2025-01-03; no trustworthy full screening table was available for this notice date.,False,True
NSRM,2025-06-10,2025-12-02,2025-01-03,carried_forward_screening_snapshot,low,review_2024_h1,Carried forward from 2025-01-03; no trustworthy full screening table was available for this notice date.,False,True
OBOY,2025-06-10,2025-12-02,2025-01-03,carried_forward_screening_snapshot,low,review_2024_h1,Carried forward from 2025-01-03; no trustworthy full screening table was available for this notice date.,False,True
OCTOPUS,2025-06-10,2025-12-02,2025-01-03,carried_forward_screening_snapshot,low,review_2024_h1,Carried forward from 2025-01-03; no trustworthy full screening table was available for this notice date.,False,True
OGDC,2025-06-10,2025-12-02,2025-01-03,carried_forward_screening_snapshot,low,review_2024_h1,Carried forward from 2025-01-03; no trustworthy full screening table was available for this notice date.,False,True
OLPM,2025-06-10,2025-12-02,2025-01-03,carried_forward_screening_snapshot,low,review_2024_h1,Carried forward from 2025-01-03; no trustworthy full screening table was available for this notice date.,False,True
OML,2025-06-10,2025-12-02,2025-01-03,carried_forward_screening_snapshot,low,review_2024_h1,Carried forward from 2025-01-03; no trustworthy full screening table was available for this notice date.,False,True
ORM,2025-06-10,2025-12-02,2025-01-03,carried_forward_screening_snapshot,low,review_2024_h1,Carried forward from 2025-01-03; no trustworthy full screening table was available for this notice date.,False,True
PABC,2025-06-10,2025-12-02,2025-01-03,carried_forward_screening_snapshot,low,review_2024_h1,Carried forward from 2025-01-03; no trustworthy full screening table was available for this notice date.,False,True
PAEL,2025-06-10,2025-12-02,2025-01-03,carried_forward_screening_snapshot,low,review_2024_h1,Carried forward from 2025-01-03; no trustworthy full screening table was available for this notice date.,False,True
PAKD,2025-06-10,2025-12-02,2025-01-03,carried_forward_screening_snapshot,low,review_2024_h1,Carried forward from 2025-01-03; no trustworthy full screening table was available for this notice date.,False,True
PAKOXY,2025-06-10,2025-12-02,2025-01-03,carried_forward_screening_snapshot,low,review_2024_h1,Carried forward from 2025-01-03; no trustworthy full screening table was available for this notice date.,False,True
PIBTL,2025-06-10,2025-12-02,2025-01-03,carried_forward_screening_snapshot,low,review_2024_h1,Carried forward from 2025-01-03; no trustworthy full screening table was available for this notice date.,False,True
PIM,2025-06-10,2025-12-02,2025-01-03,carried_forward_screening_snapshot,low,review_2024_h1,Carried forward from 2025-01-03; no trustworthy full screening table was available for this notice date.,False,True
PIOC,2025-06-10,2025-12-02,2025-01-03,carried_forward_screening_snapshot,low,review_2024_h1,Carried forward from 2025-01-03; no trustworthy full screening table was available for this notice date.,False,True
PKGS,2025-06-10,2025-12-02,2025-01-03,carried_forward_screening_snapshot,low,review_2024_h1,Carried forward from 2025-01-03; no trustworthy full screening table was available for this notice date.,False,True
PMI,2025-06-10,2025-12-02,2025-01-03,carried_forward_screening_snapshot,low,review_2024_h1,Carried forward from 2025-01-03; no trustworthy full screening table was available for this notice date.,False,True
POML,2025-06-10,2025-12-02,2025-01-03,carried_forward_screening_snapshot,low,review_2024_h1,Carried forward from 2025-01-03; no trustworthy full screening table was available for this notice date.,False,True
POWER,2025-06-10,2025-12-02,2025-01-03,carried_forward_screening_snapshot,low,review_2024_h1,Carried forward from 2025-01-03; no trustworthy full screening table was available for this notice date.,False,True
PPL,2025-06-10,2025-12-02,2025-01-03,carried_forward_screening_snapshot,low,review_2024_h1,Carried forward from 2025-01-03; no trustworthy full screening table was available for this notice date.,False,True
PPP,2025-06-10,2025-12-02,2025-01-03,carried_forward_screening_snapshot,low,review_2024_h1,Carried forward from 2025-01-03; no trustworthy full screening table was available for this notice date.,False,True
PREMA,2025-06-10,2025-12-02,2025-01-03,carried_forward_screening_snapshot,low,review_2024_h1,Carried forward from 2025-01-03; no trustworthy full screening table was available for this notice date.,False,True
PRL,2025-06-10,2025-12-02,2025-01-03,carried_forward_screening_snapshot,low,review_2024_h1,Carried forward from 2025-01-03; no trustworthy full screening table was available for this notice date.,False,True
PSEL,2025-06-10,2025-12-02,2025-01-03,carried_forward_screening_snapshot,low,review_2024_h1,Carried forward from 2025-01-03; no trustworthy full screening table was available for this notice date.,False,True
PSO,2025-06-10,2025-12-02,2025-01-03,carried_forward_screening_snapshot,low,review_2024_h1,Carried forward from 2025-01-03; no trustworthy full screening table was available for this notice date.,False,True
PSYL,2025-06-10,2025-12-02,2025-01-03,carried_forward_screening_snapshot,low,review_2024_h1,Carried forward from 2025-01-03; no trustworthy full screening table was available for this notice date.,False,True
PTL,2025-06-10,2025-12-02,2025-01-03,carried_forward_screening_snapshot,low,review_2024_h1,Carried forward from 2025-01-03; no trustworthy full screening table was available for this notice date.,False,True
QUET,2025-06-10,2025-12-02,2025-01-03,carried_forward_screening_snapshot,low,review_2024_h1,Carried forward from 2025-01-03; no trustworthy full screening table was available for this notice date.,False,True
QUICE,2025-06-10,2025-12-02,2025-01-03,carried_forward_screening_snapshot,low,review_2024_h1,Carried forward from 2025-01-03; no trustworthy full screening table was available for this notice date.,False,True
RCML,2025-06-10,2025-12-02,2025-01-03,carried_forward_screening_snapshot,low,review_2024_h1,Carried forward from 2025-01-03; no trustworthy full screening table was available for this notice date.,False,True
REDCO,2025-06-10,2025-12-02,2025-01-03,carried_forward_screening_snapshot,low,review_2024_h1,Carried forward from 2025-01-03; no trustworthy full screening table was available for this notice date.,False,True
REWM,2025-06-10,2025-12-02,2025-01-03,carried_forward_screening_snapshot,low,review_2024_h1,Carried forward from 2025-01-03; no trustworthy full screening table was available for this notice date.,False,True
RMPL,2025-06-10,2025-12-02,2025-01-03,carried_forward_screening_snapshot,low,review_2024_h1,Carried forward from 2025-01-03; no trustworthy full screening table was available for this notice date.,False,True
RPL,2025-06-10,2025-12-02,2025-01-03,carried_forward_screening_snapshot,low,review_2024_h1,Carried forward from 2025-01-03; no trustworthy full screening table was available for this notice date.,False,True
RUBY,2025-06-10,2025-12-02,2025-01-03,carried_forward_screening_snapshot,low,review_2024_h1,Carried forward from 2025-01-03; no trustworthy full screening table was available for this notice date.,False,True
RUPL,2025-06-10,2025-12-02,2025-01-03,carried_forward_screening_snapshot,low,review_2024_h1,Carried forward from 2025-01-03; no trustworthy full screening table was available for this notice date.,False,True
SANSM,2025-06-10,2025-12-02,2025-01-03,carried_forward_screening_snapshot,low,review_2024_h1,Carried forward from 2025-01-03; no trustworthy full screening table was available for this notice date.,False,True
SARC,2025-06-10,2025-12-02,2025-01-03,carried_forward_screening_snapshot,low,review_2024_h1,Carried forward from 2025-01-03; no trustworthy full screening table was available for this notice date.,False,True
SASML,2025-06-10,2025-12-02,2025-01-03,carried_forward_screening_snapshot,low,review_2024_h1,Carried forward from 2025-01-03; no trustworthy full screening table was available for this notice date.,False,True
SAZEW,2025-06-10,2025-12-02,2025-01-03,carried_forward_screening_snapshot,low,review_2024_h1,Carried forward from 2025-01-03; no trustworthy full screening table was available for this notice date.,False,True
SCL,2025-06-10,2025-12-02,2025-01-03,carried_forward_screening_snapshot,low,review_2024_h1,Carried forward from 2025-01-03; no trustworthy full screening table was available for this notice date.,False,True
SEARL,2025-06-10,2025-12-02,2025-01-03,carried_forward_screening_snapshot,low,review_2024_h1,Carried forward from 2025-01-03; no trustworthy full screening table was available for this notice date.,False,True
SERT,2025-06-10,2025-12-02,2025-01-03,carried_forward_screening_snapshot,low,review_2024_h1,Carried forward from 2025-01-03; no trustworthy full screening table was available for this notice date.,False,True
SFL,2025-06-10,2025-12-02,2025-01-03,carried_forward_screening_snapshot,low,review_2024_h1,Carried forward from 2025-01-03; no trustworthy full screening table was available for this notice date.,False,True
SGABL,2025-06-10,2025-12-02,2025-01-03,carried_forward_screening_snapshot,low,review_2024_h1,Carried forward from 2025-01-03; no trustworthy full screening table was available for this notice date.,False,True
SGF,2025-06-10,2025-12-02,2025-01-03,carried_forward_screening_snapshot,low,review_2024_h1,Carried forward from 2025-01-03; no trustworthy full screening table was available for this notice date.,False,True
SHCM,2025-06-10,2025-12-02,2025-01-03,carried_forward_screening_snapshot,low,review_2024_h1,Carried forward from 2025-01-03; no trustworthy full screening table was available for this notice date.,False,True
SHDT,2025-06-10,2025-12-02,2025-01-03,carried_forward_screening_snapshot,low,review_2024_h1,Carried forward from 2025-01-03; no trustworthy full screening table was available for this notice date.,False,True
SHEL,2025-06-10,2025-12-02,2025-01-03,carried_forward_screening_snapshot,low,review_2024_h1,Carried forward from 2025-01-03; no trustworthy full screening table was available for this notice date.,False,True
SHEZ,2025-06-10,2025-12-02,2025-01-03,carried_forward_screening_snapshot,low,review_2024_h1,Carried forward from 2025-01-03; no trustworthy full screening table was available for this notice date.,False,True
SHFA,2025-06-10,2025-12-02,2025-01-03,carried_forward_screening_snapshot,low,review_2024_h1,Carried forward from 2025-01-03; no trustworthy full screening table was available for this notice date.,False,True
SHSML,2025-06-10,2025-12-02,2025-01-03,carried_forward_screening_snapshot,low,review_2024_h1,Carried forward from 2025-01-03; no trustworthy full screening table was available for this notice date.,False,True
SINDM,2025-06-10,2025-12-02,2025-01-03,carried_forward_screening_snapshot,low,review_2024_h1,Carried forward from 2025-01-03; no trustworthy full screening table was available for this notice date.,False,True
SITC,2025-06-10,2025-12-02,2025-01-03,carried_forward_screening_snapshot,low,review_2024_h1,Carried forward from 2025-01-03; no trustworthy full screening table was available for this notice date.,False,True
SKRS,2025-06-10,2025-12-02,2025-01-03,carried_forward_screening_snapshot,low,review_2024_h1,Carried forward from 2025-01-03; no trustworthy full screening table was available for this notice date.,False,True
SLGL,2025-06-10,2025-12-02,2025-01-03,carried_forward_screening_snapshot,low,review_2024_h1,Carried forward from 2025-01-03; no trustworthy full screening table was available for this notice date.,False,True
SMCPL,2025-06-10,2025-12-02,2025-01-03,carried_forward_screening_snapshot,low,review_2024_h1,Carried forward from 2025-01-03; no trustworthy full screening table was available for this notice date.,False,True
SML,2025-06-10,2025-12-02,2025-01-03,carried_forward_screening_snapshot,low,review_2024_h1,Carried forward from 2025-01-03; no trustworthy full screening table was available for this notice date.,False,True
SNAI,2025-06-10,2025-12-02,2025-01-03,carried_forward_screening_snapshot,low,review_2024_h1,Carried forward from 2025-01-03; no trustworthy full screening table was available for this notice date.,False,True
SNGP,2025-06-10,2025-12-02,2025-01-03,carried_forward_screening_snapshot,low,review_2024_h1,Carried forward from 2025-01-03; no trustworthy full screening table was available for this notice date.,False,True
SPEL,2025-06-10,2025-12-02,2025-01-03,carried_forward_screening_snapshot,low,review_2024_h1,Carried forward from 2025-01-03; no trustworthy full screening table was available for this notice date.,False,True
SPL,2025-06-10,2025-12-02,2025-01-03,carried_forward_screening_snapshot,low,review_2024_h1,Carried forward from 2025-01-03; no trustworthy full screening table was available for this notice date.,False,True
SSGC,2025-06-10,2025-12-02,2025-01-03,carried_forward_screening_snapshot,low,review_2024_h1,Carried forward from 2025-01-03; no trustworthy full screening table was available for this notice date.,False,True
SSML,2025-06-10,2025-12-02,2025-01-03,carried_forward_screening_snapshot,low,review_2024_h1,Carried forward from 2025-01-03; no trustworthy full screening table was available for this notice date.,False,True
SSOM,2025-06-10,2025-12-02,2025-01-03,carried_forward_screening_snapshot,low,review_2024_h1,Carried forward from 2025-01-03; no trustworthy full screening table was available for this notice date.,False,True
STCL,2025-06-10,2025-12-02,2025-01-03,carried_forward_screening_snapshot,low,review_2024_h1,Carried forward from 2025-01-03; no trustworthy full screening table was available for this notice date.,False,True
STJT,2025-06-10,2025-12-02,2025-01-03,carried_forward_screening_snapshot,low,review_2024_h1,Carried forward from 2025-01-03; no trustworthy full screening table was available for this notice date.,False,True
STML,2025-06-10,2025-12-02,2025-01-03,carried_forward_screening_snapshot,low,review_2024_h1,Carried forward from 2025-01-03; no trustworthy full screening table was available for this notice date.,False,True
SUHJ,2025-06-10,2025-12-02,2025-01-03,carried_forward_screening_snapshot,low,review_2024_h1,Carried forward from 2025-01-03; no trustworthy full screening table was available for this notice date.,False,True
SURC,2025-06-10,2025-12-02,2025-01-03,carried_forward_screening_snapshot,low,review_2024_h1,Carried forward from 2025-01-03; no trustworthy full screening table was available for this notice date.,False,True
SUTM,2025-06-10,2025-12-02,2025-01-03,carried_forward_screening_snapshot,low,review_2024_h1,Carried forward from 2025-01-03; no trustworthy full screening table was available for this notice date.,False,True
SYM,2025-06-10,2025-12-02,2025-01-03,carried_forward_screening_snapshot,low,review_2024_h1,Carried forward from 2025-01-03; no trustworthy full screening table was available for this notice date.,False,True
SYS,2025-06-10,2025-12-02,2025-01-03,carried_forward_screening_snapshot,low,review_2024_h1,Carried forward from 2025-01-03; no trustworthy full screening table was available for this notice date.,False,True
SZTM,2025-06-10,2025-12-02,2025-01-03,carried_forward_screening_snapshot,low,review_2024_h1,Carried forward from 2025-01-03; no trustworthy full screening table was available for this notice date.,False,True
TCORP,2025-06-10,2025-12-02,2025-01-03,carried_forward_screening_snapshot,low,review_2024_h1,Carried forward from 2025-01-03; no trustworthy full screening table was available for this notice date.,False,True
TELE,2025-06-10,2025-12-02,2025-01-03,carried_forward_screening_snapshot,low,review_2024_h1,Carried forward from 2025-01-03; no trustworthy full screening table was available for this notice date.,False,True
TGL,2025-06-10,2025-12-02,2025-01-03,carried_forward_screening_snapshot,low,review_2024_h1,Carried forward from 2025-01-03; no trustworthy full screening table was available for this notice date.,False,True
THCCL,2025-06-10,2025-12-02,2025-01-03,carried_forward_screening_snapshot,low,review_2024_h1,Carried forward from 2025-01-03; no trustworthy full screening table was available for this notice date.,False,True
TOMCL,2025-06-10,2025-12-02,2025-01-03,carried_forward_screening_snapshot,low,review_2024_h1,Carried forward from 2025-01-03; no trustworthy full screening table was available for this notice date.,False,True
TOWL,2025-06-10,2025-12-02,2025-01-03,carried_forward_screening_snapshot,low,review_2024_h1,Carried forward from 2025-01-03; no trustworthy full screening table was available for this notice date.,False,True
TPLP,2025-06-10,2025-12-02,2025-01-03,carried_forward_screening_snapshot,low,review_2024_h1,Carried forward from 2025-01-03; no trustworthy full screening table was available for this notice date.,False,True
TPLRF1,2025-06-10,2025-12-02,2025-01-03,carried_forward_screening_snapshot,low,review_2024_h1,Carried forward from 2025-01-03; no trustworthy full screening table was available for this notice date.,False,True
TPLT,2025-06-10,2025-12-02,2025-01-03,carried_forward_screening_snapshot,low,review_2024_h1,Carried forward from 2025-01-03; no trustworthy full screening table was available for this notice date.,False,True
TREET,2025-06-10,2025-12-02,2025-01-03,carried_forward_screening_snapshot,low,review_2024_h1,Carried forward from 2025-01-03; no trustworthy full screening table was available for this notice date.,False,True
TRSM,2025-06-10,2025-12-02,2025-01-03,carried_forward_screening_snapshot,low,review_2024_h1,Carried forward from 2025-01-03; no trustworthy full screening table was available for this notice date.,False,True
UBDL,2025-06-10,2025-12-02,2025-01-03,carried_forward_screening_snapshot,low,review_2024_h1,Carried forward from 2025-01-03; no trustworthy full screening table was available for this notice date.,False,True
UCAPM,2025-06-10,2025-12-02,2025-01-03,carried_forward_screening_snapshot,low,review_2024_h1,Carried forward from 2025-01-03; no trustworthy full screening table was available for this notice date.,False,True
UDPL,2025-06-10,2025-12-02,2025-01-03,carried_forward_screening_snapshot,low,review_2024_h1,Carried forward from 2025-01-03; no trustworthy full screening table was available for this notice date.,False,True
UNITY,2025-06-10,2025-12-02,2025-01-03,carried_forward_screening_snapshot,low,review_2024_h1,Carried forward from 2025-01-03; no trustworthy full screening table was available for this notice date.,False,True
UPFL,2025-06-10,2025-12-02,2025-01-03,carried_forward_screening_snapshot,low,review_2024_h1,Carried forward from 2025-01-03; no trustworthy full screening table was available for this notice date.,False,True
WAHN,2025-06-10,2025-12-02,2025-01-03,carried_forward_screening_snapshot,low,review_2024_h1,Carried forward from 2025-01-03; no trustworthy full screening table was available for this notice date.,False,True
WAVES,2025-06-10,2025-12-02,2025-01-03,carried_forward_screening_snapshot,low,review_2024_h1,Carried forward from 2025-01-03; no trustworthy full screening table was available for this notice date.,False,True
WAVESAPP,2025-06-10,2025-12-02,2025-01-03,carried_forward_screening_snapshot,low,review_2024_h1,Carried forward from 2025-01-03; no trustworthy full screening table was available for this notice date.,False,True
YOUW,2025-06-10,2025-12-02,2025-01-03,carried_forward_screening_snapshot,low,review_2024_h1,Carried forward from 2025-01-03; no trustworthy full screening table was available for this notice date.,False,True
ZAHID,2025-06-10,2025-12-02,2025-01-03,carried_forward_screening_snapshot,low,review_2024_h1,Carried forward from 2025-01-03; no trustworthy full screening table was available for this notice date.,False,True
ZIL,2025-06-10,2025-12-02,2025-01-03,carried_forward_screening_snapshot,low,review_2024_h1,Carried forward from 2025-01-03; no trustworthy full screening table was available for this notice date.,False,True
ZTL,2025-06-10,2025-12-02,2025-01-03,carried_forward_screening_snapshot,low,review_2024_h1,Carried forward from 2025-01-03; no trustworthy full screening table was available for this notice date.,False,True
AABS,2025-12-02,,2025-12-02,official_full_screening_table,medium,review_2025_h1,Directly parsed compliant rows from official PSX screening table. Exact index membership may differ because defaulter formatting and other exclusions are not consistently machine-readable.,False,True
ABOT,2025-12-02,,2025-12-02,official_full_screening_table,medium,review_2025_h1,Directly parsed compliant rows from official PSX screening table. Exact index membership may differ because defaulter formatting and other exclusions are not consistently machine-readable.,False,True
ACPL,2025-12-02,,2025-12-02,official_full_screening_table,medium,review_2025_h1,Directly parsed compliant rows from official PSX screening table. Exact index membership may differ because defaulter formatting and other exclusions are not consistently machine-readable.,False,True
ADAMS,2025-12-02,,2025-12-02,official_full_screening_table,medium,review_2025_h1,Directly parsed compliant rows from official PSX screening table. Exact index membership may differ because defaulter formatting and other exclusions are not consistently machine-readable.,False,True
AGIL,2025-12-02,,2025-12-02,official_full_screening_table,medium,review_2025_h1,Directly parsed compliant rows from official PSX screening table. Exact index membership may differ because defaulter formatting and other exclusions are not consistently machine-readable.,False,True
AGP,2025-12-02,,2025-12-02,official_full_screening_table,medium,review_2025_h1,Directly parsed compliant rows from official PSX screening table. Exact index membership may differ because defaulter formatting and other exclusions are not consistently machine-readable.,False,True
AGTL,2025-12-02,,2025-12-02,official_full_screening_table,medium,review_2025_h1,Directly parsed compliant rows from official PSX screening table. Exact index membership may differ because defaulter formatting and other exclusions are not consistently machine-readable.,False,True
AHTM,2025-12-02,,2025-12-02,official_full_screening_table,medium,review_2025_h1,Directly parsed compliant rows from official PSX screening table. Exact index membership may differ because defaulter formatting and other exclusions are not consistently machine-readable.,False,True
AIRLINK,2025-12-02,,2025-12-02,official_full_screening_table,medium,review_2025_h1,Directly parsed compliant rows from official PSX screening table. Exact index membership may differ because defaulter formatting and other exclusions are not consistently machine-readable.,False,True
AKDHL,2025-12-02,,2025-12-02,official_full_screening_table,medium,review_2025_h1,Directly parsed compliant rows from official PSX screening table. Exact index membership may differ because defaulter formatting and other exclusions are not consistently machine-readable.,False,True
AKGL,2025-12-02,,2025-12-02,official_full_screening_table,medium,review_2025_h1,Directly parsed compliant rows from official PSX screening table. Exact index membership may differ because defaulter formatting and other exclusions are not consistently machine-readable.,False,True
ALNRS,2025-12-02,,2025-12-02,official_full_screening_table,medium,review_2025_h1,Directly parsed compliant rows from official PSX screening table. Exact index membership may differ because defaulter formatting and other exclusions are not consistently machine-readable.,False,True
ANL,2025-12-02,,2025-12-02,official_full_screening_table,medium,review_2025_h1,Directly parsed compliant rows from official PSX screening table. Exact index membership may differ because defaulter formatting and other exclusions are not consistently machine-readable.,False,True
ANTM,2025-12-02,,2025-12-02,official_full_screening_table,medium,review_2025_h1,Directly parsed compliant rows from official PSX screening table. Exact index membership may differ because defaulter formatting and other exclusions are not consistently machine-readable.,False,True
APL,2025-12-02,,2025-12-02,official_full_screening_table,medium,review_2025_h1,Directly parsed compliant rows from official PSX screening table. Exact index membership may differ because defaulter formatting and other exclusions are not consistently machine-readable.,False,True
ARCTM,2025-12-02,,2025-12-02,official_full_screening_table,medium,review_2025_h1,Directly parsed compliant rows from official PSX screening table. Exact index membership may differ because defaulter formatting and other exclusions are not consistently machine-readable.,False,True
ARPL,2025-12-02,,2025-12-02,official_full_screening_table,medium,review_2025_h1,Directly parsed compliant rows from official PSX screening table. Exact index membership may differ because defaulter formatting and other exclusions are not consistently machine-readable.,False,True
ASC,2025-12-02,,2025-12-02,official_full_screening_table,medium,review_2025_h1,Directly parsed compliant rows from official PSX screening table. Exact index membership may differ because defaulter formatting and other exclusions are not consistently machine-readable.,False,True
ASHT,2025-12-02,,2025-12-02,official_full_screening_table,medium,review_2025_h1,Directly parsed compliant rows from official PSX screening table. Exact index membership may differ because defaulter formatting and other exclusions are not consistently machine-readable.,False,True
ASL,2025-12-02,,2025-12-02,official_full_screening_table,medium,review_2025_h1,Directly parsed compliant rows from official PSX screening table. Exact index membership may differ because defaulter formatting and other exclusions are not consistently machine-readable.,False,True
ASTM,2025-12-02,,2025-12-02,official_full_screening_table,medium,review_2025_h1,Directly parsed compliant rows from official PSX screening table. Exact index membership may differ because defaulter formatting and other exclusions are not consistently machine-readable.,False,True
ATBA,2025-12-02,,2025-12-02,official_full_screening_table,medium,review_2025_h1,Directly parsed compliant rows from official PSX screening table. Exact index membership may differ because defaulter formatting and other exclusions are not consistently machine-readable.,False,True
ATRL,2025-12-02,,2025-12-02,official_full_screening_table,medium,review_2025_h1,Directly parsed compliant rows from official PSX screening table. Exact index membership may differ because defaulter formatting and other exclusions are not consistently machine-readable.,False,True
AVN,2025-12-02,,2025-12-02,official_full_screening_table,medium,review_2025_h1,Directly parsed compliant rows from official PSX screening table. Exact index membership may differ because defaulter formatting and other exclusions are not consistently machine-readable.,False,True
AWTX,2025-12-02,,2025-12-02,official_full_screening_table,medium,review_2025_h1,Directly parsed compliant rows from official PSX screening table. Exact index membership may differ because defaulter formatting and other exclusions are not consistently machine-readable.,False,True
BATA,2025-12-02,,2025-12-02,official_full_screening_table,medium,review_2025_h1,Directly parsed compliant rows from official PSX screening table. Exact index membership may differ because defaulter formatting and other exclusions are not consistently machine-readable.,False,True
BBFL,2025-12-02,,2025-12-02,official_full_screening_table,medium,review_2025_h1,Directly parsed compliant rows from official PSX screening table. Exact index membership may differ because defaulter formatting and other exclusions are not consistently machine-readable.,False,True
BCL,2025-12-02,,2025-12-02,official_full_screening_table,medium,review_2025_h1,Directly parsed compliant rows from official PSX screening table. Exact index membership may differ because defaulter formatting and other exclusions are not consistently machine-readable.,False,True
BECO,2025-12-02,,2025-12-02,official_full_screening_table,medium,review_2025_h1,Directly parsed compliant rows from official PSX screening table. Exact index membership may differ because defaulter formatting and other exclusions are not consistently machine-readable.,False,True
BERG,2025-12-02,,2025-12-02,official_full_screening_table,medium,review_2025_h1,Directly parsed compliant rows from official PSX screening table. Exact index membership may differ because defaulter formatting and other exclusions are not consistently machine-readable.,False,True
BFAGRO,2025-12-02,,2025-12-02,official_full_screening_table,medium,review_2025_h1,Directly parsed compliant rows from official PSX screening table. Exact index membership may differ because defaulter formatting and other exclusions are not consistently machine-readable.,False,True
BFBIO,2025-12-02,,2025-12-02,official_full_screening_table,medium,review_2025_h1,Directly parsed compliant rows from official PSX screening table. Exact index membership may differ because defaulter formatting and other exclusions are not consistently machine-readable.,False,True
BFMOD,2025-12-02,,2025-12-02,official_full_screening_table,medium,review_2025_h1,Directly parsed compliant rows from official PSX screening table. Exact index membership may differ because defaulter formatting and other exclusions are not consistently machine-readable.,False,True
BHAT,2025-12-02,,2025-12-02,official_full_screening_table,medium,review_2025_h1,Directly parsed compliant rows from official PSX screening table. Exact index membership may differ because defaulter formatting and other exclusions are not consistently machine-readable.,False,True
BIFO,2025-12-02,,2025-12-02,official_full_screening_table,medium,review_2025_h1,Directly parsed compliant rows from official PSX screening table. Exact index membership may differ because defaulter formatting and other exclusions are not consistently machine-readable.,False,True
BIPL,2025-12-02,,2025-12-02,official_full_screening_table,medium,review_2025_h1,Directly parsed compliant rows from official PSX screening table. Exact index membership may differ because defaulter formatting and other exclusions are not consistently machine-readable.,False,True
BNL,2025-12-02,,2025-12-02,official_full_screening_table,medium,review_2025_h1,Directly parsed compliant rows from official PSX screening table. Exact index membership may differ because defaulter formatting and other exclusions are not consistently machine-readable.,False,True
BNWM,2025-12-02,,2025-12-02,official_full_screening_table,medium,review_2025_h1,Directly parsed compliant rows from official PSX screening table. Exact index membership may differ because defaulter formatting and other exclusions are not consistently machine-readable.,False,True
BPL,2025-12-02,,2025-12-02,official_full_screening_table,medium,review_2025_h1,Directly parsed compliant rows from official PSX screening table. Exact index membership may differ because defaulter formatting and other exclusions are not consistently machine-readable.,False,True
BRRG,2025-12-02,,2025-12-02,official_full_screening_table,medium,review_2025_h1,Directly parsed compliant rows from official PSX screening table. Exact index membership may differ because defaulter formatting and other exclusions are not consistently machine-readable.,False,True
BTL,2025-12-02,,2025-12-02,official_full_screening_table,medium,review_2025_h1,Directly parsed compliant rows from official PSX screening table. Exact index membership may differ because defaulter formatting and other exclusions are not consistently machine-readable.,False,True
BUXL,2025-12-02,,2025-12-02,official_full_screening_table,medium,review_2025_h1,Directly parsed compliant rows from official PSX screening table. Exact index membership may differ because defaulter formatting and other exclusions are not consistently machine-readable.,False,True
BWHL,2025-12-02,,2025-12-02,official_full_screening_table,medium,review_2025_h1,Directly parsed compliant rows from official PSX screening table. Exact index membership may differ because defaulter formatting and other exclusions are not consistently machine-readable.,False,True
CCM,2025-12-02,,2025-12-02,official_full_screening_table,medium,review_2025_h1,Directly parsed compliant rows from official PSX screening table. Exact index membership may differ because defaulter formatting and other exclusions are not consistently machine-readable.,False,True
CEPB,2025-12-02,,2025-12-02,official_full_screening_table,medium,review_2025_h1,Directly parsed compliant rows from official PSX screening table. Exact index membership may differ because defaulter formatting and other exclusions are not consistently machine-readable.,False,True
CFL,2025-12-02,,2025-12-02,official_full_screening_table,medium,review_2025_h1,Directly parsed compliant rows from official PSX screening table. Exact index membership may differ because defaulter formatting and other exclusions are not consistently machine-readable.,False,True
CHCC,2025-12-02,,2025-12-02,official_full_screening_table,medium,review_2025_h1,Directly parsed compliant rows from official PSX screening table. Exact index membership may differ because defaulter formatting and other exclusions are not consistently machine-readable.,False,True
CLOV,2025-12-02,,2025-12-02,official_full_screening_table,medium,review_2025_h1,Directly parsed compliant rows from official PSX screening table. Exact index membership may differ because defaulter formatting and other exclusions are not consistently machine-readable.,False,True
CNERGY,2025-12-02,,2025-12-02,official_full_screening_table,medium,review_2025_h1,Directly parsed compliant rows from official PSX screening table. Exact index membership may differ because defaulter formatting and other exclusions are not consistently machine-readable.,False,True
CPHL,2025-12-02,,2025-12-02,official_full_screening_table,medium,review_2025_h1,Directly parsed compliant rows from official PSX screening table. Exact index membership may differ because defaulter formatting and other exclusions are not consistently machine-readable.,False,True
CPPL,2025-12-02,,2025-12-02,official_full_screening_table,medium,review_2025_h1,Directly parsed compliant rows from official PSX screening table. Exact index membership may differ because defaulter formatting and other exclusions are not consistently machine-readable.,False,True
CRTM,2025-12-02,,2025-12-02,official_full_screening_table,medium,review_2025_h1,Directly parsed compliant rows from official PSX screening table. Exact index membership may differ because defaulter formatting and other exclusions are not consistently machine-readable.,False,True
CSAP,2025-12-02,,2025-12-02,official_full_screening_table,medium,review_2025_h1,Directly parsed compliant rows from official PSX screening table. Exact index membership may differ because defaulter formatting and other exclusions are not consistently machine-readable.,False,True
CWSM,2025-12-02,,2025-12-02,official_full_screening_table,medium,review_2025_h1,Directly parsed compliant rows from official PSX screening table. Exact index membership may differ because defaulter formatting and other exclusions are not consistently machine-readable.,False,True
DAAG,2025-12-02,,2025-12-02,official_full_screening_table,medium,review_2025_h1,Directly parsed compliant rows from official PSX screening table. Exact index membership may differ because defaulter formatting and other exclusions are not consistently machine-readable.,False,True
DADX,2025-12-02,,2025-12-02,official_full_screening_table,medium,review_2025_h1,Directly parsed compliant rows from official PSX screening table. Exact index membership may differ because defaulter formatting and other exclusions are not consistently machine-readable.,False,True
DBSL,2025-12-02,,2025-12-02,official_full_screening_table,medium,review_2025_h1,Directly parsed compliant rows from official PSX screening table. Exact index membership may differ because defaulter formatting and other exclusions are not consistently machine-readable.,False,True
DCL,2025-12-02,,2025-12-02,official_full_screening_table,medium,review_2025_h1,Directly parsed compliant rows from official PSX screening table. Exact index membership may differ because defaulter formatting and other exclusions are not consistently machine-readable.,False,True
DCR,2025-12-02,,2025-12-02,official_full_screening_table,medium,review_2025_h1,Directly parsed compliant rows from official PSX screening table. Exact index membership may differ because defaulter formatting and other exclusions are not consistently machine-readable.,False,True
DFSM,2025-12-02,,2025-12-02,official_full_screening_table,medium,review_2025_h1,Directly parsed compliant rows from official PSX screening table. Exact index membership may differ because defaulter formatting and other exclusions are not consistently machine-readable.,False,True
DGKC,2025-12-02,,2025-12-02,official_full_screening_table,medium,review_2025_h1,Directly parsed compliant rows from official PSX screening table. Exact index membership may differ because defaulter formatting and other exclusions are not consistently machine-readable.,False,True
DIIL,2025-12-02,,2025-12-02,official_full_screening_table,medium,review_2025_h1,Directly parsed compliant rows from official PSX screening table. Exact index membership may differ because defaulter formatting and other exclusions are not consistently machine-readable.,False,True
DINT,2025-12-02,,2025-12-02,official_full_screening_table,medium,review_2025_h1,Directly parsed compliant rows from official PSX screening table. Exact index membership may differ because defaulter formatting and other exclusions are not consistently machine-readable.,False,True
DMC,2025-12-02,,2025-12-02,official_full_screening_table,medium,review_2025_h1,Directly parsed compliant rows from official PSX screening table. Exact index membership may differ because defaulter formatting and other exclusions are not consistently machine-readable.,False,True
DNCC,2025-12-02,,2025-12-02,official_full_screening_table,medium,review_2025_h1,Directly parsed compliant rows from official PSX screening table. Exact index membership may differ because defaulter formatting and other exclusions are not consistently machine-readable.,False,True
DOL,2025-12-02,,2025-12-02,official_full_screening_table,medium,review_2025_h1,Directly parsed compliant rows from official PSX screening table. Exact index membership may differ because defaulter formatting and other exclusions are not consistently machine-readable.,False,True
DSL,2025-12-02,,2025-12-02,official_full_screening_table,medium,review_2025_h1,Directly parsed compliant rows from official PSX screening table. Exact index membership may differ because defaulter formatting and other exclusions are not consistently machine-readable.,False,True
DWSM,2025-12-02,,2025-12-02,official_full_screening_table,medium,review_2025_h1,Directly parsed compliant rows from official PSX screening table. Exact index membership may differ because defaulter formatting and other exclusions are not consistently machine-readable.,False,True
DYNO,2025-12-02,,2025-12-02,official_full_screening_table,medium,review_2025_h1,Directly parsed compliant rows from official PSX screening table. Exact index membership may differ because defaulter formatting and other exclusions are not consistently machine-readable.,False,True
ECOP,2025-12-02,,2025-12-02,official_full_screening_table,medium,review_2025_h1,Directly parsed compliant rows from official PSX screening table. Exact index membership may differ because defaulter formatting and other exclusions are not consistently machine-readable.,False,True
EFERT,2025-12-02,,2025-12-02,official_full_screening_table,medium,review_2025_h1,Directly parsed compliant rows from official PSX screening table. Exact index membership may differ because defaulter formatting and other exclusions are not consistently machine-readable.,False,True
ELCM,2025-12-02,,2025-12-02,official_full_screening_table,medium,review_2025_h1,Directly parsed compliant rows from official PSX screening table. Exact index membership may differ because defaulter formatting and other exclusions are not consistently machine-readable.,False,True
ELSM,2025-12-02,,2025-12-02,official_full_screening_table,medium,review_2025_h1,Directly parsed compliant rows from official PSX screening table. Exact index membership may differ because defaulter formatting and other exclusions are not consistently machine-readable.,False,True
EMCO,2025-12-02,,2025-12-02,official_full_screening_table,medium,review_2025_h1,Directly parsed compliant rows from official PSX screening table. Exact index membership may differ because defaulter formatting and other exclusions are not consistently machine-readable.,False,True
ENGROH,2025-12-02,,2025-12-02,official_full_screening_table,medium,review_2025_h1,Directly parsed compliant rows from official PSX screening table. Exact index membership may differ because defaulter formatting and other exclusions are not consistently machine-readable.,False,True
EPCL,2025-12-02,,2025-12-02,official_full_screening_table,medium,review_2025_h1,Directly parsed compliant rows from official PSX screening table. Exact index membership may differ because defaulter formatting and other exclusions are not consistently machine-readable.,False,True
EPQL,2025-12-02,,2025-12-02,official_full_screening_table,medium,review_2025_h1,Directly parsed compliant rows from official PSX screening table. Exact index membership may differ because defaulter formatting and other exclusions are not consistently machine-readable.,False,True
EXIDE,2025-12-02,,2025-12-02,official_full_screening_table,medium,review_2025_h1,Directly parsed compliant rows from official PSX screening table. Exact index membership may differ because defaulter formatting and other exclusions are not consistently machine-readable.,False,True
FABL,2025-12-02,,2025-12-02,official_full_screening_table,medium,review_2025_h1,Directly parsed compliant rows from official PSX screening table. Exact index membership may differ because defaulter formatting and other exclusions are not consistently machine-readable.,False,True
FANM,2025-12-02,,2025-12-02,official_full_screening_table,medium,review_2025_h1,Directly parsed compliant rows from official PSX screening table. Exact index membership may differ because defaulter formatting and other exclusions are not consistently machine-readable.,False,True
FATIMA,2025-12-02,,2025-12-02,official_full_screening_table,medium,review_2025_h1,Directly parsed compliant rows from official PSX screening table. Exact index membership may differ because defaulter formatting and other exclusions are not consistently machine-readable.,False,True
FCCL,2025-12-02,,2025-12-02,official_full_screening_table,medium,review_2025_h1,Directly parsed compliant rows from official PSX screening table. Exact index membership may differ because defaulter formatting and other exclusions are not consistently machine-readable.,False,True
FCEPL,2025-12-02,,2025-12-02,official_full_screening_table,medium,review_2025_h1,Directly parsed compliant rows from official PSX screening table. Exact index membership may differ because defaulter formatting and other exclusions are not consistently machine-readable.,False,True
FCL,2025-12-02,,2025-12-02,official_full_screening_table,medium,review_2025_h1,Directly parsed compliant rows from official PSX screening table. Exact index membership may differ because defaulter formatting and other exclusions are not consistently machine-readable.,False,True
FECM,2025-12-02,,2025-12-02,official_full_screening_table,medium,review_2025_h1,Directly parsed compliant rows from official PSX screening table. Exact index membership may differ because defaulter formatting and other exclusions are not consistently machine-readable.,False,True
FECTC,2025-12-02,,2025-12-02,official_full_screening_table,medium,review_2025_h1,Directly parsed compliant rows from official PSX screening table. Exact index membership may differ because defaulter formatting and other exclusions are not consistently machine-readable.,False,True
FEM,2025-12-02,,2025-12-02,official_full_screening_table,medium,review_2025_h1,Directly parsed compliant rows from official PSX screening table. Exact index membership may differ because defaulter formatting and other exclusions are not consistently machine-readable.,False,True
FEROZ,2025-12-02,,2025-12-02,official_full_screening_table,medium,review_2025_h1,Directly parsed compliant rows from official PSX screening table. Exact index membership may differ because defaulter formatting and other exclusions are not consistently machine-readable.,False,True
FFC,2025-12-02,,2025-12-02,official_full_screening_table,medium,review_2025_h1,Directly parsed compliant rows from official PSX screening table. Exact index membership may differ because defaulter formatting and other exclusions are not consistently machine-readable.,False,True
FFL,2025-12-02,,2025-12-02,official_full_screening_table,medium,review_2025_h1,Directly parsed compliant rows from official PSX screening table. Exact index membership may differ because defaulter formatting and other exclusions are not consistently machine-readable.,False,True
FFLM,2025-12-02,,2025-12-02,official_full_screening_table,medium,review_2025_h1,Directly parsed compliant rows from official PSX screening table. Exact index membership may differ because defaulter formatting and other exclusions are not consistently machine-readable.,False,True
FHAM,2025-12-02,,2025-12-02,official_full_screening_table,medium,review_2025_h1,Directly parsed compliant rows from official PSX screening table. Exact index membership may differ because defaulter formatting and other exclusions are not consistently machine-readable.,False,True
FIBLM,2025-12-02,,2025-12-02,official_full_screening_table,medium,review_2025_h1,Directly parsed compliant rows from official PSX screening table. Exact index membership may differ because defaulter formatting and other exclusions are not consistently machine-readable.,False,True
FIL,2025-12-02,,2025-12-02,official_full_screening_table,medium,review_2025_h1,Directly parsed compliant rows from official PSX screening table. Exact index membership may differ because defaulter formatting and other exclusions are not consistently machine-readable.,False,True
FIMM,2025-12-02,,2025-12-02,official_full_screening_table,medium,review_2025_h1,Directly parsed compliant rows from official PSX screening table. Exact index membership may differ because defaulter formatting and other exclusions are not consistently machine-readable.,False,True
FLYNG,2025-12-02,,2025-12-02,official_full_screening_table,medium,review_2025_h1,Directly parsed compliant rows from official PSX screening table. Exact index membership may differ because defaulter formatting and other exclusions are not consistently machine-readable.,False,True
FML,2025-12-02,,2025-12-02,official_full_screening_table,medium,review_2025_h1,Directly parsed compliant rows from official PSX screening table. Exact index membership may differ because defaulter formatting and other exclusions are not consistently machine-readable.,False,True
FNBM,2025-12-02,,2025-12-02,official_full_screening_table,medium,review_2025_h1,Directly parsed compliant rows from official PSX screening table. Exact index membership may differ because defaulter formatting and other exclusions are not consistently machine-readable.,False,True
FPJM,2025-12-02,,2025-12-02,official_full_screening_table,medium,review_2025_h1,Directly parsed compliant rows from official PSX screening table. Exact index membership may differ because defaulter formatting and other exclusions are not consistently machine-readable.,False,True
FPRM,2025-12-02,,2025-12-02,official_full_screening_table,medium,review_2025_h1,Directly parsed compliant rows from official PSX screening table. Exact index membership may differ because defaulter formatting and other exclusions are not consistently machine-readable.,False,True
FRCL,2025-12-02,,2025-12-02,official_full_screening_table,medium,review_2025_h1,Directly parsed compliant rows from official PSX screening table. Exact index membership may differ because defaulter formatting and other exclusions are not consistently machine-readable.,False,True
FRSM,2025-12-02,,2025-12-02,official_full_screening_table,medium,review_2025_h1,Directly parsed compliant rows from official PSX screening table. Exact index membership may differ because defaulter formatting and other exclusions are not consistently machine-readable.,False,True
FTMM,2025-12-02,,2025-12-02,official_full_screening_table,medium,review_2025_h1,Directly parsed compliant rows from official PSX screening table. Exact index membership may differ because defaulter formatting and other exclusions are not consistently machine-readable.,False,True
FTSM,2025-12-02,,2025-12-02,official_full_screening_table,medium,review_2025_h1,Directly parsed compliant rows from official PSX screening table. Exact index membership may differ because defaulter formatting and other exclusions are not consistently machine-readable.,False,True
FZCM,2025-12-02,,2025-12-02,official_full_screening_table,medium,review_2025_h1,Directly parsed compliant rows from official PSX screening table. Exact index membership may differ because defaulter formatting and other exclusions are not consistently machine-readable.,False,True
GAL,2025-12-02,,2025-12-02,official_full_screening_table,medium,review_2025_h1,Directly parsed compliant rows from official PSX screening table. Exact index membership may differ because defaulter formatting and other exclusions are not consistently machine-readable.,False,True
GAMON,2025-12-02,,2025-12-02,official_full_screening_table,medium,review_2025_h1,Directly parsed compliant rows from official PSX screening table. Exact index membership may differ because defaulter formatting and other exclusions are not consistently machine-readable.,False,True
GATI,2025-12-02,,2025-12-02,official_full_screening_table,medium,review_2025_h1,Directly parsed compliant rows from official PSX screening table. Exact index membership may differ because defaulter formatting and other exclusions are not consistently machine-readable.,False,True
GATM,2025-12-02,,2025-12-02,official_full_screening_table,medium,review_2025_h1,Directly parsed compliant rows from official PSX screening table. Exact index membership may differ because defaulter formatting and other exclusions are not consistently machine-readable.,False,True
GCIL,2025-12-02,,2025-12-02,official_full_screening_table,medium,review_2025_h1,Directly parsed compliant rows from official PSX screening table. Exact index membership may differ because defaulter formatting and other exclusions are not consistently machine-readable.,False,True
GCWL,2025-12-02,,2025-12-02,official_full_screening_table,medium,review_2025_h1,Directly parsed compliant rows from official PSX screening table. Exact index membership may differ because defaulter formatting and other exclusions are not consistently machine-readable.,False,True
GEMBCEM,2025-12-02,,2025-12-02,official_full_screening_table,medium,review_2025_h1,Directly parsed compliant rows from official PSX screening table. Exact index membership may differ because defaulter formatting and other exclusions are not consistently machine-readable.,False,True
GEMBLUEX,2025-12-02,,2025-12-02,official_full_screening_table,medium,review_2025_h1,Directly parsed compliant rows from official PSX screening table. Exact index membership may differ because defaulter formatting and other exclusions are not consistently machine-readable.,False,True
GEMMEL,2025-12-02,,2025-12-02,official_full_screening_table,medium,review_2025_h1,Directly parsed compliant rows from official PSX screening table. Exact index membership may differ because defaulter formatting and other exclusions are not consistently machine-readable.,False,True
GEMNETS,2025-12-02,,2025-12-02,official_full_screening_table,medium,review_2025_h1,Directly parsed compliant rows from official PSX screening table. Exact index membership may differ because defaulter formatting and other exclusions are not consistently machine-readable.,False,True
GEMPACRA,2025-12-02,,2025-12-02,official_full_screening_table,medium,review_2025_h1,Directly parsed compliant rows from official PSX screening table. Exact index membership may differ because defaulter formatting and other exclusions are not consistently machine-readable.,False,True
GEMPAPL,2025-12-02,,2025-12-02,official_full_screening_table,medium,review_2025_h1,Directly parsed compliant rows from official PSX screening table. Exact index membership may differ because defaulter formatting and other exclusions are not consistently machine-readable.,False,True
GEMSPNL,2025-12-02,,2025-12-02,official_full_screening_table,medium,review_2025_h1,Directly parsed compliant rows from official PSX screening table. Exact index membership may differ because defaulter formatting and other exclusions are not consistently machine-readable.,False,True
GFIL,2025-12-02,,2025-12-02,official_full_screening_table,medium,review_2025_h1,Directly parsed compliant rows from official PSX screening table. Exact index membership may differ because defaulter formatting and other exclusions are not consistently machine-readable.,False,True
GGGL,2025-12-02,,2025-12-02,official_full_screening_table,medium,review_2025_h1,Directly parsed compliant rows from official PSX screening table. Exact index membership may differ because defaulter formatting and other exclusions are not consistently machine-readable.,False,True
GGL,2025-12-02,,2025-12-02,official_full_screening_table,medium,review_2025_h1,Directly parsed compliant rows from official PSX screening table. Exact index membership may differ because defaulter formatting and other exclusions are not consistently machine-readable.,False,True
GHGL,2025-12-02,,2025-12-02,official_full_screening_table,medium,review_2025_h1,Directly parsed compliant rows from official PSX screening table. Exact index membership may differ because defaulter formatting and other exclusions are not consistently machine-readable.,False,True
GHNI,2025-12-02,,2025-12-02,official_full_screening_table,medium,review_2025_h1,Directly parsed compliant rows from official PSX screening table. Exact index membership may differ because defaulter formatting and other exclusions are not consistently machine-readable.,False,True
GIL,2025-12-02,,2025-12-02,official_full_screening_table,medium,review_2025_h1,Directly parsed compliant rows from official PSX screening table. Exact index membership may differ because defaulter formatting and other exclusions are not consistently machine-readable.,False,True
GLAXO,2025-12-02,,2025-12-02,official_full_screening_table,medium,review_2025_h1,Directly parsed compliant rows from official PSX screening table. Exact index membership may differ because defaulter formatting and other exclusions are not consistently machine-readable.,False,True
GLPL,2025-12-02,,2025-12-02,official_full_screening_table,medium,review_2025_h1,Directly parsed compliant rows from official PSX screening table. Exact index membership may differ because defaulter formatting and other exclusions are not consistently machine-readable.,False,True
GOC,2025-12-02,,2025-12-02,official_full_screening_table,medium,review_2025_h1,Directly parsed compliant rows from official PSX screening table. Exact index membership may differ because defaulter formatting and other exclusions are not consistently machine-readable.,False,True
GTYR,2025-12-02,,2025-12-02,official_full_screening_table,medium,review_2025_h1,Directly parsed compliant rows from official PSX screening table. Exact index membership may differ because defaulter formatting and other exclusions are not consistently machine-readable.,False,True
GVGL,2025-12-02,,2025-12-02,official_full_screening_table,medium,review_2025_h1,Directly parsed compliant rows from official PSX screening table. Exact index membership may differ because defaulter formatting and other exclusions are not consistently machine-readable.,False,True
GWLC,2025-12-02,,2025-12-02,official_full_screening_table,medium,review_2025_h1,Directly parsed compliant rows from official PSX screening table. Exact index membership may differ because defaulter formatting and other exclusions are not consistently machine-readable.,False,True
HABSM,2025-12-02,,2025-12-02,official_full_screening_table,medium,review_2025_h1,Directly parsed compliant rows from official PSX screening table. Exact index membership may differ because defaulter formatting and other exclusions are not consistently machine-readable.,False,True
HAEL,2025-12-02,,2025-12-02,official_full_screening_table,medium,review_2025_h1,Directly parsed compliant rows from official PSX screening table. Exact index membership may differ because defaulter formatting and other exclusions are not consistently machine-readable.,False,True
HAFL,2025-12-02,,2025-12-02,official_full_screening_table,medium,review_2025_h1,Directly parsed compliant rows from official PSX screening table. Exact index membership may differ because defaulter formatting and other exclusions are not consistently machine-readable.,False,True
HALEON,2025-12-02,,2025-12-02,official_full_screening_table,medium,review_2025_h1,Directly parsed compliant rows from official PSX screening table. Exact index membership may differ because defaulter formatting and other exclusions are not consistently machine-readable.,False,True
HATM,2025-12-02,,2025-12-02,official_full_screening_table,medium,review_2025_h1,Directly parsed compliant rows from official PSX screening table. Exact index membership may differ because defaulter formatting and other exclusions are not consistently machine-readable.,False,True
HCAR,2025-12-02,,2025-12-02,official_full_screening_table,medium,review_2025_h1,Directly parsed compliant rows from official PSX screening table. Exact index membership may differ because defaulter formatting and other exclusions are not consistently machine-readable.,False,True
HINO,2025-12-02,,2025-12-02,official_full_screening_table,medium,review_2025_h1,Directly parsed compliant rows from official PSX screening table. Exact index membership may differ because defaulter formatting and other exclusions are not consistently machine-readable.,False,True
HINOON,2025-12-02,,2025-12-02,official_full_screening_table,medium,review_2025_h1,Directly parsed compliant rows from official PSX screening table. Exact index membership may differ because defaulter formatting and other exclusions are not consistently machine-readable.,False,True
HPL,2025-12-02,,2025-12-02,official_full_screening_table,medium,review_2025_h1,Directly parsed compliant rows from official PSX screening table. Exact index membership may differ because defaulter formatting and other exclusions are not consistently machine-readable.,False,True
HRPL,2025-12-02,,2025-12-02,official_full_screening_table,medium,review_2025_h1,Directly parsed compliant rows from official PSX screening table. Exact index membership may differ because defaulter formatting and other exclusions are not consistently machine-readable.,False,True
HTL,2025-12-02,,2025-12-02,official_full_screening_table,medium,review_2025_h1,Directly parsed compliant rows from official PSX screening table. Exact index membership may differ because defaulter formatting and other exclusions are not consistently machine-readable.,False,True
HUBC,2025-12-02,,2025-12-02,official_full_screening_table,medium,review_2025_h1,Directly parsed compliant rows from official PSX screening table. Exact index membership may differ because defaulter formatting and other exclusions are not consistently machine-readable.,False,True
IBFL,2025-12-02,,2025-12-02,official_full_screening_table,medium,review_2025_h1,Directly parsed compliant rows from official PSX screening table. Exact index membership may differ because defaulter formatting and other exclusions are not consistently machine-readable.,False,True
IBLHL,2025-12-02,,2025-12-02,official_full_screening_table,medium,review_2025_h1,Directly parsed compliant rows from official PSX screening table. Exact index membership may differ because defaulter formatting and other exclusions are not consistently machine-readable.,False,True
ICCI,2025-12-02,,2025-12-02,official_full_screening_table,medium,review_2025_h1,Directly parsed compliant rows from official PSX screening table. Exact index membership may differ because defaulter formatting and other exclusions are not consistently machine-readable.,False,True
ICL,2025-12-02,,2025-12-02,official_full_screening_table,medium,review_2025_h1,Directly parsed compliant rows from official PSX screening table. Exact index membership may differ because defaulter formatting and other exclusions are not consistently machine-readable.,False,True
IDRT,2025-12-02,,2025-12-02,official_full_screening_table,medium,review_2025_h1,Directly parsed compliant rows from official PSX screening table. Exact index membership may differ because defaulter formatting and other exclusions are not consistently machine-readable.,False,True
IDSM,2025-12-02,,2025-12-02,official_full_screening_table,medium,review_2025_h1,Directly parsed compliant rows from official PSX screening table. Exact index membership may differ because defaulter formatting and other exclusions are not consistently machine-readable.,False,True
ILP,2025-12-02,,2025-12-02,official_full_screening_table,medium,review_2025_h1,Directly parsed compliant rows from official PSX screening table. Exact index membership may differ because defaulter formatting and other exclusions are not consistently machine-readable.,False,True
IMAGE,2025-12-02,,2025-12-02,official_full_screening_table,medium,review_2025_h1,Directly parsed compliant rows from official PSX screening table. Exact index membership may differ because defaulter formatting and other exclusions are not consistently machine-readable.,False,True
INIL,2025-12-02,,2025-12-02,official_full_screening_table,medium,review_2025_h1,Directly parsed compliant rows from official PSX screening table. Exact index membership may differ because defaulter formatting and other exclusions are not consistently machine-readable.,False,True
IPAK,2025-12-02,,2025-12-02,official_full_screening_table,medium,review_2025_h1,Directly parsed compliant rows from official PSX screening table. Exact index membership may differ because defaulter formatting and other exclusions are not consistently machine-readable.,False,True
IREIT,2025-12-02,,2025-12-02,official_full_screening_table,medium,review_2025_h1,Directly parsed compliant rows from official PSX screening table. Exact index membership may differ because defaulter formatting and other exclusions are not consistently machine-readable.,False,True
ISIL,2025-12-02,,2025-12-02,official_full_screening_table,medium,review_2025_h1,Directly parsed compliant rows from official PSX screening table. Exact index membership may differ because defaulter formatting and other exclusions are not consistently machine-readable.,False,True
ISL,2025-12-02,,2025-12-02,official_full_screening_table,medium,review_2025_h1,Directly parsed compliant rows from official PSX screening table. Exact index membership may differ because defaulter formatting and other exclusions are not consistently machine-readable.,False,True
ITANZ,2025-12-02,,2025-12-02,official_full_screening_table,medium,review_2025_h1,Directly parsed compliant rows from official PSX screening table. Exact index membership may differ because defaulter formatting and other exclusions are not consistently machine-readable.,False,True
ITTEFAQ,2025-12-02,,2025-12-02,official_full_screening_table,medium,review_2025_h1,Directly parsed compliant rows from official PSX screening table. Exact index membership may differ because defaulter formatting and other exclusions are not consistently machine-readable.,False,True
JATM,2025-12-02,,2025-12-02,official_full_screening_table,medium,review_2025_h1,Directly parsed compliant rows from official PSX screening table. Exact index membership may differ because defaulter formatting and other exclusions are not consistently machine-readable.,False,True
JDMT,2025-12-02,,2025-12-02,official_full_screening_table,medium,review_2025_h1,Directly parsed compliant rows from official PSX screening table. Exact index membership may differ because defaulter formatting and other exclusions are not consistently machine-readable.,False,True
JDWS,2025-12-02,,2025-12-02,official_full_screening_table,medium,review_2025_h1,Directly parsed compliant rows from official PSX screening table. Exact index membership may differ because defaulter formatting and other exclusions are not consistently machine-readable.,False,True
JKSM,2025-12-02,,2025-12-02,official_full_screening_table,medium,review_2025_h1,Directly parsed compliant rows from official PSX screening table. Exact index membership may differ because defaulter formatting and other exclusions are not consistently machine-readable.,False,True
JSML,2025-12-02,,2025-12-02,official_full_screening_table,medium,review_2025_h1,Directly parsed compliant rows from official PSX screening table. Exact index membership may differ because defaulter formatting and other exclusions are not consistently machine-readable.,False,True
JUBS,2025-12-02,,2025-12-02,official_full_screening_table,medium,review_2025_h1,Directly parsed compliant rows from official PSX screening table. Exact index membership may differ because defaulter formatting and other exclusions are not consistently machine-readable.,False,True
JVDC,2025-12-02,,2025-12-02,official_full_screening_table,medium,review_2025_h1,Directly parsed compliant rows from official PSX screening table. Exact index membership may differ because defaulter formatting and other exclusions are not consistently machine-readable.,False,True
KCL,2025-12-02,,2025-12-02,official_full_screening_table,medium,review_2025_h1,Directly parsed compliant rows from official PSX screening table. Exact index membership may differ because defaulter formatting and other exclusions are not consistently machine-readable.,False,True
KEL,2025-12-02,,2025-12-02,official_full_screening_table,medium,review_2025_h1,Directly parsed compliant rows from official PSX screening table. Exact index membership may differ because defaulter formatting and other exclusions are not consistently machine-readable.,False,True
KHYT,2025-12-02,,2025-12-02,official_full_screening_table,medium,review_2025_h1,Directly parsed compliant rows from official PSX screening table. Exact index membership may differ because defaulter formatting and other exclusions are not consistently machine-readable.,False,True
KML,2025-12-02,,2025-12-02,official_full_screening_table,medium,review_2025_h1,Directly parsed compliant rows from official PSX screening table. Exact index membership may differ because defaulter formatting and other exclusions are not consistently machine-readable.,False,True
KOHC,2025-12-02,,2025-12-02,official_full_screening_table,medium,review_2025_h1,Directly parsed compliant rows from official PSX screening table. Exact index membership may differ because defaulter formatting and other exclusions are not consistently machine-readable.,False,True
KOHE,2025-12-02,,2025-12-02,official_full_screening_table,medium,review_2025_h1,Directly parsed compliant rows from official PSX screening table. Exact index membership may differ because defaulter formatting and other exclusions are not consistently machine-readable.,False,True
KOHTM,2025-12-02,,2025-12-02,official_full_screening_table,medium,review_2025_h1,Directly parsed compliant rows from official PSX screening table. Exact index membership may differ because defaulter formatting and other exclusions are not consistently machine-readable.,False,True
KPUS,2025-12-02,,2025-12-02,official_full_screening_table,medium,review_2025_h1,Directly parsed compliant rows from official PSX screening table. Exact index membership may differ because defaulter formatting and other exclusions are not consistently machine-readable.,False,True
KSBP,2025-12-02,,2025-12-02,official_full_screening_table,medium,review_2025_h1,Directly parsed compliant rows from official PSX screening table. Exact index membership may differ because defaulter formatting and other exclusions are not consistently machine-readable.,False,True
KSTM,2025-12-02,,2025-12-02,official_full_screening_table,medium,review_2025_h1,Directly parsed compliant rows from official PSX screening table. Exact index membership may differ because defaulter formatting and other exclusions are not consistently machine-readable.,False,True
KTML,2025-12-02,,2025-12-02,official_full_screening_table,medium,review_2025_h1,Directly parsed compliant rows from official PSX screening table. Exact index membership may differ because defaulter formatting and other exclusions are not consistently machine-readable.,False,True
LCI,2025-12-02,,2025-12-02,official_full_screening_table,medium,review_2025_h1,Directly parsed compliant rows from official PSX screening table. Exact index membership may differ because defaulter formatting and other exclusions are not consistently machine-readable.,False,True
LEUL,2025-12-02,,2025-12-02,official_full_screening_table,medium,review_2025_h1,Directly parsed compliant rows from official PSX screening table. Exact index membership may differ because defaulter formatting and other exclusions are not consistently machine-readable.,False,True
LIVEN,2025-12-02,,2025-12-02,official_full_screening_table,medium,review_2025_h1,Directly parsed compliant rows from official PSX screening table. Exact index membership may differ because defaulter formatting and other exclusions are not consistently machine-readable.,False,True
LOADS,2025-12-02,,2025-12-02,official_full_screening_table,medium,review_2025_h1,Directly parsed compliant rows from official PSX screening table. Exact index membership may differ because defaulter formatting and other exclusions are not consistently machine-readable.,False,True
LOTCHEM,2025-12-02,,2025-12-02,official_full_screening_table,medium,review_2025_h1,Directly parsed compliant rows from official PSX screening table. Exact index membership may differ because defaulter formatting and other exclusions are not consistently machine-readable.,False,True
LPGL,2025-12-02,,2025-12-02,official_full_screening_table,medium,review_2025_h1,Directly parsed compliant rows from official PSX screening table. Exact index membership may differ because defaulter formatting and other exclusions are not consistently machine-readable.,False,True
LUCK,2025-12-02,,2025-12-02,official_full_screening_table,medium,review_2025_h1,Directly parsed compliant rows from official PSX screening table. Exact index membership may differ because defaulter formatting and other exclusions are not consistently machine-readable.,False,True
MACFL,2025-12-02,,2025-12-02,official_full_screening_table,medium,review_2025_h1,Directly parsed compliant rows from official PSX screening table. Exact index membership may differ because defaulter formatting and other exclusions are not consistently machine-readable.,False,True
MACTER,2025-12-02,,2025-12-02,official_full_screening_table,medium,review_2025_h1,Directly parsed compliant rows from official PSX screening table. Exact index membership may differ because defaulter formatting and other exclusions are not consistently machine-readable.,False,True
MARI,2025-12-02,,2025-12-02,official_full_screening_table,medium,review_2025_h1,Directly parsed compliant rows from official PSX screening table. Exact index membership may differ because defaulter formatting and other exclusions are not consistently machine-readable.,False,True
MEBL,2025-12-02,,2025-12-02,official_full_screening_table,medium,review_2025_h1,Directly parsed compliant rows from official PSX screening table. Exact index membership may differ because defaulter formatting and other exclusions are not consistently machine-readable.,False,True
MEHT,2025-12-02,,2025-12-02,official_full_screening_table,medium,review_2025_h1,Directly parsed compliant rows from official PSX screening table. Exact index membership may differ because defaulter formatting and other exclusions are not consistently machine-readable.,False,True
MERIT,2025-12-02,,2025-12-02,official_full_screening_table,medium,review_2025_h1,Directly parsed compliant rows from official PSX screening table. Exact index membership may differ because defaulter formatting and other exclusions are not consistently machine-readable.,False,True
MFFL,2025-12-02,,2025-12-02,official_full_screening_table,medium,review_2025_h1,Directly parsed compliant rows from official PSX screening table. Exact index membership may differ because defaulter formatting and other exclusions are not consistently machine-readable.,False,True
MFL,2025-12-02,,2025-12-02,official_full_screening_table,medium,review_2025_h1,Directly parsed compliant rows from official PSX screening table. Exact index membership may differ because defaulter formatting and other exclusions are not consistently machine-readable.,False,True
MIIETF,2025-12-02,,2025-12-02,official_full_screening_table,medium,review_2025_h1,Directly parsed compliant rows from official PSX screening table. Exact index membership may differ because defaulter formatting and other exclusions are not consistently machine-readable.,False,True
MLCF,2025-12-02,,2025-12-02,official_full_screening_table,medium,review_2025_h1,Directly parsed compliant rows from official PSX screening table. Exact index membership may differ because defaulter formatting and other exclusions are not consistently machine-readable.,False,True
MQTM,2025-12-02,,2025-12-02,official_full_screening_table,medium,review_2025_h1,Directly parsed compliant rows from official PSX screening table. Exact index membership may differ because defaulter formatting and other exclusions are not consistently machine-readable.,False,True
MSCL,2025-12-02,,2025-12-02,official_full_screening_table,medium,review_2025_h1,Directly parsed compliant rows from official PSX screening table. Exact index membership may differ because defaulter formatting and other exclusions are not consistently machine-readable.,False,True
MTL,2025-12-02,,2025-12-02,official_full_screening_table,medium,review_2025_h1,Directly parsed compliant rows from official PSX screening table. Exact index membership may differ because defaulter formatting and other exclusions are not consistently machine-readable.,False,True
MUBT,2025-12-02,,2025-12-02,official_full_screening_table,medium,review_2025_h1,Directly parsed compliant rows from official PSX screening table. Exact index membership may differ because defaulter formatting and other exclusions are not consistently machine-readable.,False,True
MUGHAL,2025-12-02,,2025-12-02,official_full_screening_table,medium,review_2025_h1,Directly parsed compliant rows from official PSX screening table. Exact index membership may differ because defaulter formatting and other exclusions are not consistently machine-readable.,False,True
MWMP,2025-12-02,,2025-12-02,official_full_screening_table,medium,review_2025_h1,Directly parsed compliant rows from official PSX screening table. Exact index membership may differ because defaulter formatting and other exclusions are not consistently machine-readable.,False,True
MZNPETF,2025-12-02,,2025-12-02,official_full_screening_table,medium,review_2025_h1,Directly parsed compliant rows from official PSX screening table. Exact index membership may differ because defaulter formatting and other exclusions are not consistently machine-readable.,False,True
NATF,2025-12-02,,2025-12-02,official_full_screening_table,medium,review_2025_h1,Directly parsed compliant rows from official PSX screening table. Exact index membership may differ because defaulter formatting and other exclusions are not consistently machine-readable.,False,True
NATM,2025-12-02,,2025-12-02,official_full_screening_table,medium,review_2025_h1,Directly parsed compliant rows from official PSX screening table. Exact index membership may differ because defaulter formatting and other exclusions are not consistently machine-readable.,False,True
NCML,2025-12-02,,2025-12-02,official_full_screening_table,medium,review_2025_h1,Directly parsed compliant rows from official PSX screening table. Exact index membership may differ because defaulter formatting and other exclusions are not consistently machine-readable.,False,True
NESTLE,2025-12-02,,2025-12-02,official_full_screening_table,medium,review_2025_h1,Directly parsed compliant rows from official PSX screening table. Exact index membership may differ because defaulter formatting and other exclusions are not consistently machine-readable.,False,True
NETSOL,2025-12-02,,2025-12-02,official_full_screening_table,medium,review_2025_h1,Directly parsed compliant rows from official PSX screening table. Exact index membership may differ because defaulter formatting and other exclusions are not consistently machine-readable.,False,True
NML,2025-12-02,,2025-12-02,official_full_screening_table,medium,review_2025_h1,Directly parsed compliant rows from official PSX screening table. Exact index membership may differ because defaulter formatting and other exclusions are not consistently machine-readable.,False,True
NRL,2025-12-02,,2025-12-02,official_full_screening_table,medium,review_2025_h1,Directly parsed compliant rows from official PSX screening table. Exact index membership may differ because defaulter formatting and other exclusions are not consistently machine-readable.,False,True
NRSL,2025-12-02,,2025-12-02,official_full_screening_table,medium,review_2025_h1,Directly parsed compliant rows from official PSX screening table. Exact index membership may differ because defaulter formatting and other exclusions are not consistently machine-readable.,False,True
NSRM,2025-12-02,,2025-12-02,official_full_screening_table,medium,review_2025_h1,Directly parsed compliant rows from official PSX screening table. Exact index membership may differ because defaulter formatting and other exclusions are not consistently machine-readable.,False,True
OBOY,2025-12-02,,2025-12-02,official_full_screening_table,medium,review_2025_h1,Directly parsed compliant rows from official PSX screening table. Exact index membership may differ because defaulter formatting and other exclusions are not consistently machine-readable.,False,True
OCTOPUS,2025-12-02,,2025-12-02,official_full_screening_table,medium,review_2025_h1,Directly parsed compliant rows from official PSX screening table. Exact index membership may differ because defaulter formatting and other exclusions are not consistently machine-readable.,False,True
OGDC,2025-12-02,,2025-12-02,official_full_screening_table,medium,review_2025_h1,Directly parsed compliant rows from official PSX screening table. Exact index membership may differ because defaulter formatting and other exclusions are not consistently machine-readable.,False,True
OLPM,2025-12-02,,2025-12-02,official_full_screening_table,medium,review_2025_h1,Directly parsed compliant rows from official PSX screening table. Exact index membership may differ because defaulter formatting and other exclusions are not consistently machine-readable.,False,True
OML,2025-12-02,,2025-12-02,official_full_screening_table,medium,review_2025_h1,Directly parsed compliant rows from official PSX screening table. Exact index membership may differ because defaulter formatting and other exclusions are not consistently machine-readable.,False,True
ORM,2025-12-02,,2025-12-02,official_full_screening_table,medium,review_2025_h1,Directly parsed compliant rows from official PSX screening table. Exact index membership may differ because defaulter formatting and other exclusions are not consistently machine-readable.,False,True
PAEL,2025-12-02,,2025-12-02,official_full_screening_table,medium,review_2025_h1,Directly parsed compliant rows from official PSX screening table. Exact index membership may differ because defaulter formatting and other exclusions are not consistently machine-readable.,False,True
PAKD,2025-12-02,,2025-12-02,official_full_screening_table,medium,review_2025_h1,Directly parsed compliant rows from official PSX screening table. Exact index membership may differ because defaulter formatting and other exclusions are not consistently machine-readable.,False,True
PAKOXY,2025-12-02,,2025-12-02,official_full_screening_table,medium,review_2025_h1,Directly parsed compliant rows from official PSX screening table. Exact index membership may differ because defaulter formatting and other exclusions are not consistently machine-readable.,False,True
PIBTL,2025-12-02,,2025-12-02,official_full_screening_table,medium,review_2025_h1,Directly parsed compliant rows from official PSX screening table. Exact index membership may differ because defaulter formatting and other exclusions are not consistently machine-readable.,False,True
PIM,2025-12-02,,2025-12-02,official_full_screening_table,medium,review_2025_h1,Directly parsed compliant rows from official PSX screening table. Exact index membership may differ because defaulter formatting and other exclusions are not consistently machine-readable.,False,True
PIOC,2025-12-02,,2025-12-02,official_full_screening_table,medium,review_2025_h1,Directly parsed compliant rows from official PSX screening table. Exact index membership may differ because defaulter formatting and other exclusions are not consistently machine-readable.,False,True
PKGS,2025-12-02,,2025-12-02,official_full_screening_table,medium,review_2025_h1,Directly parsed compliant rows from official PSX screening table. Exact index membership may differ because defaulter formatting and other exclusions are not consistently machine-readable.,False,True
POML,2025-12-02,,2025-12-02,official_full_screening_table,medium,review_2025_h1,Directly parsed compliant rows from official PSX screening table. Exact index membership may differ because defaulter formatting and other exclusions are not consistently machine-readable.,False,True
POWER,2025-12-02,,2025-12-02,official_full_screening_table,medium,review_2025_h1,Directly parsed compliant rows from official PSX screening table. Exact index membership may differ because defaulter formatting and other exclusions are not consistently machine-readable.,False,True
PPL,2025-12-02,,2025-12-02,official_full_screening_table,medium,review_2025_h1,Directly parsed compliant rows from official PSX screening table. Exact index membership may differ because defaulter formatting and other exclusions are not consistently machine-readable.,False,True
PPP,2025-12-02,,2025-12-02,official_full_screening_table,medium,review_2025_h1,Directly parsed compliant rows from official PSX screening table. Exact index membership may differ because defaulter formatting and other exclusions are not consistently machine-readable.,False,True
PREMA,2025-12-02,,2025-12-02,official_full_screening_table,medium,review_2025_h1,Directly parsed compliant rows from official PSX screening table. Exact index membership may differ because defaulter formatting and other exclusions are not consistently machine-readable.,False,True
PRL,2025-12-02,,2025-12-02,official_full_screening_table,medium,review_2025_h1,Directly parsed compliant rows from official PSX screening table. Exact index membership may differ because defaulter formatting and other exclusions are not consistently machine-readable.,False,True
PSEL,2025-12-02,,2025-12-02,official_full_screening_table,medium,review_2025_h1,Directly parsed compliant rows from official PSX screening table. Exact index membership may differ because defaulter formatting and other exclusions are not consistently machine-readable.,False,True
PSO,2025-12-02,,2025-12-02,official_full_screening_table,medium,review_2025_h1,Directly parsed compliant rows from official PSX screening table. Exact index membership may differ because defaulter formatting and other exclusions are not consistently machine-readable.,False,True
PSYL,2025-12-02,,2025-12-02,official_full_screening_table,medium,review_2025_h1,Directly parsed compliant rows from official PSX screening table. Exact index membership may differ because defaulter formatting and other exclusions are not consistently machine-readable.,False,True
PTL,2025-12-02,,2025-12-02,official_full_screening_table,medium,review_2025_h1,Directly parsed compliant rows from official PSX screening table. Exact index membership may differ because defaulter formatting and other exclusions are not consistently machine-readable.,False,True
QUET,2025-12-02,,2025-12-02,official_full_screening_table,medium,review_2025_h1,Directly parsed compliant rows from official PSX screening table. Exact index membership may differ because defaulter formatting and other exclusions are not consistently machine-readable.,False,True
QUICE,2025-12-02,,2025-12-02,official_full_screening_table,medium,review_2025_h1,Directly parsed compliant rows from official PSX screening table. Exact index membership may differ because defaulter formatting and other exclusions are not consistently machine-readable.,False,True
RCML,2025-12-02,,2025-12-02,official_full_screening_table,medium,review_2025_h1,Directly parsed compliant rows from official PSX screening table. Exact index membership may differ because defaulter formatting and other exclusions are not consistently machine-readable.,False,True
REDCO,2025-12-02,,2025-12-02,official_full_screening_table,medium,review_2025_h1,Directly parsed compliant rows from official PSX screening table. Exact index membership may differ because defaulter formatting and other exclusions are not consistently machine-readable.,False,True
REWM,2025-12-02,,2025-12-02,official_full_screening_table,medium,review_2025_h1,Directly parsed compliant rows from official PSX screening table. Exact index membership may differ because defaulter formatting and other exclusions are not consistently machine-readable.,False,True
RMPL,2025-12-02,,2025-12-02,official_full_screening_table,medium,review_2025_h1,Directly parsed compliant rows from official PSX screening table. Exact index membership may differ because defaulter formatting and other exclusions are not consistently machine-readable.,False,True
RPL,2025-12-02,,2025-12-02,official_full_screening_table,medium,review_2025_h1,Directly parsed compliant rows from official PSX screening table. Exact index membership may differ because defaulter formatting and other exclusions are not consistently machine-readable.,False,True
RUBY,2025-12-02,,2025-12-02,official_full_screening_table,medium,review_2025_h1,Directly parsed compliant rows from official PSX screening table. Exact index membership may differ because defaulter formatting and other exclusions are not consistently machine-readable.,False,True
RUPL,2025-12-02,,2025-12-02,official_full_screening_table,medium,review_2025_h1,Directly parsed compliant rows from official PSX screening table. Exact index membership may differ because defaulter formatting and other exclusions are not consistently machine-readable.,False,True
SAIF,2025-12-02,,2025-12-02,official_full_screening_table,medium,review_2025_h1,Directly parsed compliant rows from official PSX screening table. Exact index membership may differ because defaulter formatting and other exclusions are not consistently machine-readable.,False,True
SANSM,2025-12-02,,2025-12-02,official_full_screening_table,medium,review_2025_h1,Directly parsed compliant rows from official PSX screening table. Exact index membership may differ because defaulter formatting and other exclusions are not consistently machine-readable.,False,True
SAPT,2025-12-02,,2025-12-02,official_full_screening_table,medium,review_2025_h1,Directly parsed compliant rows from official PSX screening table. Exact index membership may differ because defaulter formatting and other exclusions are not consistently machine-readable.,False,True
SARC,2025-12-02,,2025-12-02,official_full_screening_table,medium,review_2025_h1,Directly parsed compliant rows from official PSX screening table. Exact index membership may differ because defaulter formatting and other exclusions are not consistently machine-readable.,False,True
SAZEW,2025-12-02,,2025-12-02,official_full_screening_table,medium,review_2025_h1,Directly parsed compliant rows from official PSX screening table. Exact index membership may differ because defaulter formatting and other exclusions are not consistently machine-readable.,False,True
SCL,2025-12-02,,2025-12-02,official_full_screening_table,medium,review_2025_h1,Directly parsed compliant rows from official PSX screening table. Exact index membership may differ because defaulter formatting and other exclusions are not consistently machine-readable.,False,True
SEARL,2025-12-02,,2025-12-02,official_full_screening_table,medium,review_2025_h1,Directly parsed compliant rows from official PSX screening table. Exact index membership may differ because defaulter formatting and other exclusions are not consistently machine-readable.,False,True
SEL,2025-12-02,,2025-12-02,official_full_screening_table,medium,review_2025_h1,Directly parsed compliant rows from official PSX screening table. Exact index membership may differ because defaulter formatting and other exclusions are not consistently machine-readable.,False,True
SERT,2025-12-02,,2025-12-02,official_full_screening_table,medium,review_2025_h1,Directly parsed compliant rows from official PSX screening table. Exact index membership may differ because defaulter formatting and other exclusions are not consistently machine-readable.,False,True
SGF,2025-12-02,,2025-12-02,official_full_screening_table,medium,review_2025_h1,Directly parsed compliant rows from official PSX screening table. Exact index membership may differ because defaulter formatting and other exclusions are not consistently machine-readable.,False,True
SGPL,2025-12-02,,2025-12-02,official_full_screening_table,medium,review_2025_h1,Directly parsed compliant rows from official PSX screening table. Exact index membership may differ because defaulter formatting and other exclusions are not consistently machine-readable.,False,True
SHCM,2025-12-02,,2025-12-02,official_full_screening_table,medium,review_2025_h1,Directly parsed compliant rows from official PSX screening table. Exact index membership may differ because defaulter formatting and other exclusions are not consistently machine-readable.,False,True
SHDT,2025-12-02,,2025-12-02,official_full_screening_table,medium,review_2025_h1,Directly parsed compliant rows from official PSX screening table. Exact index membership may differ because defaulter formatting and other exclusions are not consistently machine-readable.,False,True
SHEZ,2025-12-02,,2025-12-02,official_full_screening_table,medium,review_2025_h1,Directly parsed compliant rows from official PSX screening table. Exact index membership may differ because defaulter formatting and other exclusions are not consistently machine-readable.,False,True
SHFA,2025-12-02,,2025-12-02,official_full_screening_table,medium,review_2025_h1,Directly parsed compliant rows from official PSX screening table. Exact index membership may differ because defaulter formatting and other exclusions are not consistently machine-readable.,False,True
SHSML,2025-12-02,,2025-12-02,official_full_screening_table,medium,review_2025_h1,Directly parsed compliant rows from official PSX screening table. Exact index membership may differ because defaulter formatting and other exclusions are not consistently machine-readable.,False,True
SIEM,2025-12-02,,2025-12-02,official_full_screening_table,medium,review_2025_h1,Directly parsed compliant rows from official PSX screening table. Exact index membership may differ because defaulter formatting and other exclusions are not consistently machine-readable.,False,True
SINDM,2025-12-02,,2025-12-02,official_full_screening_table,medium,review_2025_h1,Directly parsed compliant rows from official PSX screening table. Exact index membership may differ because defaulter formatting and other exclusions are not consistently machine-readable.,False,True
SITC,2025-12-02,,2025-12-02,official_full_screening_table,medium,review_2025_h1,Directly parsed compliant rows from official PSX screening table. Exact index membership may differ because defaulter formatting and other exclusions are not consistently machine-readable.,False,True
SKRS,2025-12-02,,2025-12-02,official_full_screening_table,medium,review_2025_h1,Directly parsed compliant rows from official PSX screening table. Exact index membership may differ because defaulter formatting and other exclusions are not consistently machine-readable.,False,True
SLGL,2025-12-02,,2025-12-02,official_full_screening_table,medium,review_2025_h1,Directly parsed compliant rows from official PSX screening table. Exact index membership may differ because defaulter formatting and other exclusions are not consistently machine-readable.,False,True
SMCPL,2025-12-02,,2025-12-02,official_full_screening_table,medium,review_2025_h1,Directly parsed compliant rows from official PSX screening table. Exact index membership may differ because defaulter formatting and other exclusions are not consistently machine-readable.,False,True
SML,2025-12-02,,2025-12-02,official_full_screening_table,medium,review_2025_h1,Directly parsed compliant rows from official PSX screening table. Exact index membership may differ because defaulter formatting and other exclusions are not consistently machine-readable.,False,True
SNAI,2025-12-02,,2025-12-02,official_full_screening_table,medium,review_2025_h1,Directly parsed compliant rows from official PSX screening table. Exact index membership may differ because defaulter formatting and other exclusions are not consistently machine-readable.,False,True
SNGP,2025-12-02,,2025-12-02,official_full_screening_table,medium,review_2025_h1,Directly parsed compliant rows from official PSX screening table. Exact index membership may differ because defaulter formatting and other exclusions are not consistently machine-readable.,False,True
SPEL,2025-12-02,,2025-12-02,official_full_screening_table,medium,review_2025_h1,Directly parsed compliant rows from official PSX screening table. Exact index membership may differ because defaulter formatting and other exclusions are not consistently machine-readable.,False,True
SPL,2025-12-02,,2025-12-02,official_full_screening_table,medium,review_2025_h1,Directly parsed compliant rows from official PSX screening table. Exact index membership may differ because defaulter formatting and other exclusions are not consistently machine-readable.,False,True
SPWL,2025-12-02,,2025-12-02,official_full_screening_table,medium,review_2025_h1,Directly parsed compliant rows from official PSX screening table. Exact index membership may differ because defaulter formatting and other exclusions are not consistently machine-readable.,False,True
SSGC,2025-12-02,,2025-12-02,official_full_screening_table,medium,review_2025_h1,Directly parsed compliant rows from official PSX screening table. Exact index membership may differ because defaulter formatting and other exclusions are not consistently machine-readable.,False,True
SSML,2025-12-02,,2025-12-02,official_full_screening_table,medium,review_2025_h1,Directly parsed compliant rows from official PSX screening table. Exact index membership may differ because defaulter formatting and other exclusions are not consistently machine-readable.,False,True
SSOM,2025-12-02,,2025-12-02,official_full_screening_table,medium,review_2025_h1,Directly parsed compliant rows from official PSX screening table. Exact index membership may differ because defaulter formatting and other exclusions are not consistently machine-readable.,False,True
STCL,2025-12-02,,2025-12-02,official_full_screening_table,medium,review_2025_h1,Directly parsed compliant rows from official PSX screening table. Exact index membership may differ because defaulter formatting and other exclusions are not consistently machine-readable.,False,True
STJT,2025-12-02,,2025-12-02,official_full_screening_table,medium,review_2025_h1,Directly parsed compliant rows from official PSX screening table. Exact index membership may differ because defaulter formatting and other exclusions are not consistently machine-readable.,False,True
STL,2025-12-02,,2025-12-02,official_full_screening_table,medium,review_2025_h1,Directly parsed compliant rows from official PSX screening table. Exact index membership may differ because defaulter formatting and other exclusions are not consistently machine-readable.,False,True
STML,2025-12-02,,2025-12-02,official_full_screening_table,medium,review_2025_h1,Directly parsed compliant rows from official PSX screening table. Exact index membership may differ because defaulter formatting and other exclusions are not consistently machine-readable.,False,True
STYLERS,2025-12-02,,2025-12-02,official_full_screening_table,medium,review_2025_h1,Directly parsed compliant rows from official PSX screening table. Exact index membership may differ because defaulter formatting and other exclusions are not consistently machine-readable.,False,True
SUHJ,2025-12-02,,2025-12-02,official_full_screening_table,medium,review_2025_h1,Directly parsed compliant rows from official PSX screening table. Exact index membership may differ because defaulter formatting and other exclusions are not consistently machine-readable.,False,True
SURC,2025-12-02,,2025-12-02,official_full_screening_table,medium,review_2025_h1,Directly parsed compliant rows from official PSX screening table. Exact index membership may differ because defaulter formatting and other exclusions are not consistently machine-readable.,False,True
SWL,2025-12-02,,2025-12-02,official_full_screening_table,medium,review_2025_h1,Directly parsed compliant rows from official PSX screening table. Exact index membership may differ because defaulter formatting and other exclusions are not consistently machine-readable.,False,True
SYM,2025-12-02,,2025-12-02,official_full_screening_table,medium,review_2025_h1,Directly parsed compliant rows from official PSX screening table. Exact index membership may differ because defaulter formatting and other exclusions are not consistently machine-readable.,False,True
SYS,2025-12-02,,2025-12-02,official_full_screening_table,medium,review_2025_h1,Directly parsed compliant rows from official PSX screening table. Exact index membership may differ because defaulter formatting and other exclusions are not consistently machine-readable.,False,True
SZTM,2025-12-02,,2025-12-02,official_full_screening_table,medium,review_2025_h1,Directly parsed compliant rows from official PSX screening table. Exact index membership may differ because defaulter formatting and other exclusions are not consistently machine-readable.,False,True
TATM,2025-12-02,,2025-12-02,official_full_screening_table,medium,review_2025_h1,Directly parsed compliant rows from official PSX screening table. Exact index membership may differ because defaulter formatting and other exclusions are not consistently machine-readable.,False,True
TBL,2025-12-02,,2025-12-02,official_full_screening_table,medium,review_2025_h1,Directly parsed compliant rows from official PSX screening table. Exact index membership may differ because defaulter formatting and other exclusions are not consistently machine-readable.,False,True
TCORP,2025-12-02,,2025-12-02,official_full_screening_table,medium,review_2025_h1,Directly parsed compliant rows from official PSX screening table. Exact index membership may differ because defaulter formatting and other exclusions are not consistently machine-readable.,False,True
TELE,2025-12-02,,2025-12-02,official_full_screening_table,medium,review_2025_h1,Directly parsed compliant rows from official PSX screening table. Exact index membership may differ because defaulter formatting and other exclusions are not consistently machine-readable.,False,True
TGL,2025-12-02,,2025-12-02,official_full_screening_table,medium,review_2025_h1,Directly parsed compliant rows from official PSX screening table. Exact index membership may differ because defaulter formatting and other exclusions are not consistently machine-readable.,False,True
TICL,2025-12-02,,2025-12-02,official_full_screening_table,medium,review_2025_h1,Directly parsed compliant rows from official PSX screening table. Exact index membership may differ because defaulter formatting and other exclusions are not consistently machine-readable.,False,True
TOMCL,2025-12-02,,2025-12-02,official_full_screening_table,medium,review_2025_h1,Directly parsed compliant rows from official PSX screening table. Exact index membership may differ because defaulter formatting and other exclusions are not consistently machine-readable.,False,True
TOWL,2025-12-02,,2025-12-02,official_full_screening_table,medium,review_2025_h1,Directly parsed compliant rows from official PSX screening table. Exact index membership may differ because defaulter formatting and other exclusions are not consistently machine-readable.,False,True
TPLP,2025-12-02,,2025-12-02,official_full_screening_table,medium,review_2025_h1,Directly parsed compliant rows from official PSX screening table. Exact index membership may differ because defaulter formatting and other exclusions are not consistently machine-readable.,False,True
TPLRF1,2025-12-02,,2025-12-02,official_full_screening_table,medium,review_2025_h1,Directly parsed compliant rows from official PSX screening table. Exact index membership may differ because defaulter formatting and other exclusions are not consistently machine-readable.,False,True
TPLT,2025-12-02,,2025-12-02,official_full_screening_table,medium,review_2025_h1,Directly parsed compliant rows from official PSX screening table. Exact index membership may differ because defaulter formatting and other exclusions are not consistently machine-readable.,False,True
TREET,2025-12-02,,2025-12-02,official_full_screening_table,medium,review_2025_h1,Directly parsed compliant rows from official PSX screening table. Exact index membership may differ because defaulter formatting and other exclusions are not consistently machine-readable.,False,True
TRSM,2025-12-02,,2025-12-02,official_full_screening_table,medium,review_2025_h1,Directly parsed compliant rows from official PSX screening table. Exact index membership may differ because defaulter formatting and other exclusions are not consistently machine-readable.,False,True
UBDL,2025-12-02,,2025-12-02,official_full_screening_table,medium,review_2025_h1,Directly parsed compliant rows from official PSX screening table. Exact index membership may differ because defaulter formatting and other exclusions are not consistently machine-readable.,False,True
UCAPM,2025-12-02,,2025-12-02,official_full_screening_table,medium,review_2025_h1,Directly parsed compliant rows from official PSX screening table. Exact index membership may differ because defaulter formatting and other exclusions are not consistently machine-readable.,False,True
UDLI,2025-12-02,,2025-12-02,official_full_screening_table,medium,review_2025_h1,Directly parsed compliant rows from official PSX screening table. Exact index membership may differ because defaulter formatting and other exclusions are not consistently machine-readable.,False,True
UDPL,2025-12-02,,2025-12-02,official_full_screening_table,medium,review_2025_h1,Directly parsed compliant rows from official PSX screening table. Exact index membership may differ because defaulter formatting and other exclusions are not consistently machine-readable.,False,True
UPFL,2025-12-02,,2025-12-02,official_full_screening_table,medium,review_2025_h1,Directly parsed compliant rows from official PSX screening table. Exact index membership may differ because defaulter formatting and other exclusions are not consistently machine-readable.,False,True
WAFI,2025-12-02,,2025-12-02,official_full_screening_table,medium,review_2025_h1,Directly parsed compliant rows from official PSX screening table. Exact index membership may differ because defaulter formatting and other exclusions are not consistently machine-readable.,False,True
WAHN,2025-12-02,,2025-12-02,official_full_screening_table,medium,review_2025_h1,Directly parsed compliant rows from official PSX screening table. Exact index membership may differ because defaulter formatting and other exclusions are not consistently machine-readable.,False,True
WASL,2025-12-02,,2025-12-02,official_full_screening_table,medium,review_2025_h1,Directly parsed compliant rows from official PSX screening table. Exact index membership may differ because defaulter formatting and other exclusions are not consistently machine-readable.,False,True
WAVES,2025-12-02,,2025-12-02,official_full_screening_table,medium,review_2025_h1,Directly parsed compliant rows from official PSX screening table. Exact index membership may differ because defaulter formatting and other exclusions are not consistently machine-readable.,False,True
YOUW,2025-12-02,,2025-12-02,official_full_screening_table,medium,review_2025_h1,Directly parsed compliant rows from official PSX screening table. Exact index membership may differ because defaulter formatting and other exclusions are not consistently machine-readable.,False,True
ZAHID,2025-12-02,,2025-12-02,official_full_screening_table,medium,review_2025_h1,Directly parsed compliant rows from official PSX screening table. Exact index membership may differ because defaulter formatting and other exclusions are not consistently machine-readable.,False,True
ZAL,2025-12-02,,2025-12-02,official_full_screening_table,medium,review_2025_h1,Directly parsed compliant rows from official PSX screening table. Exact index membership may differ because defaulter formatting and other exclusions are not consistently machine-readable.,False,True
ZIL,2025-12-02,,2025-12-02,official_full_screening_table,medium,review_2025_h1,Directly parsed compliant rows from official PSX screening table. Exact index membership may differ because defaulter formatting and other exclusions are not consistently machine-readable.,False,True
ZTL,2025-12-02,,2025-12-02,official_full_screening_table,medium,review_2025_h1,Directly parsed compliant rows from official PSX screening table. Exact index membership may differ because defaulter formatting and other exclusions are not consistently machine-readable.,False,True
